time,latitude,longitude,depth,mag,magType,status,place
2000-01-03 18:01:26.370000+00:00,41.01,143.17,33.0,4.7,mb,reviewed,"151 km ENE of Hachinohe, Japan"
2000-01-06 08:33:43.810000+00:00,42.944,145.447,33.0,4.5,mb,reviewed,"43 km SSW of Nemuro, Japan"
2000-01-09 04:02:23.680000+00:00,37.28,141.515,56.0,5.4,mwc,reviewed,"50 km ESE of Namie, Japan"
2000-01-12 02:09:47.070000+00:00,36.389,140.626,68.6,4.9,mb,reviewed,"8 km E of Hitachi-Naka, Japan"
2000-01-14 14:26:13.480000+00:00,40.72,143.745,33.0,4.8,mb,reviewed,"191 km E of Hachinohe, Japan"
2000-01-15 23:50:34.170000+00:00,40.713,143.84,33.0,4.6,mb,reviewed,"199 km E of Hachinohe, Japan"
2000-01-18 15:00:12.170000+00:00,31.919,140.98,33.0,4.8,mb,reviewed,"Izu Islands, Japan region"
2000-01-20 16:01:48.670000+00:00,39.447,144.422,33.0,4.6,mb,reviewed,"212 km E of Yamada, Japan"
2000-01-21 21:47:52.240000+00:00,34.83,140.59,88.6,4.6,mb,reviewed,"43 km SE of Katsuura, Japan"
2000-01-23 07:40:04.900000+00:00,30.239,130.768,42.9,5.5,mwc,reviewed,"20 km SE of Koseda, Japan"
2000-01-24 12:50:29.500000+00:00,37.258,141.338,33.0,4.7,mb,reviewed,"39 km SE of Namie, Japan"
2000-01-27 10:10:57.250000+00:00,31.678,141.686,33.0,5.3,mwc,reviewed,"Izu Islands, Japan region"
2000-01-28 11:28:32.020000+00:00,36.652,140.902,44.4,4.8,mb,reviewed,"18 km ESE of Takahagi, Japan"
2000-02-07 16:41:04.580000+00:00,31.037,141.694,33.0,5.4,mwc,reviewed,"Izu Islands, Japan region"
2000-02-09 20:34:23.680000+00:00,36.672,142.65,33.0,4.6,mb,reviewed,"163 km ESE of Iwaki, Japan"
2000-02-11 07:08:38.870000+00:00,39.047,140.781,33.0,5.1,mb,reviewed,"eastern Honshu, Japan"
2000-02-13 04:33:12.830000+00:00,39.978,143.107,33.0,4.9,mb,reviewed,"106 km ENE of Miyako, Japan"
2000-02-14 20:22:23.660000+00:00,31.04,141.622,33.0,5.3,mwc,reviewed,"Izu Islands, Japan region"
2000-02-16 11:52:13.390000+00:00,37.269,145.178,33.0,5.4,mwc,reviewed,"off the east coast of Honshu, Japan"
2000-02-19 13:33:10.150000+00:00,42.359,142.967,62.1,4.7,mb,reviewed,"49 km E of Shizunai-furukawach?, Japan"
2000-02-20 13:58:44.860000+00:00,42.716,143.953,56.6,4.8,mb,reviewed,"44 km SW of Kushiro, Japan"
2000-02-22 23:54:55.320000+00:00,31.397,140.723,104.3,4.7,mb,reviewed,"Izu Islands, Japan region"
2000-03-17 06:27:12.790000+00:00,30.869,138.224,404.6,4.6,mb,reviewed,"Izu Islands, Japan region"
2000-03-19 21:26:02.380000+00:00,37.989,141.336,80.1,5.3,mwc,reviewed,"42 km E of Watari, Japan"
2000-03-21 04:32:34.400000+00:00,31.871,142.54,33.0,5.4,mwc,reviewed,"Izu Islands, Japan region"
2000-03-25 13:29:51.700000+00:00,31.673,142.406,33.0,4.6,mb,reviewed,"Izu Islands, Japan region"
2000-03-30 00:12:45.750000+00:00,42.576,140.718,10.0,4.9,mb,reviewed,"17 km NW of Date, Japan"
2000-03-31 18:12:24.890000+00:00,42.569,140.785,33.0,5.0,mb,reviewed,"13 km NNW of Date, Japan"
2000-04-02 12:25:31.530000+00:00,32.477,130.956,151.9,4.8,mb,reviewed,"33 km SE of Matsubase, Japan"
2000-04-07 11:02:55.440000+00:00,30.547,138.482,392.2,4.5,mb,reviewed,"Izu Islands, Japan region"
2000-04-09 21:30:40.180000+00:00,36.184,139.86,79.6,4.9,mb,reviewed,"10 km NNE of Sakai, Japan"
2000-04-11 02:31:50.930000+00:00,33.89,134.926,33.0,4.5,mb,reviewed,"22 km W of Gob?, Japan"
2000-04-12 21:51:31.110000+00:00,40.131,142.291,33.0,5.1,mwc,reviewed,"near the east coast of Honshu, Japan"
2000-04-14 17:41:10.110000+00:00,33.656,135.308,35.3,5.1,mwc,reviewed,"10 km SSW of Tanabe, Japan"
2000-04-18 03:25:40.690000+00:00,41.628,138.995,218.2,4.5,mb,reviewed,"138 km W of Kamiiso, Japan"
2000-04-21 11:06:16.020000+00:00,35.667,135.486,346.5,5.5,mwc,reviewed,"27 km NNE of Maizuru, Japan"
2000-04-23 17:42:39.880000+00:00,36.602,141.135,52.7,4.6,ms,reviewed,"39 km ESE of Takahagi, Japan"
2000-04-26 12:55:04.020000+00:00,40.178,143.236,33.0,5.6,mwc,reviewed,"125 km ENE of Miyako, Japan"
2000-04-27 05:38:27.160000+00:00,42.345,140.826,127.6,4.7,mb,reviewed,"13 km WNW of Muroran, Japan"
2000-04-30 12:39:47.040000+00:00,40.434,143.738,10.0,5.4,mwc,reviewed,"176 km ENE of Miyako, Japan"
2000-05-01 20:45:12.840000+00:00,40.274,143.245,33.0,5.2,mwc,reviewed,"131 km ENE of Miyako, Japan"
2000-05-08 09:45:44.810000+00:00,36.306,140.985,43.8,4.7,mb,reviewed,"36 km E of ?arai, Japan"
2000-05-15 09:43:36.460000+00:00,45.68,142.16,33.0,4.8,mb,reviewed,"43 km NE of Makubetsu, Japan"
2000-05-16 10:40:25.240000+00:00,36.427,140.605,63.4,4.8,mb,reviewed,"5 km SE of Funaishikawa, Japan"
2000-05-18 19:56:41.670000+00:00,33.672,141.165,54.2,4.5,mb,reviewed,"181 km SSE of Katsuura, Japan"
2000-05-21 01:42:35.880000+00:00,35.045,135.738,33.0,4.5,mb,reviewed,"2 km NW of Kamigy?-ku, Japan"
2000-05-24 10:23:58.430000+00:00,41.519,142.429,33.0,4.7,mb,reviewed,"90 km S of Shizunai-furukawach?, Japan"
2000-05-29 06:48:03.800000+00:00,33.401,142.468,33.0,4.7,mb,reviewed,"277 km SE of Katsuura, Japan"
2000-05-30 14:27:47.580000+00:00,37.083,141.198,49.3,4.5,mb,reviewed,"28 km E of Iwaki, Japan"
2000-06-02 06:05:53.720000+00:00,33.985,135.46,57.8,4.7,mb,reviewed,"29 km ENE of Gob?, Japan"
2000-06-03 08:54:49.200000+00:00,35.552,140.464,62.3,6.2,mwc,reviewed,"6 km SE of Narut?, Japan"
2000-06-04 11:39:59.970000+00:00,37.992,141.696,64.6,4.8,mb,reviewed,"58 km SE of Ishinomaki, Japan"
2000-06-06 21:16:42.400000+00:00,36.829,135.464,10.0,5.9,mwc,reviewed,Sea of Japan
2000-06-08 00:32:46.500000+00:00,32.679,130.682,21.5,5.0,mb,reviewed,"1 km ESE of Uto, Japan"
2000-06-09 23:31:45.290000+00:00,30.491,137.73,485.3,6.3,mwb,reviewed,"Izu Islands, Japan region"
2000-06-12 16:54:13.050000+00:00,42.947,144.616,50.9,4.9,mb,reviewed,"19 km E of Kushiro, Japan"
2000-06-16 07:35:44.130000+00:00,41.482,140.853,143.5,4.5,mb,reviewed,"34 km SSE of Hakodate, Japan"
2000-06-20 15:26:27.780000+00:00,30.693,141.45,33.0,4.7,mb,reviewed,"Izu Islands, Japan region"
2000-06-22 11:36:29.410000+00:00,36.75,135.48,26.8,4.7,mb,reviewed,"84 km NW of Mikuni, Japan"
2000-06-25 06:34:42.880000+00:00,31.183,131.206,10.0,6.0,mwc,reviewed,"33 km S of Kushima, Japan"
2000-06-27 06:11:00.460000+00:00,33.994,139.564,10.0,4.8,mb,reviewed,"94 km SE of Shimoda, Japan"
2000-06-27 09:59:44.650000+00:00,33.905,139.386,10.0,4.7,mb,reviewed,"94 km SSE of Shimoda, Japan"
2000-06-29 06:30:22.090000+00:00,34.027,139.359,10.0,5.6,mwc,reviewed,"81 km SSE of Shimoda, Japan"
2000-06-29 09:53:28.100000+00:00,34.324,140.221,10.0,5.0,mb,reviewed,"80 km SSE of Tateyama, Japan"
2000-07-01 07:01:55.580000+00:00,34.221,139.131,10.0,6.1,mwc,reviewed,"53 km SSE of Shimoda, Japan"
2000-07-01 23:28:27.320000+00:00,34.244,139.181,10.0,4.9,mb,reviewed,"52 km SSE of Shimoda, Japan"
2000-07-02 20:03:34.800000+00:00,34.076,139.226,10.0,5.7,mwc,reviewed,"71 km SSE of Shimoda, Japan"
2000-07-04 06:53:51.360000+00:00,34.11,139.159,10.0,5.4,mwc,reviewed,"65 km SSE of Shimoda, Japan"
2000-07-06 04:09:18.340000+00:00,36.356,142.51,50.8,5.4,mwc,reviewed,"164 km ESE of Iwaki, Japan"
2000-07-07 02:45:26.580000+00:00,34.136,139.271,10.0,5.4,mwc,reviewed,"67 km SSE of Shimoda, Japan"
2000-07-08 18:57:44.470000+00:00,34.053,139.126,10.0,5.9,mwc,reviewed,"71 km SSE of Shimoda, Japan"
2000-07-10 11:15:47.650000+00:00,34.17,139.192,10.0,4.8,mb,reviewed,"60 km SSE of Shimoda, Japan"
2000-07-11 13:10:01.500000+00:00,34.192,139.176,10.0,5.3,mwc,reviewed,"57 km SSE of Shimoda, Japan"
2000-07-12 19:25:03.510000+00:00,34.038,139.209,10.0,5.3,mwc,reviewed,"74 km SSE of Shimoda, Japan"
2000-07-14 10:19:28.790000+00:00,34.147,139.1,10.0,5.4,mwc,reviewed,"60 km SSE of Shimoda, Japan"
2000-07-15 01:30:30.500000+00:00,34.319,139.26,10.0,6.1,mwc,reviewed,"near the south coast of Honshu, Japan"
2000-07-19 11:00:39.490000+00:00,34.242,139.132,10.0,5.0,mb,reviewed,"51 km SSE of Shimoda, Japan"
2000-07-19 17:18:29.030000+00:00,38.812,143.065,33.0,5.4,mwc,reviewed,"115 km ESE of Kamaishi, Japan"
2000-07-20 18:39:18.820000+00:00,36.51,140.983,47.1,6.0,mwc,reviewed,"31 km ESE of Hitachi, Japan"
2000-07-22 11:27:29.870000+00:00,34.349,138.929,10.0,4.6,mb,reviewed,"36 km S of Shimoda, Japan"
2000-07-23 21:52:44.060000+00:00,34.126,139.116,10.0,5.6,mwc,reviewed,"63 km SSE of Shimoda, Japan"
2000-07-24 09:03:54.710000+00:00,34.119,139.327,10.0,5.1,mb,reviewed,"71 km SSE of Shimoda, Japan"
2000-07-25 18:36:44.680000+00:00,34.088,139.31,10.0,5.2,mwc,reviewed,"73 km SSE of Shimoda, Japan"
2000-07-27 01:49:53.330000+00:00,34.208,139.37,10.0,5.6,mwc,reviewed,"65 km SE of Shimoda, Japan"
2000-07-28 13:32:43.230000+00:00,34.104,139.25,10.0,5.4,mwc,reviewed,"69 km SSE of Shimoda, Japan"
2000-07-30 12:25:45.570000+00:00,33.901,139.376,10.0,6.5,mwc,reviewed,"94 km SSE of Shimoda, Japan"
2000-07-31 04:37:06.650000+00:00,39.576,143.582,33.0,5.4,mwc,reviewed,"140 km E of Yamada, Japan"
2000-08-02 10:23:46.280000+00:00,34.188,139.167,10.0,5.3,mwc,reviewed,"57 km SSE of Shimoda, Japan"
2000-08-03 05:30:12.260000+00:00,31.078,131.308,35.0,5.6,mwc,reviewed,"45 km S of Kushima, Japan"
2000-08-05 04:15:35.820000+00:00,34.142,139.101,10.0,4.9,mb,reviewed,"61 km SSE of Shimoda, Japan"
2000-08-05 18:26:13.640000+00:00,34.255,139.185,10.0,4.6,mb,reviewed,"near the south coast of Honshu, Japan"
2000-08-08 19:29:25.260000+00:00,34.207,139.144,10.0,4.7,mb,reviewed,"55 km SSE of Shimoda, Japan"
2000-08-10 04:39:55.790000+00:00,33.868,138.852,10.0,4.5,mb,reviewed,"90 km S of Shimoda, Japan"
2000-08-13 05:20:00.860000+00:00,40.36,144.877,33.0,4.5,mb,reviewed,"262 km ENE of Miyako, Japan"
2000-08-14 18:39:31.240000+00:00,34.073,139.22,10.0,4.9,mb,reviewed,"71 km SSE of Shimoda, Japan"
2000-08-15 15:55:26.530000+00:00,34.106,139.193,10.0,5.3,mwc,reviewed,"67 km SSE of Shimoda, Japan"
2000-08-18 01:52:20.870000+00:00,34.127,139.18,10.0,5.7,mwc,reviewed,"64 km SSE of Shimoda, Japan"
2000-08-19 12:41:28.030000+00:00,36.244,141.42,33.0,5.5,mwc,reviewed,"75 km E of ?arai, Japan"
2000-08-20 15:47:55.150000+00:00,34.038,139.269,10.0,4.6,mb,reviewed,"76 km SSE of Shimoda, Japan"
2000-08-23 14:57:11.630000+00:00,34.068,139.445,10.0,5.4,mwc,reviewed,"81 km SE of Shimoda, Japan"
2000-08-24 02:25:02.630000+00:00,31.148,139.806,10.0,5.0,mwc,reviewed,"Izu Islands, Japan region"
2000-08-25 13:17:41.770000+00:00,42.996,144.749,33.0,4.8,mb,reviewed,"30 km E of Kushiro, Japan"
2000-08-26 15:30:49.560000+00:00,42.234,142.494,33.0,5.0,mwc,reviewed,"15 km SE of Shizunai-furukawach?, Japan"
2000-08-29 02:00:35.370000+00:00,34.296,139.113,10.0,5.2,mwc,reviewed,"44 km SSE of Shimoda, Japan"
2000-08-30 01:37:49.570000+00:00,34.051,139.348,10.0,4.8,mb,reviewed,"78 km SSE of Shimoda, Japan"
2000-08-31 18:22:14.770000+00:00,44.746,148.188,102.3,4.6,mb,reviewed,Kuril Islands
2000-09-03 11:00:40.280000+00:00,43.027,146.705,54.8,4.5,mb,reviewed,Kuril Islands
2000-09-05 16:58:48.780000+00:00,43.029,144.044,148.1,4.5,mb,reviewed,"27 km WNW of Kushiro, Japan"
2000-09-08 14:18:20.900000+00:00,41.763,130.872,582.3,4.9,mb,reviewed,"73 km SE of Rajin, North Korea"
2000-09-10 22:49:45.310000+00:00,34.43,139.181,10.0,5.3,mwc,reviewed,"34 km SE of Shimoda, Japan"
2000-09-13 17:23:37.960000+00:00,40.289,143.202,33.0,5.2,mwc,reviewed,"129 km ENE of Miyako, Japan"
2000-09-15 14:42:54.410000+00:00,36.607,140.964,49.7,4.8,mb,reviewed,"25 km ESE of Takahagi, Japan"
2000-09-17 05:18:04.270000+00:00,38.006,140.67,105.1,4.5,mb,reviewed,"4 km E of Shiroishi, Japan"
2000-09-19 19:26:33.780000+00:00,42.754,145.975,33.0,4.9,mb,reviewed,"71 km SSE of Nemuro, Japan"
2000-09-21 22:43:24.770000+00:00,35.811,140.837,45.2,4.8,mb,reviewed,"8 km N of Hasaki, Japan"
2000-09-26 21:14:00.940000+00:00,43.255,145.961,55.1,4.7,mb,reviewed,"32 km ESE of Nemuro, Japan"
2000-09-28 23:56:09.600000+00:00,35.38,139.625,99.1,4.8,mb,reviewed,"6 km SSW of Yokohama, Japan"
2000-10-03 04:13:30.490000+00:00,40.282,143.124,33.0,6.3,mwc,reviewed,"123 km NE of Miyako, Japan"
2000-10-06 04:30:19.150000+00:00,35.456,133.134,10.0,6.7,mwc,reviewed,"8 km ESE of Matsue, Japan"
2000-10-08 04:17:55.120000+00:00,35.145,133.039,10.0,5.4,mwc,reviewed,"32 km N of Sh?bara, Japan"
2000-10-12 01:31:27.090000+00:00,35.455,140.95,70.2,4.7,mb,reviewed,"32 km SSE of Hasaki, Japan"
2000-10-14 11:19:39.310000+00:00,34.006,140.434,91.5,4.9,mb,reviewed,"120 km SSE of Tateyama, Japan"
2000-10-18 03:04:07.550000+00:00,30.878,131.51,33.0,5.0,mb,reviewed,"51 km ENE of Nishinoomote, Japan"
2000-10-21 12:44:19.490000+00:00,41.065,142.006,77.7,4.5,mb,reviewed,"66 km NE of Misawa, Japan"
2000-10-23 23:11:05.250000+00:00,35.724,140.13,85.6,4.7,mb,reviewed,"8 km NNW of Yotsukaid?, Japan"
2000-10-27 10:27:16.970000+00:00,31.497,140.101,61.2,4.5,mb,reviewed,"Izu Islands, Japan region"
2000-10-30 16:42:51.710000+00:00,34.3,136.214,34.9,5.5,mwc,reviewed,"western Honshu, Japan"
2000-11-05 01:53:26.900000+00:00,36.275,142.256,33.0,5.2,mb,reviewed,"141 km ENE of Hasaki, Japan"
2000-11-09 09:44:52.480000+00:00,44.047,138.925,15.0,5.3,mwc,reviewed,"174 km NW of Iwanai, Japan"
2000-11-11 17:29:34.550000+00:00,30.86,140.714,56.3,4.5,mb,reviewed,"Izu Islands, Japan region"
2000-11-13 15:57:21.610000+00:00,42.489,144.765,33.0,6.0,mwc,reviewed,"62 km SSE of Kushiro, Japan"
2000-11-15 14:19:28.160000+00:00,42.763,144.507,45.8,4.9,mb,reviewed,"25 km SSE of Kushiro, Japan"
2000-11-16 09:31:43.170000+00:00,37.556,141.402,49.1,5.3,mb,reviewed,"near the east coast of Honshu, Japan"
2000-11-21 14:16:51.090000+00:00,43.961,139.742,173.1,4.7,mb,reviewed,"118 km NW of Yoichi, Japan"
2000-11-25 19:41:58.860000+00:00,40.648,142.302,80.2,4.6,mb,reviewed,"69 km ENE of Hachinohe, Japan"
2000-11-27 12:53:45.630000+00:00,35.588,140.696,67.5,4.6,mb,reviewed,"14 km SSE of Asahi, Japan"
2000-11-30 18:46:41.540000+00:00,33.619,132.111,69.7,4.5,mb,reviewed,"38 km S of Yanai, Japan"
2000-12-04 16:47:37.550000+00:00,35.748,140.948,59.8,5.7,mwc,reviewed,"10 km E of Hasaki, Japan"
2000-12-06 12:02:29.280000+00:00,42.398,142.174,60.5,4.8,mb,reviewed,"17 km WNW of Shizunai-furukawach?, Japan"
2000-12-07 21:14:43.360000+00:00,43.317,144.353,139.6,4.6,mb,reviewed,"38 km N of Kushiro, Japan"
2000-12-22 10:06:39.510000+00:00,30.964,141.745,33.0,4.5,mb,reviewed,"Izu Islands, Japan region"
2000-12-28 05:24:53.430000+00:00,34.2,139.108,33.0,4.6,mb,reviewed,"near the south coast of Honshu, Japan"
2001-01-02 10:53:23.280000+00:00,37.218,138.431,33.0,4.9,mb,reviewed,"18 km ENE of J?etsu, Japan"
2001-01-04 04:18:21.430000+00:00,36.981,138.629,21.4,5.3,mwc,reviewed,"20 km WSW of Shiozawa, Japan"
2001-01-06 02:48:09.820000+00:00,35.349,137.012,44.7,4.8,mb,reviewed,"7 km ESE of Inuyama, Japan"
2001-01-07 07:54:33.090000+00:00,30.322,138.721,395.1,4.6,mb,reviewed,"Izu Islands, Japan region"
2001-01-09 04:37:48.610000+00:00,33.569,132.124,48.9,4.9,mb,reviewed,"40 km W of ?zu, Japan"
2001-01-11 23:00:07.170000+00:00,35.477,134.403,33.0,5.3,mwc,reviewed,"15 km E of Tottori, Japan"
2001-01-14 07:05:38.770000+00:00,30.966,140.807,55.4,4.6,mb,reviewed,"Izu Islands, Japan region"
2001-01-15 19:44:36.530000+00:00,41.589,141.889,67.3,4.8,mb,reviewed,"65 km ENE of Mutsu, Japan"
2001-01-19 22:24:00.410000+00:00,35.758,134.463,10.0,4.5,mb,reviewed,"35 km NE of Tottori, Japan"
2001-01-25 10:45:25.490000+00:00,33.926,134.573,45.1,4.7,mb,reviewed,"7 km W of Anan, Japan"
2001-02-09 21:37:13.400000+00:00,30.605,131.384,33.0,4.6,mb,reviewed,"39 km ESE of Nishinoomote, Japan"
2001-02-12 16:42:56.220000+00:00,31.377,140.115,33.0,4.5,mb,reviewed,"Izu Islands, Japan region"
2001-02-18 08:09:25.130000+00:00,30.82,141.926,44.3,4.6,mb,reviewed,"Izu Islands, Japan region"
2001-02-21 16:59:56.160000+00:00,33.418,137.271,360.7,4.7,mb,reviewed,"near the south coast of Honshu, Japan"
2001-02-22 22:23:46.590000+00:00,34.674,137.493,36.5,4.9,mb,reviewed,"14 km SE of Toyohashi, Japan"
2001-02-24 21:53:54.190000+00:00,37.217,142.146,33.0,5.9,mwc,reviewed,"105 km ESE of Namie, Japan"
2001-02-26 06:08:32.660000+00:00,37.201,142.131,33.0,5.3,ms,reviewed,"105 km ESE of Namie, Japan"
2001-03-06 05:32:15.170000+00:00,36.638,140.814,54.0,4.7,mb,reviewed,"12 km SE of Takahagi, Japan"
2001-03-16 02:12:16.460000+00:00,41.628,141.964,74.6,4.6,mb,reviewed,"72 km ENE of Mutsu, Japan"
2001-03-20 11:40:43.260000+00:00,36.398,141.154,42.0,4.8,mb,reviewed,"50 km ESE of Hitachi, Japan"
2001-03-24 06:27:53.580000+00:00,34.083,132.526,50.0,6.8,mwc,reviewed,"16 km SSW of Kure, Japan"
2001-03-25 20:40:51.440000+00:00,34.017,132.542,42.9,5.2,mwc,reviewed,"22 km WNW of H?j?, Japan"
2001-03-28 10:12:08.760000+00:00,31.634,140.646,96.1,4.6,mb,reviewed,"Izu Islands, Japan region"
2001-03-30 21:09:43.570000+00:00,36.771,139.309,10.0,5.0,mb,reviewed,"27 km W of Nikk?, Japan"
2001-04-02 19:54:18.400000+00:00,40.589,141.772,63.8,5.5,mwc,reviewed,"25 km ENE of Hachinohe, Japan"
2001-04-06 11:15:04.710000+00:00,36.762,135.556,10.0,4.6,mb,reviewed,"80 km NW of Mikuni, Japan"
2001-04-10 01:03:59.470000+00:00,35.182,140.245,100.0,4.8,mb,reviewed,"7 km WNW of Katsuura, Japan"
2001-04-12 07:01:50.010000+00:00,37.493,141.487,45.2,5.4,mwc,reviewed,"43 km E of Namie, Japan"
2001-04-13 23:16:17.670000+00:00,42.729,145.305,33.0,5.6,mwc,reviewed,"69 km SSW of Nemuro, Japan"
2001-04-14 23:27:26.660000+00:00,30.092,141.768,10.0,6.0,mwc,reviewed,"Izu Islands, Japan region"
2001-04-17 00:39:55.860000+00:00,35.494,140.846,47.6,4.8,mb,reviewed,"26 km S of Hasaki, Japan"
2001-04-18 07:52:35.440000+00:00,41.436,141.768,65.2,4.5,mb,reviewed,"48 km ENE of Mutsu, Japan"
2001-04-20 10:05:26.150000+00:00,42.671,145.287,31.9,4.8,mb,reviewed,"76 km SSW of Nemuro, Japan"
2001-04-23 13:55:27.810000+00:00,33.016,136.609,417.3,5.4,mwb,reviewed,"98 km SE of Shing?, Japan"
2001-04-25 14:40:06.040000+00:00,32.824,132.023,33.0,5.7,mwc,reviewed,"18 km SE of Saiki, Japan"
2001-04-26 17:48:57.470000+00:00,43.097,145.923,86.0,6.0,mwc,reviewed,"37 km SE of Nemuro, Japan"
2001-04-29 01:40:12.900000+00:00,42.065,142.527,66.8,4.7,mb,reviewed,"32 km SSE of Shizunai-furukawach?, Japan"
2001-05-01 13:01:38.600000+00:00,34.138,139.258,10.0,4.7,mb,reviewed,"66 km SSE of Shimoda, Japan"
2001-05-03 15:16:22.300000+00:00,31.115,142.613,33.0,4.6,mb,reviewed,"Izu Islands, Japan region"
2001-05-07 21:27:34.140000+00:00,42.373,143.013,54.5,4.8,mb,reviewed,"53 km E of Shizunai-furukawach?, Japan"
2001-05-12 03:32:55.910000+00:00,30.489,130.907,33.0,5.1,mwc,reviewed,"27 km ENE of Koseda, Japan"
2001-05-16 08:22:14.690000+00:00,30.228,142.072,33.0,4.5,mb,reviewed,"Izu Islands, Japan region"
2001-05-18 07:28:44.600000+00:00,34.403,136.186,372.4,4.6,mb,reviewed,"25 km SSE of Nabari, Japan"
2001-05-21 05:25:22.490000+00:00,40.969,143.092,33.0,5.0,mb,reviewed,"144 km ENE of Hachinohe, Japan"
2001-05-22 05:45:44.130000+00:00,42.738,144.134,33.0,4.6,mb,reviewed,"32 km SW of Kushiro, Japan"
2001-05-25 06:55:03.440000+00:00,35.637,140.576,45.4,5.0,mb,reviewed,"7 km SSE of Y?kaichiba, Japan"
2001-05-30 23:59:18.470000+00:00,36.137,139.68,56.9,4.7,mb,reviewed,"1 km WNW of Kurihashi, Japan"
2001-06-02 16:19:52.780000+00:00,34.235,139.147,33.0,4.7,mb,reviewed,"52 km SSE of Shimoda, Japan"
2001-06-09 02:20:51.310000+00:00,33.452,136.028,421.2,4.8,mb,reviewed,"31 km S of Shing?, Japan"
2001-06-11 04:22:41.220000+00:00,36.313,141.334,55.9,4.7,mb,reviewed,"67 km E of ?arai, Japan"
2001-06-17 08:18:23.230000+00:00,37.786,142.946,43.7,4.7,mb,reviewed,"160 km ESE of Ishinomaki, Japan"
2001-06-19 10:26:17.630000+00:00,42.563,144.231,53.2,4.5,mb,reviewed,"47 km SSW of Kushiro, Japan"
2001-06-21 12:54:23.360000+00:00,42.523,142.457,41.4,4.8,mb,reviewed,"22 km NNE of Shizunai-furukawach?, Japan"
2001-07-03 06:39:05.050000+00:00,32.026,139.503,33.0,4.9,mb,reviewed,"298 km S of Shimoda, Japan"
2001-07-05 01:41:18.090000+00:00,32.163,139.581,33.0,5.7,mwc,reviewed,"284 km SSE of Shimoda, Japan"
2001-07-05 13:12:06.580000+00:00,43.029,145.18,91.8,5.1,mb,reviewed,"45 km SW of Nemuro, Japan"
2001-07-08 03:34:16.680000+00:00,35.681,140.372,83.4,4.5,mb,reviewed,"6 km NE of Yachimata, Japan"
2001-07-09 08:25:45.670000+00:00,32.268,141.315,33.0,4.5,mb,reviewed,"Izu Islands, Japan region"
2001-07-17 22:47:39.850000+00:00,39.831,141.339,85.3,4.6,mb,reviewed,"21 km NE of Morioka, Japan"
2001-07-19 21:02:36.390000+00:00,36.132,139.669,74.7,4.9,mb,reviewed,"2 km W of Kurihashi, Japan"
2001-07-22 14:53:57.610000+00:00,31.814,137.675,395.9,4.6,mb,reviewed,"265 km SE of Shing?, Japan"
2001-07-24 00:26:57.020000+00:00,37.941,141.857,51.4,4.5,mb,reviewed,"71 km SE of Ishinomaki, Japan"
2001-07-31 04:59:19.500000+00:00,36.035,141.489,33.0,5.1,mwc,reviewed,"68 km ENE of Hasaki, Japan"
2001-08-03 02:22:47.640000+00:00,32.186,141.693,33.0,4.5,mb,reviewed,"Izu Islands, Japan region"
2001-08-04 11:42:57.490000+00:00,37.345,141.674,34.8,4.9,mb,reviewed,"61 km ESE of Namie, Japan"
2001-08-09 15:33:46.020000+00:00,33.642,140.939,55.5,4.8,mb,reviewed,"176 km SSE of Katsuura, Japan"
2001-08-11 12:07:17.030000+00:00,41.229,144.68,33.0,4.5,mb,reviewed,"195 km S of Kushiro, Japan"
2001-08-12 19:04:36.700000+00:00,31.254,130.479,158.9,4.6,mb,reviewed,"15 km E of Makurazaki, Japan"
2001-08-13 20:11:23.400000+00:00,41.046,142.308,38.0,6.4,mwc,reviewed,"87 km ENE of Misawa, Japan"
2001-08-15 20:32:45.530000+00:00,42.2,142.356,74.1,4.5,mb,reviewed,"14 km S of Shizunai-furukawach?, Japan"
2001-08-18 12:48:54.510000+00:00,33.537,140.511,33.0,4.5,mb,reviewed,"171 km SSE of Tateyama, Japan"
2001-08-24 09:48:02.460000+00:00,41.122,142.191,58.8,5.2,mwc,reviewed,"83 km NE of Misawa, Japan"
2001-08-25 13:21:26.110000+00:00,35.047,135.654,23.2,4.9,mwc,reviewed,"4 km NNW of Arashiyama, Japan"
2001-08-29 20:52:27.300000+00:00,31.543,131.693,41.7,5.0,ms,reviewed,"31 km ESE of Nichinan, Japan"
2001-09-02 15:03:46.670000+00:00,36.353,141.021,43.2,5.2,mwc,reviewed,"39 km E of ?arai, Japan"
2001-09-04 14:54:40.310000+00:00,36.748,141.383,46.3,5.3,mwc,reviewed,"55 km SE of Iwaki, Japan"
2001-09-05 03:37:10.420000+00:00,30.409,140.668,33.0,4.7,mb,reviewed,"Izu Islands, Japan region"
2001-09-17 02:21:45.490000+00:00,31.818,131.656,33.0,4.7,ms,reviewed,"25 km ESE of Miyazaki, Japan"
2001-09-24 19:35:16.540000+00:00,36.352,139.946,91.5,4.6,mb,reviewed,"6 km NNW of Shimodate, Japan"
2001-09-28 11:46:31.060000+00:00,34.474,141.551,33.0,4.6,mb,reviewed,"135 km SE of Katsuura, Japan"
2001-10-02 01:01:34.010000+00:00,34.548,141.417,33.0,5.9,mwc,reviewed,"120 km ESE of Katsuura, Japan"
2001-10-04 16:57:29.450000+00:00,34.92,141.598,42.9,5.2,mwc,reviewed,"113 km SE of Hasaki, Japan"
2001-10-11 15:09:27.300000+00:00,41.961,142.543,82.5,4.6,mb,reviewed,"43 km SSE of Shizunai-furukawach?, Japan"
2001-10-16 15:49:17.650000+00:00,43.063,139.128,33.0,4.7,mb,reviewed,"112 km W of Iwanai, Japan"
2001-10-22 13:16:51.350000+00:00,33.696,139.4,10.0,4.5,mb,reviewed,"116 km SSE of Shimoda, Japan"
2001-10-26 08:44:28.310000+00:00,30.554,141.755,33.0,5.0,mb,reviewed,"Izu Islands, Japan region"
2001-10-27 10:44:18.220000+00:00,42.548,144.248,33.0,4.8,mb,reviewed,"48 km SSW of Kushiro, Japan"
2001-11-03 23:34:32.060000+00:00,43.823,139.623,220.9,5.3,mwc,reviewed,"115 km NW of Yoichi, Japan"
2001-11-05 20:08:23.500000+00:00,30.053,130.923,33.0,4.7,mb,reviewed,"42 km ESE of Koshima, Japan"
2001-11-11 18:12:46.570000+00:00,33.279,137.39,362.2,5.3,mwc,reviewed,"140 km ESE of Shing?, Japan"
2001-11-13 07:45:06.380000+00:00,39.298,141.973,71.6,4.9,mb,reviewed,"9 km ENE of Kamaishi, Japan"
2001-11-16 16:31:59.460000+00:00,35.503,140.036,63.8,4.6,mb,reviewed,"4 km WSW of Ichihara, Japan"
2001-11-18 03:07:37.120000+00:00,37.903,142.605,28.1,4.5,mb,reviewed,"127 km ESE of Ishinomaki, Japan"
2001-11-19 15:36:50.730000+00:00,30.494,138.822,377.1,4.5,mb,reviewed,"Izu Islands, Japan region"
2001-11-21 20:24:55.130000+00:00,41.556,144.102,33.0,5.1,mb,reviewed,"159 km S of Kushiro, Japan"
2001-11-24 16:29:01.390000+00:00,33.063,141.034,55.1,5.1,mb,reviewed,"238 km SSE of Tateyama, Japan"
2001-11-26 12:10:10.650000+00:00,39.191,143.04,33.0,5.2,mwc,reviewed,"98 km ESE of Yamada, Japan"
2001-12-02 13:01:53.670000+00:00,39.402,141.089,123.8,6.5,mwc,reviewed,"3 km NW of Hanamaki, Japan"
2001-12-07 19:07:41.230000+00:00,35.528,139.046,60.2,4.5,mb,reviewed,"11 km SSW of Uenohara, Japan"
2001-12-09 04:06:29.440000+00:00,34.142,138.828,10.0,4.7,mb,reviewed,"60 km S of Shimoda, Japan"
2001-12-10 07:35:27.460000+00:00,42.764,146.335,45.2,4.7,mb,reviewed,"87 km SE of Nemuro, Japan"
2001-12-11 17:56:30.220000+00:00,31.509,137.463,33.0,5.0,mb,reviewed,"283 km SSE of Shing?, Japan"
2001-12-18 09:57:43.500000+00:00,30.854,137.159,467.6,4.7,mb,reviewed,"Izu Islands, Japan region"
2001-12-19 17:21:10.590000+00:00,31.533,142.163,33.0,4.8,mb,reviewed,"Izu Islands, Japan region"
2001-12-21 06:05:58.100000+00:00,43.321,145.314,107.5,4.6,mb,reviewed,"21 km W of Nemuro, Japan"
2001-12-27 18:28:05.390000+00:00,35.494,135.847,29.9,4.5,mb,reviewed,"9 km E of Obama, Japan"
2002-01-09 15:41:01.820000+00:00,34.126,139.456,128.8,4.9,mb,reviewed,"77 km SE of Shimoda, Japan"
2002-01-11 21:57:41.790000+00:00,33.893,137.065,350.9,4.6,mb,reviewed,"68 km SSE of Toba, Japan"
2002-01-15 07:18:22.940000+00:00,33.985,136.81,354.9,4.7,mb,reviewed,"55 km S of Toba, Japan"
2002-01-18 07:46:05.660000+00:00,34.548,139.638,21.9,4.6,mb,reviewed,"52 km SSW of Tateyama, Japan"
2002-01-20 23:55:42.490000+00:00,42.519,144.605,54.6,4.7,mb,reviewed,"54 km SSE of Kushiro, Japan"
2002-01-23 12:47:26.830000+00:00,37.825,142.807,33.0,4.8,mb,reviewed,"147 km ESE of Ishinomaki, Japan"
2002-01-27 07:09:14.630000+00:00,39.288,142.327,49.1,5.3,mwc,reviewed,"37 km ESE of ?tsuchi, Japan"
2002-01-28 23:45:09.850000+00:00,37.785,141.865,41.0,4.8,mb,reviewed,"83 km ENE of Namie, Japan"
2002-01-31 23:27:50.730000+00:00,30.467,141.829,33.0,4.6,mb,reviewed,"Izu Islands, Japan region"
2002-02-05 10:57:10.510000+00:00,36.115,140.055,66.3,4.5,mb,reviewed,"7 km E of Ishige, Japan"
2002-02-07 13:34:52.700000+00:00,39.763,143.332,32.9,4.7,mb,reviewed,"120 km E of Miyako, Japan"
2002-02-11 01:09:54.210000+00:00,35.643,141.015,46.9,5.4,mwc,reviewed,"19 km ESE of Hasaki, Japan"
2002-02-12 13:44:37.340000+00:00,36.588,140.949,45.0,5.6,mwc,reviewed,"25 km SE of Takahagi, Japan"
2002-02-14 01:12:21.140000+00:00,41.472,142.029,61.0,5.5,mwc,reviewed,"70 km ENE of Mutsu, Japan"
2002-02-24 03:28:19.660000+00:00,35.621,143.09,33.0,4.8,mb,reviewed,"204 km E of Hasaki, Japan"
2002-02-25 13:14:01.900000+00:00,36.37,140.646,83.6,4.6,mb,reviewed,"8 km NE of ?arai, Japan"
2002-03-02 11:39:30.510000+00:00,40.363,142.106,63.1,4.7,mb,reviewed,"near the east coast of Honshu, Japan"
2002-03-04 04:45:22.160000+00:00,32.208,142.44,40.5,4.8,mb,reviewed,"Izu Islands, Japan region"
2002-03-05 22:03:19.900000+00:00,32.244,141.131,33.0,4.8,mb,reviewed,"Izu Islands, Japan region"
2002-03-08 13:02:41.620000+00:00,32.123,131.901,38.4,4.6,mb,reviewed,"37 km E of Takanabe, Japan"
2002-03-11 01:46:20.670000+00:00,30.599,141.566,33.0,5.8,mwc,reviewed,"Izu Islands, Japan region"
2002-03-13 00:07:10.940000+00:00,36.603,142.112,22.1,4.6,mb,reviewed,"120 km ESE of Iwaki, Japan"
2002-03-16 16:22:56.420000+00:00,42.49,143.496,76.1,4.7,mb,reviewed,"53 km SSE of Obihiro, Japan"
2002-03-18 07:28:48.920000+00:00,33.741,138.61,33.0,4.6,mb,reviewed,"102 km SSE of ?yama, Japan"
2002-03-20 04:00:18.600000+00:00,30.512,141.962,10.0,5.9,mwb,reviewed,"Izu Islands, Japan region"
2002-03-25 15:46:12.130000+00:00,30.47,141.781,10.0,4.9,mb,reviewed,"Izu Islands, Japan region"
2002-03-28 01:37:46.140000+00:00,34.561,140.637,78.3,4.5,mb,reviewed,"71 km SSE of Katsuura, Japan"
2002-03-30 10:15:37.860000+00:00,41.603,141.924,73.1,4.7,mb,reviewed,"68 km ENE of Mutsu, Japan"
2002-04-03 23:42:12.810000+00:00,41.543,141.851,71.4,5.7,mwc,reviewed,"60 km ENE of Mutsu, Japan"
2002-04-05 16:57:04.680000+00:00,33.39,132.446,52.6,4.5,mb,reviewed,"15 km SW of ?zu, Japan"
2002-04-07 14:52:00.130000+00:00,30.678,141.941,33.0,4.6,mb,reviewed,"Izu Islands, Japan region"
2002-04-11 12:04:13.480000+00:00,39.987,142.813,35.9,5.3,mwc,reviewed,"83 km ENE of Miyako, Japan"
2002-04-13 07:54:01.530000+00:00,37.015,138.7,33.0,4.6,mb,reviewed,"13 km W of Shiozawa, Japan"
2002-04-17 00:14:57.840000+00:00,31.688,140.451,64.7,5.1,mwc,reviewed,"Izu Islands, Japan region"
2002-04-19 19:58:20.170000+00:00,42.166,144.676,33.0,4.5,mb,reviewed,"93 km SSE of Kushiro, Japan"
2002-04-20 21:30:32.370000+00:00,41.63,142.093,70.1,5.0,mwc,reviewed,"81 km SSW of Shizunai-furukawach?, Japan"
2002-05-01 05:56:26.280000+00:00,43.152,140.079,177.9,4.6,mb,reviewed,"40 km WNW of Iwanai, Japan"
2002-05-04 11:35:06.830000+00:00,35.361,140.254,33.0,4.8,mb,reviewed,"8 km SSW of Mobara, Japan"
2002-05-06 08:12:03.830000+00:00,38.494,142.077,42.1,5.1,mwc,reviewed,"68 km E of Ishinomaki, Japan"
2002-05-12 01:29:35.440000+00:00,39.225,140.995,95.5,5.4,mwc,reviewed,"12 km WSW of Kitakami, Japan"
2002-05-13 19:14:47.660000+00:00,31.175,142.391,33.0,4.6,mb,reviewed,"Izu Islands, Japan region"
2002-05-18 20:00:18.180000+00:00,35.543,140.071,67.6,4.7,mb,reviewed,"near the east coast of Honshu, Japan"
2002-05-23 14:08:01.370000+00:00,30.199,142.047,33.0,4.8,mb,reviewed,"Izu Islands, Japan region"
2002-05-28 00:24:31.890000+00:00,34.233,139.351,10.0,4.7,mb,reviewed,"61 km SE of Shimoda, Japan"
2002-05-30 05:07:44.920000+00:00,41.561,142.007,67.3,5.1,mwc,reviewed,"72 km ENE of Mutsu, Japan"
2002-06-05 20:34:19.610000+00:00,33.69,141.766,33.0,4.6,mb,reviewed,"209 km SE of Katsuura, Japan"
2002-06-10 16:28:39.550000+00:00,42.797,145.39,33.0,4.7,mb,reviewed,"60 km SSW of Nemuro, Japan"
2002-06-14 02:42:47.230000+00:00,36.222,139.85,51.7,4.9,mb,reviewed,"9 km SSW of Y?ki, Japan"
2002-06-17 06:31:41.230000+00:00,41.963,142.272,72.5,4.5,mb,reviewed,"41 km S of Shizunai-furukawach?, Japan"
2002-06-19 03:51:22.620000+00:00,36.188,141.644,47.2,4.6,mb,reviewed,"88 km NE of Hasaki, Japan"
2002-06-19 09:16:27.900000+00:00,36.125,141.71,33.0,5.3,mwc,reviewed,"90 km ENE of Hasaki, Japan"
2002-06-21 14:15:03.870000+00:00,40.266,142.384,33.0,4.7,mb,reviewed,"78 km NNE of Miyako, Japan"
2002-06-22 15:22:07.930000+00:00,39.817,143.288,33.0,4.6,mb,reviewed,"117 km E of Miyako, Japan"
2002-06-23 22:23:01.070000+00:00,36.084,141.672,32.3,4.9,mb,reviewed,"85 km ENE of Hasaki, Japan"
2002-06-25 12:22:55.500000+00:00,37.605,134.49,402.2,4.5,mb,reviewed,"213 km NW of Mikuni, Japan"
2002-06-28 17:19:30.270000+00:00,43.752,130.666,566.0,7.3,mwc,reviewed,"50 km SW of Dongning, China"
2002-07-03 09:57:40.450000+00:00,41.615,141.982,70.1,4.5,mb,reviewed,"73 km ENE of Mutsu, Japan"
2002-07-09 12:18:17.270000+00:00,36.257,141.914,33.0,4.6,mb,reviewed,"113 km ENE of Hasaki, Japan"
2002-07-10 14:48:44.060000+00:00,41.762,142.132,54.6,4.8,mb,reviewed,"66 km SSW of Shizunai-furukawach?, Japan"
2002-07-13 12:45:46.300000+00:00,35.879,140.084,72.0,4.8,mb,reviewed,"2 km S of Toride, Japan"
2002-07-16 11:57:26.730000+00:00,30.847,132.394,33.0,5.5,mwc,reviewed,"128 km SE of Nichinan, Japan"
2002-07-19 15:08:00.920000+00:00,43.054,138.75,233.3,4.5,mb,reviewed,"143 km W of Iwanai, Japan"
2002-07-23 20:05:31.880000+00:00,37.251,142.216,33.0,5.7,mwc,reviewed,"110 km ESE of Namie, Japan"
2002-07-28 11:31:27.960000+00:00,42.284,142.997,61.4,5.2,mwc,reviewed,"52 km E of Shizunai-furukawach?, Japan"
2002-07-29 16:19:15.730000+00:00,40.572,141.146,101.2,4.5,mb,reviewed,"24 km WSW of Misawa, Japan"
2002-07-30 19:25:56.690000+00:00,30.464,142.033,33.0,4.5,mb,reviewed,"Izu Islands, Japan region"
2002-08-07 08:55:23.200000+00:00,33.503,142.251,33.0,4.6,mb,reviewed,"254 km SE of Katsuura, Japan"
2002-08-11 21:55:30.440000+00:00,41.106,142.591,54.0,5.1,mwc,reviewed,"111 km ENE of Misawa, Japan"
2002-08-20 10:59:32.020000+00:00,30.986,141.966,9.0,6.3,mwb,reviewed,"Izu Islands, Japan region"
2002-08-22 21:11:38.460000+00:00,30.763,141.943,33.0,4.9,mb,reviewed,"Izu Islands, Japan region"
2002-08-24 18:40:53.440000+00:00,43.11,146.118,42.6,6.1,mwc,reviewed,"50 km ESE of Nemuro, Japan"
2002-08-29 23:40:58.770000+00:00,42.956,146.064,37.0,4.8,mb,reviewed,"57 km SE of Nemuro, Japan"
2002-09-03 23:03:23.640000+00:00,31.347,141.562,33.0,4.5,mb,reviewed,"Izu Islands, Japan region"
2002-09-07 03:30:32.890000+00:00,30.395,140.649,81.2,4.6,mb,reviewed,"Izu Islands, Japan region"
2002-09-08 19:09:38.540000+00:00,38.615,141.184,49.9,4.5,mb,reviewed,"8 km NNE of Wakuya, Japan"
2002-09-14 02:55:26.930000+00:00,32.203,141.601,33.0,4.5,mb,reviewed,"Izu Islands, Japan region"
2002-09-16 01:10:49.480000+00:00,35.256,133.651,10.0,5.3,mwc,reviewed,"24 km SW of Kurayoshi, Japan"
2002-09-17 03:58:13.770000+00:00,30.995,141.775,33.0,5.6,mwc,reviewed,"Izu Islands, Japan region"
2002-09-20 18:22:25.270000+00:00,33.92,137.152,342.4,4.8,mb,reviewed,"68 km SSE of Toba, Japan"
2002-09-25 05:45:07.090000+00:00,33.672,131.822,77.6,4.8,mb,reviewed,"33 km SSW of Hikari, Japan"
2002-09-28 14:16:26.110000+00:00,43.051,146.061,33.0,5.2,ms,reviewed,"49 km SE of Nemuro, Japan"
2002-10-02 19:48:24.330000+00:00,33.325,137.454,357.9,4.7,mb,reviewed,"140 km SSE of Toba, Japan"
2002-10-06 06:28:16.790000+00:00,31.231,130.254,178.5,4.5,mb,reviewed,"7 km WSW of Makurazaki, Japan"
2002-10-08 14:11:10.600000+00:00,32.81,139.201,200.0,4.8,mb,reviewed,"208 km S of Shimoda, Japan"
2002-10-11 01:04:03.350000+00:00,37.699,142.591,47.7,5.0,mb,reviewed,"138 km SE of Ishinomaki, Japan"
2002-10-12 10:59:33.710000+00:00,37.753,142.621,30.7,5.5,mwc,reviewed,"137 km ESE of Ishinomaki, Japan"
2002-10-14 14:12:43.750000+00:00,41.174,142.249,61.4,6.1,mwc,reviewed,"87 km E of Mutsu, Japan"
2002-10-15 10:26:01.700000+00:00,42.886,146.661,33.0,4.7,mb,reviewed,"100 km ESE of Nemuro, Japan"
2002-10-20 16:06:00.500000+00:00,36.353,141.071,41.5,5.5,mwc,reviewed,"43 km E of ?arai, Japan"
2002-10-21 19:00:17.500000+00:00,36.364,141.198,33.0,4.5,mb,reviewed,"55 km E of ?arai, Japan"
2002-10-23 15:46:16.460000+00:00,33.281,139.262,35.8,4.8,mb,reviewed,"157 km S of Shimoda, Japan"
2002-10-24 20:00:39.670000+00:00,39.838,139.919,40.2,4.7,mb,reviewed,"8 km SSW of Tenn?, Japan"
2002-10-26 10:43:24.850000+00:00,37.078,141.195,34.7,4.6,mb,reviewed,"27 km E of Iwaki, Japan"
2002-10-28 03:33:09.200000+00:00,33.035,139.305,33.0,4.8,mb,reviewed,"185 km S of Shimoda, Japan"
2002-10-31 16:10:00.490000+00:00,43.134,145.795,127.7,4.6,mb,reviewed,"27 km SE of Nemuro, Japan"
2002-11-03 03:37:42.070000+00:00,38.886,141.977,39.0,6.4,mwc,reviewed,"30 km SE of ?funato, Japan"
2002-11-04 04:35:57.760000+00:00,32.393,131.55,33.0,5.4,mb,reviewed,"Kyushu, Japan"
2002-11-07 05:47:44.130000+00:00,30.646,141.362,33.0,4.5,mb,reviewed,"Izu Islands, Japan region"
2002-11-14 05:45:16.560000+00:00,41.625,142.716,56.8,4.5,mb,reviewed,"83 km SSE of Shizunai-furukawach?, Japan"
2002-11-16 17:38:44.940000+00:00,32.674,136.838,433.9,4.6,mb,reviewed,"141 km SE of Shing?, Japan"
2002-11-18 07:33:17.440000+00:00,35.351,136.739,315.0,4.8,mb,reviewed,"3 km SW of Kasamatsuch?, Japan"
2002-11-25 04:16:39.220000+00:00,30.836,141.929,33.0,4.6,mb,reviewed,"Izu Islands, Japan region"
2002-11-26 15:40:21.470000+00:00,31.78,140.36,95.5,4.7,mb,reviewed,"Izu Islands, Japan region"
2002-11-30 07:15:54.460000+00:00,42.492,144.963,33.0,5.4,mwc,reviewed,"72 km SE of Kushiro, Japan"
2002-12-01 09:56:59.700000+00:00,42.649,143.942,94.2,5.4,mwc,reviewed,"50 km SW of Kushiro, Japan"
2002-12-04 15:50:42.190000+00:00,38.729,142.186,40.2,5.4,mwc,reviewed,"55 km SE of ?funato, Japan"
2002-12-10 21:02:19.900000+00:00,34.301,141.595,10.0,5.5,mwc,reviewed,"150 km SE of Katsuura, Japan"
2002-12-11 20:18:14.080000+00:00,31.629,140.441,66.8,5.2,mwc,reviewed,"Izu Islands, Japan region"
2002-12-12 23:59:35.470000+00:00,31.013,141.037,37.5,4.9,mb,reviewed,"Izu Islands, Japan region"
2002-12-15 01:13:24.310000+00:00,41.128,142.148,33.0,4.6,mb,reviewed,"80 km ESE of Mutsu, Japan"
2002-12-16 06:31:17.560000+00:00,37.123,137.407,262.2,4.7,mb,reviewed,"22 km NNW of Ny?zen, Japan"
2002-12-17 15:48:29.390000+00:00,40.201,142.426,33.0,4.6,mb,reviewed,"74 km NE of Miyako, Japan"
2002-12-19 12:19:18.910000+00:00,40.94,143.07,34.3,5.0,mwc,reviewed,"141 km ENE of Hachinohe, Japan"
2002-12-24 17:39:11.330000+00:00,30.739,141.885,33.0,4.5,mb,reviewed,"Izu Islands, Japan region"
2002-12-28 23:44:44.210000+00:00,30.112,142.889,41.9,4.7,mb,reviewed,"Izu Islands, Japan region"
2002-12-31 22:29:45.150000+00:00,44.94,146.212,212.0,5.2,mb,reviewed,Kuril Islands
2003-01-06 04:42:52.340000+00:00,41.085,142.281,57.2,5.0,mwc,reviewed,"87 km ENE of Misawa, Japan"
2003-01-06 18:27:33.880000+00:00,42.325,143.005,55.4,4.9,mb,reviewed,"52 km E of Shizunai-furukawach?, Japan"
2003-01-09 04:14:19.570000+00:00,36.378,141.15,33.0,5.2,mb,reviewed,"51 km ESE of Hitachi, Japan"
2003-01-15 01:42:38.110000+00:00,31.42,141.732,33.0,4.9,mb,reviewed,"Izu Islands, Japan region"
2003-01-18 19:50:28.420000+00:00,33.941,137.183,33.0,5.5,mwc,reviewed,"67 km SSE of Toba, Japan"
2003-01-21 04:19:23.300000+00:00,36.327,140.938,40.7,5.3,mb,reviewed,"31 km E of ?arai, Japan"
2003-01-23 12:42:37.960000+00:00,33.893,137.231,33.0,4.6,mb,reviewed,"74 km SSE of Toba, Japan"
2003-01-28 12:58:07.170000+00:00,41.172,143.047,33.0,4.9,mb,reviewed,"140 km SSE of Shizunai-furukawach?, Japan"
2003-01-30 05:57:15.020000+00:00,34.05,139.367,33.0,4.9,mb,reviewed,"79 km SSE of Shimoda, Japan"
2003-02-04 12:42:16.720000+00:00,33.93,137.126,338.5,4.8,mb,reviewed,"66 km SSE of Toba, Japan"
2003-02-12 13:13:29.440000+00:00,34.016,139.212,41.8,4.6,mb,reviewed,"77 km SSE of Shimoda, Japan"
2003-02-16 03:03:48.160000+00:00,37.417,141.019,65.1,5.2,mwc,reviewed,"7 km SSE of Namie, Japan"
2003-02-19 05:01:40.270000+00:00,44.149,141.799,214.4,5.9,mwc,reviewed,"26 km NNE of Rumoi, Japan"
2003-02-23 17:00:08.150000+00:00,41.994,142.42,68.2,4.7,mb,reviewed,"38 km S of Shizunai-furukawach?, Japan"
2003-02-25 07:13:13.230000+00:00,30.105,142.893,33.0,4.5,mb,reviewed,"Izu Islands, Japan region"
2003-03-02 22:46:46.840000+00:00,37.68,141.719,42.6,5.8,mwb,reviewed,"67 km ENE of Namie, Japan"
2003-03-08 23:12:52.820000+00:00,42.031,140.726,121.0,4.6,mb,reviewed,"15 km N of Honch?, Japan"
2003-03-11 21:08:42.010000+00:00,30.67,140.147,33.0,4.7,mb,reviewed,"Izu Islands, Japan region"
2003-03-13 03:12:57.850000+00:00,35.982,139.678,69.5,5.2,mwc,reviewed,"2 km NW of Iwatsuki, Japan"
2003-03-16 05:35:24.970000+00:00,42.453,142.897,98.5,5.1,mwc,reviewed,"45 km ENE of Shizunai-furukawach?, Japan"
2003-03-27 01:10:38.870000+00:00,40.163,142.328,56.3,4.7,mb,reviewed,"66 km NNE of Miyako, Japan"
2003-04-04 05:37:22.620000+00:00,34.288,141.995,33.0,4.6,mb,reviewed,"180 km ESE of Katsuura, Japan"
2003-04-05 21:35:54.700000+00:00,37.953,142.225,41.0,4.5,mb,reviewed,"96 km ESE of Ishinomaki, Japan"
2003-04-07 18:28:37.380000+00:00,36.296,141.679,33.0,5.8,mwb,reviewed,"98 km ESE of Takahagi, Japan"
2003-04-09 17:21:03.220000+00:00,37.862,141.884,70.2,4.6,mb,reviewed,"80 km SE of Ishinomaki, Japan"
2003-04-14 03:45:58.220000+00:00,42.371,143.051,50.1,4.5,mb,reviewed,"56 km E of Shizunai-furukawach?, Japan"
2003-04-16 17:59:53.890000+00:00,40.983,142.208,57.0,5.4,mwc,reviewed,"76 km ENE of Misawa, Japan"
2003-04-21 01:18:34.480000+00:00,36.526,140.719,70.2,4.6,mb,reviewed,"10 km SE of Hitachi, Japan"
2003-04-24 22:40:27.520000+00:00,36.38,141.1,53.2,4.9,mwc,reviewed,"46 km E of ?arai, Japan"
2003-04-27 10:19:54.250000+00:00,31.501,141.963,47.8,4.8,mb,reviewed,"Izu Islands, Japan region"
2003-04-29 11:43:20.310000+00:00,43.041,144.11,98.3,4.6,mb,reviewed,"22 km WNW of Kushiro, Japan"
2003-05-03 22:51:02.730000+00:00,37.099,142.125,33.0,4.7,mb,reviewed,"108 km ESE of Namie, Japan"
2003-05-10 02:45:54.010000+00:00,35.679,139.87,89.7,4.5,mb,reviewed,"1 km WNW of Urayasu, Japan"
2003-05-11 15:57:06.530000+00:00,35.794,139.904,66.8,5.3,mwc,reviewed,"1 km N of Matsudo, Japan"
2003-05-14 06:36:03.170000+00:00,30.449,141.947,33.0,4.5,mb,reviewed,"Izu Islands, Japan region"
2003-05-16 09:01:08.110000+00:00,41.26,139.859,42.8,4.5,mb,reviewed,"65 km NW of Shimokizukuri, Japan"
2003-05-17 14:33:09.670000+00:00,35.591,140.551,50.0,5.4,mwc,reviewed,"12 km S of Y?kaichiba, Japan"
2003-05-18 14:38:52.780000+00:00,36.319,142.886,50.8,4.5,mb,reviewed,"196 km ENE of Hasaki, Japan"
2003-05-22 18:33:13.290000+00:00,40.384,140.941,33.0,4.5,mb,reviewed,"25 km NNE of Hanawa, Japan"
2003-05-26 09:24:33.400000+00:00,38.849,141.568,68.0,7.0,mwb,reviewed,"27 km SSW of ?funato, Japan"
2003-05-27 12:12:25.550000+00:00,39.113,141.593,65.8,4.7,mb,reviewed,"11 km WNW of ?funato, Japan"
2003-05-31 09:41:49.230000+00:00,38.94,141.591,67.3,4.7,mb,reviewed,"18 km SW of ?funato, Japan"
2003-06-01 01:48:46.140000+00:00,31.424,141.95,33.0,4.7,mb,reviewed,"Izu Islands, Japan region"
2003-06-06 02:34:43.060000+00:00,35.404,140.685,66.6,4.8,mb,reviewed,"31 km ENE of ?hara, Japan"
2003-06-08 04:58:34.180000+00:00,34.159,136.349,379.6,4.7,mb,reviewed,"17 km NE of Owase, Japan"
2003-06-09 09:59:37.510000+00:00,36.393,140.61,62.3,4.8,mb,reviewed,"6 km E of Hitachi-Naka, Japan"
2003-06-11 19:46:01.180000+00:00,41.53,139.436,42.0,4.6,mb,reviewed,"105 km WSW of Kamiiso, Japan"
2003-06-13 10:38:02.230000+00:00,33.878,137.185,349.0,4.8,mb,reviewed,"74 km SSE of Toba, Japan"
2003-06-14 15:43:17.550000+00:00,38.423,140.572,71.3,4.5,mb,reviewed,"15 km E of Higashine, Japan"
2003-06-16 09:34:04.830000+00:00,37.099,141.087,77.5,4.8,mb,reviewed,"18 km ENE of Iwaki, Japan"
2003-06-18 04:35:51.990000+00:00,42.32,143.024,61.8,4.6,mb,reviewed,"54 km E of Shizunai-furukawach?, Japan"
2003-06-20 00:29:55.930000+00:00,40.906,143.12,33.0,5.1,mb,reviewed,"144 km ENE of Hachinohe, Japan"
2003-06-22 03:26:22.170000+00:00,32.217,142.348,33.0,4.7,mb,reviewed,"Izu Islands, Japan region"
2003-06-23 20:23:49.020000+00:00,42.722,143.186,82.5,4.5,mb,reviewed,"21 km S of Obihiro, Japan"
2003-07-02 23:52:26.280000+00:00,42.323,144.842,23.9,5.9,mwc,reviewed,"Hokkaido, Japan region"
2003-07-05 23:30:25.440000+00:00,32.63,135.977,33.0,5.1,mwc,reviewed,"122 km S of Shing?, Japan"
2003-07-08 04:30:49.600000+00:00,42.416,144.986,33.0,5.4,mwc,reviewed,"79 km SE of Kushiro, Japan"
2003-07-11 17:31:48.310000+00:00,35.643,139.883,20.8,4.5,mb,reviewed,"3 km S of Urayasu, Japan"
2003-07-15 03:39:24.670000+00:00,37.601,134.824,379.9,4.8,mb,reviewed,"191 km WNW of Hakui, Japan"
2003-07-17 02:53:10.980000+00:00,35.575,140.886,70.7,4.5,mb,reviewed,"18 km SSE of Hasaki, Japan"
2003-07-18 03:32:44.430000+00:00,38.897,141.497,76.8,4.7,mb,reviewed,"27 km SW of ?funato, Japan"
2003-07-19 17:25:19.400000+00:00,41.499,140.17,33.0,4.5,mb,reviewed,"53 km SW of Kamiiso, Japan"
2003-07-23 05:01:00.190000+00:00,32.683,142.627,33.0,4.8,mb,reviewed,"Izu Islands, Japan region"
2003-07-25 22:13:29.970000+00:00,38.415,140.996,6.0,6.1,mwc,reviewed,"7 km NW of Matsushima, Japan"
2003-07-27 19:08:03.630000+00:00,38.543,141.025,10.0,5.1,mwc,reviewed,"2 km WSW of Kogota, Japan"
2003-08-01 13:46:47.880000+00:00,32.774,141.116,77.5,5.1,mwc,reviewed,"270 km SSE of Tateyama, Japan"
2003-08-04 11:57:15.400000+00:00,36.472,140.482,71.9,4.7,mb,reviewed,"7 km W of Funaishikawa, Japan"
2003-08-08 00:51:31.620000+00:00,38.803,141.102,10.0,4.5,mb,reviewed,"12 km SSW of Ichinoseki, Japan"
2003-08-10 17:50:53.730000+00:00,37.419,134.397,386.3,4.5,mb,reviewed,"205 km NW of Mikuni, Japan"
2003-08-13 01:18:56.770000+00:00,42.572,142.442,60.7,4.6,mb,reviewed,"27 km NNE of Shizunai-furukawach?, Japan"
2003-08-18 09:59:40.120000+00:00,35.63,139.968,79.9,5.0,mwc,reviewed,"8 km SSW of Honch?, Japan"
2003-08-23 04:58:19.430000+00:00,32.394,141.475,41.6,4.8,mb,reviewed,"Izu Islands, Japan region"
2003-08-30 10:06:39.970000+00:00,41.864,142.552,51.9,5.5,mwb,reviewed,"54 km SSE of Shizunai-furukawach?, Japan"
2003-09-02 12:30:59.380000+00:00,45.626,142.246,313.8,4.6,mb,reviewed,"43 km NE of Makubetsu, Japan"
2003-09-04 07:20:48.120000+00:00,31.426,140.862,61.8,5.0,mwc,reviewed,"Izu Islands, Japan region"
2003-09-05 10:54:53.460000+00:00,38.546,141.193,10.0,4.5,mb,reviewed,"5 km E of Wakuya, Japan"
2003-09-09 00:01:32.230000+00:00,35.814,140.872,41.9,4.7,mb,reviewed,"9 km NNE of Hasaki, Japan"
2003-09-10 19:31:54.710000+00:00,42.647,143.907,90.6,4.8,mb,reviewed,"52 km SW of Kushiro, Japan"
2003-09-20 03:54:50.780000+00:00,34.998,140.172,51.5,5.7,mwc,reviewed,"12 km SSE of Kamogawa, Japan"
2003-09-23 13:41:13.890000+00:00,41.917,144.993,33.0,4.8,mb,reviewed,"128 km SSE of Kushiro, Japan"
2003-09-25 19:50:06.360000+00:00,41.815,143.91,27.0,8.16,mww,reviewed,2003 Tokachi-Oki Earthquake
2003-09-25 21:08:00.030000+00:00,41.774,143.593,33.0,7.4,mwc,reviewed,"119 km ESE of Shizunai-furukawach?, Japan"
2003-09-27 08:06:20.190000+00:00,42.74,144.254,52.2,5.3,mwc,reviewed,"27 km SSW of Kushiro, Japan"
2003-09-28 04:17:54.050000+00:00,42.62,144.716,33.0,5.6,mwc,reviewed,"48 km SE of Kushiro, Japan"
2003-09-29 02:36:53.140000+00:00,42.45,144.38,25.0,6.5,mwc,reviewed,"58 km S of Kushiro, Japan"
2003-09-30 03:22:56.990000+00:00,37.823,137.901,33.0,5.1,mb,reviewed,"55 km WSW of Ry?tsu-minato, Japan"
2003-10-01 16:23:29.280000+00:00,42.009,144.4,33.0,5.4,mwc,reviewed,"107 km S of Kushiro, Japan"
2003-10-03 04:45:18.910000+00:00,41.874,143.447,33.0,5.2,mwc,reviewed,"102 km ESE of Shizunai-furukawach?, Japan"
2003-10-04 03:10:32.090000+00:00,42.197,144.939,33.0,5.1,mb,reviewed,"98 km SSE of Kushiro, Japan"
2003-10-04 09:50:35.120000+00:00,41.992,144.478,33.0,4.8,mb,reviewed,"109 km S of Kushiro, Japan"
2003-10-06 19:26:15.710000+00:00,42.227,144.638,33.0,5.5,mwc,reviewed,"85 km SSE of Kushiro, Japan"
2003-10-07 17:40:52.020000+00:00,42.462,144.658,33.0,5.2,mwc,reviewed,"61 km SSE of Kushiro, Japan"
2003-10-08 09:06:55.340000+00:00,42.648,144.57,32.0,6.7,mwc,reviewed,"39 km SSE of Kushiro, Japan"
2003-10-11 00:08:49.140000+00:00,41.924,144.358,33.0,5.8,mwb,reviewed,"116 km S of Kushiro, Japan"
2003-10-11 18:26:18.600000+00:00,41.746,143.683,33.0,5.6,mwc,reviewed,"127 km ESE of Shizunai-furukawach?, Japan"
2003-10-13 01:36:31.940000+00:00,41.334,144.601,33.0,4.6,mb,reviewed,"Hokkaido, Japan region"
2003-10-14 12:39:22.030000+00:00,41.616,144.165,33.0,5.3,mwc,reviewed,"151 km S of Kushiro, Japan"
2003-10-16 17:25:02.590000+00:00,36.221,141.665,67.5,4.5,mb,reviewed,"92 km NE of Hasaki, Japan"
2003-10-17 22:50:09.740000+00:00,41.6,144.081,33.0,5.1,mwc,reviewed,"154 km S of Kushiro, Japan"
2003-10-18 23:03:33.620000+00:00,41.906,144.51,33.0,4.6,mb,reviewed,"119 km S of Kushiro, Japan"
2003-10-19 23:27:27.360000+00:00,43.021,145.093,83.9,5.1,mwc,reviewed,"51 km SW of Nemuro, Japan"
2003-10-21 06:57:51.590000+00:00,41.574,143.58,33.0,4.8,mb,reviewed,"131 km SE of Shizunai-furukawach?, Japan"
2003-10-25 11:43:58.040000+00:00,31.302,140.784,61.9,4.5,mb,reviewed,"Izu Islands, Japan region"
2003-10-31 01:06:28.280000+00:00,37.812,142.619,10.0,7.0,mwb,reviewed,"133 km ESE of Ishinomaki, Japan"
2003-11-01 13:10:07.660000+00:00,37.742,143.083,10.0,5.9,mwb,reviewed,"173 km ESE of Ishinomaki, Japan"
2003-11-02 02:58:14.130000+00:00,37.734,143.066,10.0,5.3,mwc,reviewed,"172 km ESE of Ishinomaki, Japan"
2003-11-03 07:11:33.950000+00:00,37.435,142.313,10.0,5.4,mwc,reviewed,"116 km E of Namie, Japan"
2003-11-04 18:05:29.080000+00:00,41.271,144.306,33.0,4.8,mb,reviewed,"189 km S of Kushiro, Japan"
2003-11-05 22:13:18.960000+00:00,41.815,144.794,33.0,4.8,mb,reviewed,"133 km SSE of Kushiro, Japan"
2003-11-08 01:57:37.230000+00:00,38.153,143.235,10.0,5.0,mb,reviewed,"166 km SE of ?funato, Japan"
2003-11-09 13:05:41.100000+00:00,37.327,143.055,10.0,4.7,mb,reviewed,"182 km E of Namie, Japan"
2003-11-10 08:11:20.400000+00:00,37.917,143.517,10.0,5.0,mb,reviewed,"202 km ESE of Ishinomaki, Japan"
2003-11-12 08:26:43.740000+00:00,33.171,137.072,384.9,6.4,mwb,reviewed,"118 km ESE of Shing?, Japan"
2003-11-13 22:39:20.580000+00:00,41.857,142.117,74.4,5.0,mwc,reviewed,"56 km SSW of Shizunai-furukawach?, Japan"
2003-11-14 18:43:51.140000+00:00,36.396,141.072,41.1,5.7,mwc,reviewed,"44 km ESE of Hitachi, Japan"
2003-11-16 07:44:48.250000+00:00,37.932,142.879,10.0,5.1,mb,reviewed,"148 km ESE of Ishinomaki, Japan"
2003-11-17 05:18:43.330000+00:00,37.825,143.219,10.0,4.7,mb,reviewed,"180 km ESE of Ishinomaki, Japan"
2003-11-20 03:17:04.020000+00:00,41.599,144.088,33.0,5.0,mb,reviewed,"154 km S of Kushiro, Japan"
2003-11-21 19:15:29.470000+00:00,42.377,144.614,44.7,4.6,mb,reviewed,"69 km SSE of Kushiro, Japan"
2003-11-22 22:00:20.780000+00:00,35.434,140.912,38.7,5.2,mwc,reviewed,"33 km SSE of Hasaki, Japan"
2003-11-24 12:18:12.780000+00:00,42.346,143.007,33.0,5.3,mwc,reviewed,"52 km E of Shizunai-furukawach?, Japan"
2003-11-26 16:41:35.270000+00:00,41.907,144.979,33.0,4.6,mb,reviewed,"128 km SSE of Kushiro, Japan"
2003-11-29 14:54:15.590000+00:00,33.301,137.486,340.8,4.5,mb,reviewed,"144 km SSE of Toba, Japan"
2003-12-03 14:11:14.020000+00:00,42.36,144.732,33.0,5.9,mwb,reviewed,"74 km SSE of Kushiro, Japan"
2003-12-05 00:44:21.800000+00:00,30.367,132.121,33.0,4.6,mb,reviewed,"114 km ESE of Nishinoomote, Japan"
2003-12-07 01:04:11.200000+00:00,30.326,132.091,33.0,4.5,mb,reviewed,"114 km ESE of Nishinoomote, Japan"
2003-12-08 07:20:14.660000+00:00,41.16,141.957,66.4,5.1,mwc,reviewed,"Hokkaido, Japan region"
2003-12-09 15:44:41.320000+00:00,30.917,132.108,33.0,4.5,mb,reviewed,"103 km SE of Nichinan, Japan"
2003-12-12 01:46:13.100000+00:00,42.496,142.948,33.0,5.2,mwc,reviewed,"51 km ENE of Shizunai-furukawach?, Japan"
2003-12-13 03:32:32.140000+00:00,34.5,134.221,14.4,4.7,mb,reviewed,"5 km ENE of Tonosh?, Japan"
2003-12-14 14:58:42.960000+00:00,41.867,144.781,33.0,4.5,mb,reviewed,"127 km SSE of Kushiro, Japan"
2003-12-18 21:26:36.680000+00:00,43.008,146.387,33.0,5.0,mb,reviewed,"74 km ESE of Nemuro, Japan"
2003-12-22 08:47:07.350000+00:00,42.279,144.598,37.5,5.6,mwb,reviewed,"79 km SSE of Kushiro, Japan"
2003-12-26 21:35:39.550000+00:00,42.34,144.283,33.0,5.1,mb,reviewed,"70 km S of Kushiro, Japan"
2003-12-29 01:30:54.700000+00:00,42.423,144.613,33.0,6.1,mwc,reviewed,"64 km SSE of Kushiro, Japan"
2003-12-29 10:23:02.580000+00:00,38.1,142.354,33.0,4.5,mb,reviewed,"98 km ESE of Ishinomaki, Japan"
2003-12-30 11:55:25.320000+00:00,31.968,141.729,33.0,4.5,mb,reviewed,"Izu Islands, Japan region"
2004-01-02 09:22:32.710000+00:00,34.108,140.308,78.8,4.5,mb,reviewed,"105 km SSE of Tateyama, Japan"
2004-01-03 12:49:54.130000+00:00,30.817,142.569,29.9,4.7,mb,reviewed,"Izu Islands, Japan region"
2004-01-04 21:03:14.900000+00:00,30.166,131.051,34.4,4.9,mwc,reviewed,"45 km ESE of Koseda, Japan"
2004-01-06 05:50:52.450000+00:00,34.154,136.671,33.2,5.3,mwc,reviewed,"36 km S of Ise, Japan"
2004-01-10 12:05:15.660000+00:00,36.163,138.33,158.8,4.7,mb,reviewed,"15 km WSW of Saku, Japan"
2004-01-12 20:12:14.060000+00:00,42.224,143.286,44.8,5.0,mwc,reviewed,"76 km E of Shizunai-furukawach?, Japan"
2004-01-16 17:23:48.120000+00:00,41.755,143.697,31.1,4.9,mwc,reviewed,"127 km ESE of Shizunai-furukawach?, Japan"
2004-01-18 18:16:23.580000+00:00,42.828,144.945,42.4,5.0,mwc,reviewed,"49 km ESE of Kushiro, Japan"
2004-01-20 18:40:17.200000+00:00,42.261,143.165,57.6,4.7,mb,reviewed,"66 km E of Shizunai-furukawach?, Japan"
2004-01-23 09:01:31.290000+00:00,37.264,140.993,64.3,5.3,mwc,reviewed,"24 km S of Namie, Japan"
2004-01-27 04:20:01.070000+00:00,32.571,140.332,79.0,5.2,mwc,reviewed,"266 km SSE of Shimoda, Japan"
2004-01-29 04:47:13.460000+00:00,38.794,140.837,10.0,4.9,mb,reviewed,"26 km NNW of Furukawa, Japan"
2004-01-31 14:49:06.470000+00:00,30.052,142.434,10.0,5.5,mwc,reviewed,"Izu Islands, Japan region"
2004-02-04 06:08:26.120000+00:00,40.155,141.687,62.2,5.2,mwc,reviewed,"34 km ESE of Ichinohe, Japan"
2004-02-07 13:45:09.520000+00:00,41.362,142.451,67.2,4.6,mb,reviewed,"103 km E of Mutsu, Japan"
2004-02-08 10:30:19.840000+00:00,43.014,145.826,58.9,5.0,mb,reviewed,"39 km SSE of Nemuro, Japan"
2004-02-10 12:07:17.580000+00:00,35.451,141.047,8.1,4.5,mb,reviewed,"near the east coast of Honshu, Japan"
2004-02-15 12:52:52.440000+00:00,42.447,142.959,49.9,4.9,mwc,reviewed,"50 km ENE of Shizunai-furukawach?, Japan"
2004-02-17 07:46:27.260000+00:00,43.144,145.816,40.3,5.5,mwc,reviewed,"27 km SE of Nemuro, Japan"
2004-02-18 23:36:33.120000+00:00,35.606,139.139,127.4,4.5,mb,reviewed,"2 km ESE of Uenohara, Japan"
2004-02-22 10:50:04.710000+00:00,37.375,135.064,380.1,4.6,mb,reviewed,"161 km NW of Mikuni, Japan"
2004-02-28 01:26:46.360000+00:00,42.329,144.773,47.3,4.8,mb,reviewed,"78 km SSE of Kushiro, Japan"
2004-03-01 12:27:20.640000+00:00,31.8,130.575,181.5,4.8,mb,reviewed,"11 km NW of Kajiki, Japan"
2004-03-02 19:38:00.110000+00:00,42.931,146.288,37.1,5.2,mwc,reviewed,"72 km SE of Nemuro, Japan"
2004-03-12 15:38:49.840000+00:00,41.485,143.29,41.8,4.6,mb,reviewed,"121 km SE of Shizunai-furukawach?, Japan"
2004-03-14 22:38:06.500000+00:00,37.559,138.279,41.2,4.8,mb,reviewed,"32 km NW of Kashiwazaki, Japan"
2004-03-18 07:04:35.440000+00:00,42.298,144.531,38.3,5.1,mwc,reviewed,"76 km S of Kushiro, Japan"
2004-03-26 15:20:06.620000+00:00,41.863,144.209,22.4,5.8,mwb,reviewed,"124 km S of Kushiro, Japan"
2004-03-30 16:28:50.010000+00:00,43.005,145.345,45.4,4.5,mb,reviewed,"40 km SSW of Nemuro, Japan"
2004-04-02 05:27:09.880000+00:00,41.823,144.299,32.8,4.8,mwc,reviewed,"128 km S of Kushiro, Japan"
2004-04-03 23:02:00.870000+00:00,36.428,141.008,31.0,6.0,mwc,reviewed,"37 km ESE of Hitachi, Japan"
2004-04-07 13:47:02.650000+00:00,34.248,140.314,50.4,5.1,mwc,reviewed,"91 km SSE of Tateyama, Japan"
2004-04-10 06:10:59.390000+00:00,39.794,142.998,53.6,4.6,mb,reviewed,"92 km E of Miyako, Japan"
2004-04-11 18:06:12.480000+00:00,42.918,144.836,41.8,6.1,mwb,reviewed,"38 km E of Kushiro, Japan"
2004-04-21 03:20:54.190000+00:00,31.614,131.482,32.6,5.2,mwc,reviewed,"11 km E of Nichinan, Japan"
2004-04-21 06:01:24.670000+00:00,41.397,142.106,86.4,4.5,mb,reviewed,"75 km E of Mutsu, Japan"
2004-04-22 22:16:37.720000+00:00,40.82,142.245,84.7,4.8,mb,reviewed,"72 km ENE of Hachinohe, Japan"
2004-04-25 20:17:39.160000+00:00,42.045,144.661,26.6,4.5,mb,reviewed,"105 km SSE of Kushiro, Japan"
2004-05-02 12:55:54.360000+00:00,43.112,146.39,42.6,4.6,mb,reviewed,"70 km ESE of Nemuro, Japan"
2004-05-05 00:09:21.040000+00:00,30.421,138.125,455.1,4.8,mb,reviewed,"Izu Islands, Japan region"
2004-05-06 13:43:12.890000+00:00,42.525,145.021,28.6,5.5,mwb,reviewed,"72 km SE of Kushiro, Japan"
2004-05-08 09:42:20.490000+00:00,38.602,143.111,29.7,4.9,mb,reviewed,"131 km SE of Kamaishi, Japan"
2004-05-09 03:59:05.570000+00:00,42.5,144.946,41.2,4.5,mb,reviewed,"70 km SE of Kushiro, Japan"
2004-05-10 06:38:06.600000+00:00,37.345,141.397,54.0,4.6,mb,reviewed,"38 km ESE of Namie, Japan"
2004-05-11 09:56:38.250000+00:00,31.677,141.778,10.0,4.6,mb,reviewed,"Izu Islands, Japan region"
2004-05-13 11:54:01.950000+00:00,34.441,139.144,40.0,4.9,mb,reviewed,"31 km SE of Shimoda, Japan"
2004-05-16 07:21:03.600000+00:00,34.158,141.42,45.6,5.1,mwc,reviewed,"149 km SE of Katsuura, Japan"
2004-05-18 00:54:41.530000+00:00,35.677,140.613,63.9,4.7,mb,reviewed,"5 km SW of Asahi, Japan"
2004-05-21 14:27:11.470000+00:00,43.68,144.719,13.3,4.6,mb,reviewed,"33 km W of Shibetsu, Japan"
2004-05-25 16:26:31.550000+00:00,34.252,141.687,38.2,4.5,mb,reviewed,"160 km SE of Katsuura, Japan"
2004-05-27 23:59:50.600000+00:00,36.626,140.931,64.3,4.5,mb,reviewed,"21 km ESE of Takahagi, Japan"
2004-05-29 20:56:09.600000+00:00,34.251,141.406,16.0,6.5,mwb,reviewed,"140 km SE of Katsuura, Japan"
2004-06-01 03:08:48.200000+00:00,34.494,141.391,17.6,5.3,mwc,reviewed,"122 km SE of Katsuura, Japan"
2004-06-03 00:18:32.150000+00:00,34.233,141.673,10.0,4.5,mb,reviewed,"160 km SE of Katsuura, Japan"
2004-06-05 16:46:25.570000+00:00,34.463,141.611,44.0,4.5,mb,reviewed,"140 km ESE of Katsuura, Japan"
2004-06-07 04:14:15.250000+00:00,42.608,144.358,66.9,4.9,mwc,reviewed,"40 km S of Kushiro, Japan"
2004-06-08 05:36:32.120000+00:00,36.307,142.806,10.0,4.5,mb,reviewed,"188 km ENE of Hasaki, Japan"
2004-06-09 08:27:09.710000+00:00,34.285,141.519,40.9,5.1,mwc,reviewed,"145 km SE of Katsuura, Japan"
2004-06-10 18:12:09.290000+00:00,42.395,142.958,49.9,5.8,mwc,reviewed,"49 km E of Shizunai-furukawach?, Japan"
2004-06-11 17:05:33.090000+00:00,39.953,142.11,69.3,4.6,mb,reviewed,"36 km NNE of Miyako, Japan"
2004-06-13 05:55:56.450000+00:00,39.111,144.188,51.9,4.8,mb,reviewed,"197 km ESE of Yamada, Japan"
2004-06-16 01:42:44.920000+00:00,34.179,141.613,10.0,5.0,mwc,reviewed,"160 km SE of Katsuura, Japan"
2004-06-17 05:20:25.130000+00:00,36.595,142.847,10.0,4.7,mb,reviewed,"182 km ESE of Iwaki, Japan"
2004-06-20 05:39:02.970000+00:00,33.416,140.629,64.1,5.1,mwc,reviewed,"187 km SSE of Tateyama, Japan"
2004-06-22 02:17:28.500000+00:00,41.72,144.151,10.0,4.9,mwc,reviewed,"140 km S of Kushiro, Japan"
2004-06-25 21:42:25.590000+00:00,39.975,138.592,38.5,4.8,mb,reviewed,"117 km W of Tenn?, Japan"
2004-06-27 15:53:50.780000+00:00,41.764,144.058,7.2,4.7,mb,reviewed,"137 km S of Kushiro, Japan"
2004-06-29 07:05:30.150000+00:00,35.32,139.87,62.7,4.5,mb,reviewed,"3 km S of Kimitsu, Japan"
2004-07-02 18:59:33.010000+00:00,40.961,143.063,45.3,5.1,mwc,reviewed,"141 km ENE of Hachinohe, Japan"
2004-07-04 12:31:15.080000+00:00,42.13,142.368,70.8,5.0,mwc,reviewed,"22 km S of Shizunai-furukawach?, Japan"
2004-07-07 14:13:49.430000+00:00,42.55,145.135,32.2,4.9,mwc,reviewed,"78 km SE of Kushiro, Japan"
2004-07-10 11:07:06.350000+00:00,36.075,139.679,50.1,4.7,mwr,reviewed,"0 km NNE of Kukich??, Japan"
2004-07-17 06:10:18.070000+00:00,34.746,140.218,46.1,5.6,mwc,reviewed,"40 km SSE of Kamogawa, Japan"
2004-07-19 20:58:39.990000+00:00,42.554,142.947,108.4,5.1,mwc,reviewed,"45 km SSW of Obihiro, Japan"
2004-07-21 00:11:29.780000+00:00,40.972,143.083,30.4,5.4,mwc,reviewed,"143 km ENE of Hachinohe, Japan"
2004-07-25 18:33:59.250000+00:00,41.013,142.113,71.0,4.6,mwr,reviewed,"70 km ENE of Misawa, Japan"
2004-07-27 08:44:16.730000+00:00,42.926,145.277,84.5,4.6,mwr,reviewed,"50 km SSW of Nemuro, Japan"
2004-07-29 04:08:45.390000+00:00,42.388,142.937,48.5,4.6,mwr,reviewed,"47 km E of Shizunai-furukawach?, Japan"
2004-08-02 00:08:03.110000+00:00,34.739,135.094,397.2,4.6,mwr,reviewed,"9 km WNW of Kobe, Japan"
2004-08-03 12:30:02.770000+00:00,34.582,139.492,114.9,4.7,mwr,reviewed,"51 km ESE of Shimoda, Japan"
2004-08-05 18:23:32.870000+00:00,35.522,139.836,85.5,4.7,mwr,reviewed,"10 km E of Kawasaki, Japan"
2004-08-08 07:41:12.390000+00:00,33.176,136.947,371.7,4.6,mwr,reviewed,"108 km SE of Shing?, Japan"
2004-08-10 06:13:33.240000+00:00,39.633,141.956,69.7,5.7,mwb,reviewed,"2 km SE of Miyako, Japan"
2004-08-12 08:48:40.950000+00:00,34.279,141.371,32.2,4.5,mwr,reviewed,"136 km SE of Katsuura, Japan"
2004-08-17 03:01:50.550000+00:00,41.482,143.4,36.0,5.1,mwc,reviewed,"127 km SE of Shizunai-furukawach?, Japan"
2004-08-19 11:40:42.680000+00:00,37.117,141.287,77.6,4.9,mwc,reviewed,"36 km ENE of Iwaki, Japan"
2004-08-20 20:33:04.150000+00:00,35.05,141.115,27.0,5.3,mwc,reviewed,"69 km ESE of ?hara, Japan"
2004-08-22 22:35:02.250000+00:00,32.183,139.933,109.4,4.7,mwr,reviewed,"291 km SSE of Shimoda, Japan"
2004-08-25 05:19:33.270000+00:00,44.363,142.439,218.0,4.6,mwr,reviewed,"2 km NW of Nayoro, Japan"
2004-09-01 02:49:28.610000+00:00,36.959,141.607,34.9,5.7,mwc,reviewed,"65 km E of Iwaki, Japan"
2004-09-05 14:57:18.610000+00:00,33.184,137.071,10.0,7.4,mwb,reviewed,"118 km ESE of Shing?, Japan"
2004-09-05 20:30:59.810000+00:00,33.247,136.804,10.0,5.7,mwc,reviewed,"93 km SE of Shing?, Japan"
2004-09-06 23:29:35.090000+00:00,33.205,137.227,10.0,6.6,mwc,reviewed,"129 km ESE of Shing?, Japan"
2004-09-08 14:58:25.830000+00:00,33.14,137.2,21.2,6.1,mwb,reviewed,"130 km ESE of Shing?, Japan"
2004-09-10 02:05:57.830000+00:00,33.059,136.497,10.0,5.6,mwc,reviewed,"88 km SSE of Shing?, Japan"
2004-09-11 05:04:46.950000+00:00,33.718,142.067,40.0,4.5,mb,reviewed,"225 km SE of Katsuura, Japan"
2004-09-18 20:46:45.240000+00:00,40.82,143.041,45.3,4.8,mwc,reviewed,"135 km ENE of Hachinohe, Japan"
2004-09-22 11:03:53.990000+00:00,41.34,141.367,131.9,4.9,mwc,reviewed,"13 km ENE of Mutsu, Japan"
2004-09-24 07:05:28.320000+00:00,32.382,141.428,48.0,4.6,mwr,reviewed,"Izu Islands, Japan region"
2004-09-28 10:41:50.500000+00:00,32.426,141.202,43.6,5.3,mwc,reviewed,"Izu Islands, Japan region"
2004-10-06 14:40:39.920000+00:00,35.95,139.919,64.0,5.8,mwc,reviewed,"4 km E of Noda, Japan"
2004-10-07 19:26:43.550000+00:00,42.411,143.037,48.4,5.2,mwc,reviewed,"55 km E of Shizunai-furukawach?, Japan"
2004-10-09 02:40:09.800000+00:00,32.083,141.678,41.1,4.5,mwr,reviewed,"Izu Islands, Japan region"
2004-10-11 05:09:36.420000+00:00,31.168,135.404,502.2,5.3,mwc,reviewed,"262 km SSE of Muroto-misakicho, Japan"
2004-10-16 18:54:43.560000+00:00,36.237,141.305,47.0,5.8,mwb,reviewed,"65 km E of ?arai, Japan"
2004-10-19 00:46:39.960000+00:00,30.575,138.469,408.7,5.1,mwc,reviewed,"Izu Islands, Japan region"
2004-10-21 19:38:46.480000+00:00,36.322,137.662,220.4,4.8,mwr,reviewed,"19 km W of Hotaka, Japan"
2004-10-23 08:56:00.860000+00:00,37.226,138.779,16.0,6.6,mwc,reviewed,"8 km SSW of Ojiya, Japan"
2004-10-24 21:04:57.060000+00:00,37.308,138.701,11.0,5.7,mwb,reviewed,"8 km W of Ojiya, Japan"
2004-10-27 01:40:50.260000+00:00,37.284,138.885,14.1,6.0,mwb,reviewed,"7 km ESE of Ojiya, Japan"
2004-10-31 19:35:48.650000+00:00,37.185,138.747,10.0,4.8,mwc,reviewed,"5 km NNW of T?kamachi, Japan"
2004-11-02 13:04:24.360000+00:00,38.837,142.77,23.1,5.2,mwc,reviewed,"92 km ESE of Kamaishi, Japan"
2004-11-03 23:57:28.180000+00:00,37.434,138.752,10.0,5.3,mwc,reviewed,"8 km WSW of Nagaoka, Japan"
2004-11-05 17:53:21.400000+00:00,37.338,138.884,10.0,5.1,mwc,reviewed,"8 km ENE of Ojiya, Japan"
2004-11-08 15:07:24.500000+00:00,33.721,138.403,10.0,5.6,mwc,reviewed,"99 km S of ?yama, Japan"
2004-11-09 18:43:08.400000+00:00,37.368,138.825,10.3,5.1,mwc,reviewed,"7 km NNE of Ojiya, Japan"
2004-11-11 10:02:47.330000+00:00,42.139,144.344,32.8,6.1,mwb,reviewed,"92 km S of Kushiro, Japan"
2004-11-14 18:44:14.220000+00:00,41.715,144.049,25.0,5.5,mwc,reviewed,"142 km S of Kushiro, Japan"
2004-11-22 14:57:37.560000+00:00,41.803,143.983,26.7,5.1,mwc,reviewed,"134 km SSW of Kushiro, Japan"
2004-11-26 22:42:37.320000+00:00,42.377,142.899,58.0,5.7,mwb,reviewed,"44 km E of Shizunai-furukawach?, Japan"
2004-11-28 18:32:14.130000+00:00,43.006,145.119,39.0,7.0,mwb,reviewed,"51 km SW of Nemuro, Japan"
2004-12-01 06:52:29.670000+00:00,41.559,141.997,74.0,4.5,mwr,reviewed,"71 km ENE of Mutsu, Japan"
2004-12-04 07:53:09.420000+00:00,32.858,141.935,10.0,4.5,mwr,reviewed,"294 km SSE of Katsuura, Japan"
2004-12-06 14:15:11.890000+00:00,42.9,145.228,35.0,6.8,mwb,reviewed,"54 km SSW of Nemuro, Japan"
2004-12-08 09:38:51.280000+00:00,30.445,137.335,484.3,4.9,mwr,reviewed,"Izu Islands, Japan region"
2004-12-14 05:56:10.040000+00:00,44.119,141.793,10.0,5.8,mwb,reviewed,"23 km NNE of Rumoi, Japan"
2004-12-19 05:22:49.910000+00:00,36.382,141.4,37.0,5.2,mwc,reviewed,"71 km ESE of Hitachi, Japan"
2004-12-20 09:27:05.190000+00:00,30.844,141.954,39.7,4.6,mwr,reviewed,"Izu Islands, Japan region"
2004-12-21 15:34:28.130000+00:00,42.955,145.414,37.4,5.6,mwb,reviewed,"42 km SSW of Nemuro, Japan"
2004-12-28 09:30:40.220000+00:00,37.239,138.787,35.8,4.8,mwc,reviewed,"6 km S of Ojiya, Japan"
2004-12-29 13:58:50.260000+00:00,38.455,142.018,44.5,5.7,mwc,reviewed,"62 km E of Ishinomaki, Japan"
2004-12-31 20:13:49.460000+00:00,36.857,140.835,89.6,5.1,mwc,reviewed,"10 km NE of Kitaibaraki, Japan"
2005-01-06 13:00:40.220000+00:00,41.456,142.065,65.5,5.4,mwc,reviewed,"73 km ENE of Mutsu, Japan"
2005-01-09 16:22:06.520000+00:00,34.562,136.705,327.4,4.8,mwr,reviewed,"8 km N of Ise, Japan"
2005-01-12 18:41:48.950000+00:00,34.089,141.561,20.1,5.1,mwc,reviewed,"163 km SE of Katsuura, Japan"
2005-01-19 06:11:36.400000+00:00,34.064,141.491,27.8,6.6,mwc,reviewed,"161 km SE of Katsuura, Japan"
2005-01-20 14:16:26.820000+00:00,33.859,141.509,51.3,5.4,mwc,reviewed,"180 km SE of Katsuura, Japan"
2005-01-21 17:58:56.410000+00:00,34.003,141.367,10.0,5.8,mwb,reviewed,"159 km SE of Katsuura, Japan"
2005-01-22 23:41:44.850000+00:00,42.588,142.881,113.6,4.6,mwr,reviewed,"45 km SW of Obihiro, Japan"
2005-01-27 19:49:16.030000+00:00,42.869,145.051,43.7,4.7,mwr,reviewed,"56 km ESE of Kushiro, Japan"
2005-01-31 09:39:47.570000+00:00,41.834,143.643,21.9,5.4,mwc,reviewed,"119 km ESE of Shizunai-furukawach?, Japan"
2005-02-01 15:33:54.170000+00:00,30.485,141.779,41.5,4.6,mb,reviewed,"Izu Islands, Japan region"
2005-02-04 18:34:13.670000+00:00,33.159,142.051,20.8,5.0,mwc,reviewed,"272 km SE of Katsuura, Japan"
2005-02-08 02:29:29.380000+00:00,36.154,139.984,81.2,4.9,mwc,reviewed,"4 km NNE of Ishige, Japan"
2005-02-12 02:30:15.840000+00:00,42.432,142.813,64.9,4.5,mwr,reviewed,"38 km ENE of Shizunai-furukawach?, Japan"
2005-02-15 19:46:35.880000+00:00,35.982,139.686,46.2,5.5,mwb,reviewed,"2 km NNW of Iwatsuki, Japan"
2005-02-19 02:51:11.940000+00:00,30.684,141.581,14.2,4.7,mwr,reviewed,"Izu Islands, Japan region"
2005-02-22 11:20:25.280000+00:00,33.182,137.154,369.5,5.6,mwb,reviewed,"124 km ESE of Shing?, Japan"
2005-02-24 22:53:20.230000+00:00,34.206,141.478,40.4,4.8,mwr,reviewed,"149 km SE of Katsuura, Japan"
2005-02-26 12:37:40.690000+00:00,40.731,142.376,68.0,5.7,mwb,reviewed,"78 km ENE of Hachinohe, Japan"
2005-03-11 18:47:36.690000+00:00,43.085,144.674,54.1,5.5,mwb,reviewed,"27 km ENE of Kushiro, Japan"
2005-03-18 00:38:35.020000+00:00,44.32,140.914,52.7,4.7,mwr,reviewed,"72 km NW of Rumoi, Japan"
2005-03-19 00:57:30.070000+00:00,43.381,147.8,44.5,4.7,mb,reviewed,Kuril Islands
2005-03-20 01:53:41.830000+00:00,33.807,130.131,10.0,6.6,mwc,reviewed,"28 km NNW of Maebaru-ch??, Japan"
2005-03-22 06:55:35.140000+00:00,33.718,130.208,10.0,4.9,mwr,reviewed,"17 km N of Maebaru-ch??, Japan"
2005-03-24 06:18:33.450000+00:00,41.387,142.886,35.0,4.8,mwc,reviewed,"113 km SSE of Shizunai-furukawach?, Japan"
2005-03-28 22:09:29.340000+00:00,40.818,143.034,55.5,4.5,mb,reviewed,"134 km ENE of Hachinohe, Japan"
2005-03-30 13:05:13.520000+00:00,34.009,142.263,35.0,4.9,mwc,reviewed,"218 km SE of Katsuura, Japan"
2005-04-02 14:58:36.150000+00:00,42.489,144.983,33.3,4.7,mwr,reviewed,"73 km SE of Kushiro, Japan"
2005-04-03 17:57:11.730000+00:00,37.387,141.645,37.6,5.1,mwc,reviewed,"58 km E of Namie, Japan"
2005-04-07 23:43:19.840000+00:00,34.147,142.447,35.0,4.6,mb,reviewed,"224 km ESE of ?hara, Japan"
2005-04-10 22:22:15.710000+00:00,35.604,140.401,43.0,5.9,mwb,reviewed,"near the east coast of Honshu, Japan"
2005-04-13 09:50:21.620000+00:00,31.202,142.357,24.8,5.0,mwc,reviewed,"Izu Islands, Japan region"
2005-04-19 21:11:28.420000+00:00,33.637,130.179,18.7,5.5,mwb,reviewed,"8 km NNW of Maebaru-ch??, Japan"
2005-04-24 04:00:12.650000+00:00,33.211,140.631,20.3,4.5,mwr,reviewed,"208 km SSE of Tateyama, Japan"
2005-04-28 04:16:52.250000+00:00,39.554,143.237,54.9,4.5,mwr,reviewed,"111 km E of Yamada, Japan"
2005-04-30 16:49:13.600000+00:00,35.114,141.06,46.4,4.6,mb,reviewed,"62 km ESE of ?hara, Japan"
2005-05-03 11:04:53.150000+00:00,41.481,138.93,208.4,5.0,mwr,reviewed,"142 km WNW of Shimokizukuri, Japan"
2005-05-10 23:50:38.940000+00:00,43.781,143.205,160.6,5.0,mwr,reviewed,"35 km E of Kamikawa, Japan"
2005-05-14 06:31:20.620000+00:00,35.412,140.405,70.9,4.5,mb,reviewed,"10 km E of Mobara, Japan"
2005-05-15 10:01:23.300000+00:00,35.699,140.583,53.0,4.9,mwr,reviewed,"near the east coast of Honshu, Japan"
2005-05-19 01:14:28.900000+00:00,35.432,140.827,47.5,5.3,mwc,reviewed,"33 km S of Hasaki, Japan"
2005-05-21 16:29:22.660000+00:00,30.71,138.464,395.5,5.1,mwc,reviewed,"Izu Islands, Japan region"
2005-05-25 11:31:31.050000+00:00,33.336,132.102,54.6,4.5,mwr,reviewed,"36 km NE of Tsukumiura, Japan"
2005-05-27 08:07:18.650000+00:00,38.575,140.364,109.6,5.1,mwc,reviewed,"4 km SW of Obanazawa, Japan"
2005-05-28 20:55:12.010000+00:00,34.395,137.551,296.4,5.2,mwc,reviewed,"37 km SSW of Hamamatsu, Japan"
2005-05-30 11:18:10.950000+00:00,31.915,140.795,61.8,5.1,mwc,reviewed,"Izu Islands, Japan region"
2005-05-31 02:04:15.240000+00:00,31.4,131.202,34.2,5.7,mwb,reviewed,"10 km SSW of Kushima, Japan"
2005-06-01 11:29:33.410000+00:00,33.867,142.582,10.0,4.5,mb,reviewed,"251 km SE of Katsuura, Japan"
2005-06-02 19:16:41.840000+00:00,32.495,130.548,10.0,4.5,mwr,reviewed,"4 km WSW of Honmachi, Japan"
2005-06-04 18:23:37.900000+00:00,33.117,137.587,338.4,4.8,mwr,reviewed,"164 km ESE of Shing?, Japan"
2005-06-09 00:28:46.130000+00:00,35.469,140.03,67.1,4.5,mwr,reviewed,"near the east coast of Honshu, Japan"
2005-06-13 19:18:21.010000+00:00,37.323,135.122,357.5,4.7,mwr,reviewed,"153 km NW of Mikuni, Japan"
2005-06-16 14:42:18.670000+00:00,42.947,145.58,37.2,4.7,mwr,reviewed,"41 km S of Nemuro, Japan"
2005-06-19 16:15:15.230000+00:00,35.612,140.479,48.2,5.7,mwb,reviewed,"5 km ENE of Narut?, Japan"
2005-06-22 03:20:46.570000+00:00,37.624,134.573,395.5,4.8,mb,reviewed,"210 km NW of Mikuni, Japan"
2005-06-26 11:22:19.780000+00:00,41.823,140.622,126.0,4.5,mwr,reviewed,"1 km W of Kamiiso, Japan"
2005-06-27 12:41:23.730000+00:00,31.177,130.227,173.9,4.6,mb,reviewed,"13 km SW of Makurazaki, Japan"
2005-07-01 09:36:16.380000+00:00,31.922,139.057,206.4,5.5,mwc,reviewed,"Izu Islands, Japan region"
2005-07-05 20:10:41.740000+00:00,39.67,143.104,26.3,5.1,mwc,reviewed,"99 km E of Miyako, Japan"
2005-07-09 23:37:11.140000+00:00,33.422,140.825,55.2,5.8,mwb,reviewed,"194 km SSE of Tateyama, Japan"
2005-07-12 16:53:00.760000+00:00,34.195,141.925,33.3,4.6,mb,reviewed,"181 km SE of Katsuura, Japan"
2005-07-22 00:27:05.790000+00:00,35.691,140.571,65.8,4.6,mwr,reviewed,"2 km ESE of Y?kaichiba, Japan"
2005-07-23 07:34:56.770000+00:00,35.498,139.982,61.0,5.9,mwb,reviewed,"9 km WSW of Ichihara, Japan"
2005-07-24 09:12:56.200000+00:00,35.152,140.041,71.7,4.5,mwr,reviewed,"8 km NW of Kamogawa, Japan"
2005-07-27 02:39:22.570000+00:00,33.256,142.316,33.5,5.3,mwc,reviewed,"279 km SE of Katsuura, Japan"
2005-07-27 15:51:38.410000+00:00,33.254,142.428,33.9,5.1,mwc,reviewed,"286 km SE of Katsuura, Japan"
2005-07-29 20:25:00.100000+00:00,33.316,142.363,11.0,5.4,mwb,reviewed,"277 km SE of Katsuura, Japan"
2005-07-30 18:41:08.240000+00:00,33.235,142.433,36.5,4.7,mwr,reviewed,"288 km SE of Katsuura, Japan"
2005-08-04 13:35:33.050000+00:00,33.531,142.545,34.9,4.5,mb,reviewed,"272 km SE of Katsuura, Japan"
2005-08-06 16:05:24.150000+00:00,35.492,140.01,61.6,4.9,mwc,reviewed,"7 km WSW of Ichihara, Japan"
2005-08-07 15:06:45.450000+00:00,36.326,141.367,39.2,5.5,mwc,reviewed,"70 km E of ?arai, Japan"
2005-08-09 16:26:23.500000+00:00,33.428,142.432,38.1,5.0,mwc,reviewed,"272 km SE of Katsuura, Japan"
2005-08-16 02:46:28.400000+00:00,38.276,142.039,36.0,7.2,mwc,reviewed,"66 km ESE of Ishinomaki, Japan"
2005-08-17 13:36:10.810000+00:00,40.993,143.134,27.4,4.8,mwc,reviewed,"148 km ENE of Hachinohe, Japan"
2005-08-21 02:29:29.940000+00:00,37.276,138.588,13.3,4.8,mwc,reviewed,"10 km SSE of Kashiwazaki, Japan"
2005-08-24 10:15:28.190000+00:00,38.564,142.987,10.0,6.1,mwb,reviewed,"123 km ESE of ?funato, Japan"
2005-08-25 22:29:03.230000+00:00,37.736,143.072,38.2,5.1,mwc,reviewed,"172 km ESE of Ishinomaki, Japan"
2005-08-30 18:10:45.460000+00:00,38.481,143.175,21.1,6.1,mwb,reviewed,"142 km ESE of ?funato, Japan"
2005-09-02 16:24:44.470000+00:00,41.514,141.91,70.1,5.0,mwc,reviewed,"63 km ENE of Mutsu, Japan"
2005-09-04 09:45:52.140000+00:00,33.004,142.45,40.0,4.6,mb,reviewed,"off the east coast of Honshu, Japan"
2005-09-09 07:15:32.400000+00:00,35.66,140.629,69.2,4.8,mwr,reviewed,"6 km SSW of Asahi, Japan"
2005-09-11 19:28:34.230000+00:00,38.12,142.28,45.0,4.7,mwc,reviewed,"91 km ESE of Ishinomaki, Japan"
2005-09-22 03:22:46.430000+00:00,33.079,142.569,35.0,4.6,mb,reviewed,"off the east coast of Honshu, Japan"
2005-09-24 14:48:48.320000+00:00,34.297,140.82,66.5,5.2,mwc,reviewed,"104 km SSE of Katsuura, Japan"
2005-09-28 11:20:01.430000+00:00,39.32,140.171,150.6,4.8,mwr,reviewed,"30 km WSW of ?magari, Japan"
2005-10-06 05:06:01.260000+00:00,30.443,140.264,20.0,4.5,mwr,reviewed,"Izu Islands, Japan region"
2005-10-10 14:20:50.530000+00:00,31.576,144.165,38.3,4.6,mb,reviewed,East of the Izu Islands
2005-10-12 04:30:15.490000+00:00,37.912,141.923,46.5,5.0,mwr,reviewed,"78 km SE of Ishinomaki, Japan"
2005-10-13 16:29:16.770000+00:00,31.654,138.209,359.0,4.5,mwr,reviewed,"Izu Islands, Japan region"
2005-10-16 07:05:41.610000+00:00,36.014,139.773,40.3,5.0,mwc,reviewed,"4 km NNE of Kasukabe, Japan"
2005-10-17 16:13:46.290000+00:00,40.638,139.059,35.0,5.3,mwc,reviewed,"95 km WNW of Noshiro, Japan"
2005-10-19 11:44:42.790000+00:00,36.405,140.839,32.0,6.3,mwb,reviewed,"25 km ENE of ?arai, Japan"
2005-10-23 10:08:14.740000+00:00,37.377,134.556,380.7,5.9,mwb,reviewed,"191 km NW of Mikuni, Japan"
2005-10-24 09:34:55.940000+00:00,38.5,141.983,59.7,5.0,mwc,reviewed,"60 km E of Ishinomaki, Japan"
2005-10-27 08:41:46.770000+00:00,30.873,138.468,382.2,5.2,mwc,reviewed,"Izu Islands, Japan region"
2005-11-01 16:08:59.580000+00:00,37.56,144.831,17.7,4.9,mwc,reviewed,"off the east coast of Honshu, Japan"
2005-11-03 16:01:55.240000+00:00,37.361,138.313,24.4,4.5,mwr,reviewed,"near the west coast of Honshu, Japan"
2005-11-07 10:35:51.900000+00:00,40.126,142.763,38.6,5.0,mwc,reviewed,"88 km NE of Miyako, Japan"
2005-11-10 08:44:42.570000+00:00,33.282,141.681,48.0,4.6,mwr,reviewed,"242 km SSE of Katsuura, Japan"
2005-11-11 21:02:08.030000+00:00,36.554,140.834,59.1,4.6,mwr,reviewed,"17 km ESE of Hitachi, Japan"
2005-11-14 21:38:51.420000+00:00,38.107,144.896,11.0,7.0,mwc,reviewed,"293 km ESE of Kamaishi, Japan"
2005-11-17 21:59:29.930000+00:00,33.319,141.388,10.0,5.7,mwc,reviewed,"225 km SSE of Katsuura, Japan"
2005-11-21 18:06:18.650000+00:00,30.001,138.985,421.7,4.6,mwr,reviewed,"Izu Islands, Japan region"
2005-11-25 00:28:16.960000+00:00,38.026,145.068,10.0,4.9,mwc,reviewed,"off the east coast of Honshu, Japan"
2005-11-27 10:50:04.920000+00:00,37.501,134.582,376.6,4.9,mb,reviewed,"199 km NW of Mikuni, Japan"
2005-12-02 13:13:09.520000+00:00,38.089,142.122,29.0,6.5,mwc,reviewed,"80 km ESE of Ishinomaki, Japan"
2005-12-04 22:20:27.460000+00:00,37.884,142.443,35.2,5.2,mwc,reviewed,"116 km ESE of Ishinomaki, Japan"
2005-12-07 04:17:59.340000+00:00,39.128,143.447,28.6,4.8,mwc,reviewed,"134 km ESE of Yamada, Japan"
2005-12-10 23:52:43.760000+00:00,35.008,137.141,20.0,4.7,mb,reviewed,"eastern Honshu, Japan"
2005-12-12 21:01:40.630000+00:00,43.206,139.329,26.4,5.4,mwb,reviewed,"99 km WNW of Iwanai, Japan"
2005-12-14 01:19:46.340000+00:00,33.115,137.035,379.3,4.7,mb,reviewed,"119 km SE of Shing?, Japan"
2005-12-16 18:32:16.420000+00:00,38.506,141.9,42.9,6.0,mwc,reviewed,"53 km E of Ishinomaki, Japan"
2005-12-20 05:34:41.710000+00:00,34.529,136.629,354.4,5.0,mwr,reviewed,"8 km NW of Ise, Japan"
2005-12-22 05:35:06.520000+00:00,33.356,142.403,38.9,4.6,mb,reviewed,"276 km SE of Katsuura, Japan"
2005-12-24 02:01:55.020000+00:00,35.231,136.84,43.0,4.7,mwr,reviewed,"5 km ESE of Inazawa, Japan"
2005-12-28 09:46:07.650000+00:00,36.218,139.907,67.9,4.7,mwr,reviewed,"9 km SSE of Y?ki, Japan"
2005-12-28 15:41:52.520000+00:00,43.043,145.594,54.1,4.5,mwr,reviewed,"31 km S of Nemuro, Japan"
2005-12-30 21:14:52.420000+00:00,32.146,141.73,27.1,4.8,mb,reviewed,"Izu Islands, Japan region"
2006-01-01 07:11:57.010000+00:00,31.394,140.131,10.0,5.6,mwb,reviewed,"Izu Islands, Japan region"
2006-01-02 20:07:27.450000+00:00,38.26,144.762,68.8,4.9,mb,reviewed,"275 km ESE of Kamaishi, Japan"
2006-01-18 14:25:27.590000+00:00,37.774,142.131,25.8,5.7,mwb,reviewed,"101 km SE of Ishinomaki, Japan"
2006-01-24 03:06:09.650000+00:00,34.341,137.226,328.6,4.5,mwr,reviewed,"36 km S of Tahara, Japan"
2006-01-31 19:23:59.020000+00:00,38.321,142.342,41.8,5.3,mwc,reviewed,"91 km E of Ishinomaki, Japan"
2006-02-03 04:37:36.360000+00:00,36.156,141.449,28.0,5.7,mwb,reviewed,"72 km NE of Hasaki, Japan"
2006-02-13 08:23:23.580000+00:00,38.348,139.77,52.2,4.5,mwr,reviewed,"28 km ENE of Murakami, Japan"
2006-02-21 04:44:08.740000+00:00,36.054,142.319,31.9,5.2,mwc,reviewed,"138 km ENE of Hasaki, Japan"
2006-02-24 15:50:22.250000+00:00,30.326,140.772,111.7,4.5,mb,reviewed,"Izu Islands, Japan region"
2006-03-04 18:38:14.750000+00:00,33.689,137.371,338.0,5.2,mwc,reviewed,"100 km SSE of Toba, Japan"
2006-03-11 22:06:39.070000+00:00,40.079,142.364,3.3,5.0,mwc,reviewed,"60 km NE of Miyako, Japan"
2006-03-13 04:06:09.350000+00:00,36.057,141.766,59.0,5.1,mwc,reviewed,"near the east coast of Honshu, Japan"
2006-03-16 13:57:44.030000+00:00,31.24,141.826,36.1,4.5,mb,reviewed,"Izu Islands, Japan region"
2006-03-24 22:16:02.480000+00:00,42.325,142.983,51.0,4.8,mwr,reviewed,"50 km E of Shizunai-furukawach?, Japan"
2006-03-27 02:50:26.370000+00:00,32.602,132.157,34.8,5.5,mwc,reviewed,"45 km SSE of Saiki, Japan"
2006-03-28 13:32:47.620000+00:00,31.713,137.746,401.0,5.9,mwb,reviewed,"278 km SE of Shing?, Japan"
2006-04-03 21:12:33.580000+00:00,30.817,140.186,119.3,4.5,mwr,reviewed,"Izu Islands, Japan region"
2006-04-08 13:42:49.500000+00:00,30.693,142.112,31.8,4.6,mb,reviewed,"Izu Islands, Japan region"
2006-04-10 11:25:59.630000+00:00,43.691,144.755,120.0,5.1,mwc,reviewed,"30 km W of Shibetsu, Japan"
2006-04-11 08:46:07.350000+00:00,34.628,140.404,69.8,4.9,mwc,reviewed,"58 km S of Katsuura, Japan"
2006-04-13 04:27:22.620000+00:00,41.85,142.707,37.2,5.3,mwc,reviewed,"60 km SSE of Shizunai-furukawach?, Japan"
2006-04-16 11:48:56.990000+00:00,30.242,138.565,431.6,5.7,mwb,reviewed,"Izu Islands, Japan region"
2006-04-18 10:38:25.170000+00:00,42.198,144.246,30.3,4.8,mwc,reviewed,"86 km S of Kushiro, Japan"
2006-04-19 14:10:16.810000+00:00,32.422,141.626,10.0,4.8,mwc,reviewed,"Izu Islands, Japan region"
2006-04-20 17:50:40.450000+00:00,34.858,139.207,22.6,5.6,mwb,reviewed,"16 km SE of It?, Japan"
2006-04-24 04:28:14.320000+00:00,38.289,139.826,154.1,4.9,mwc,reviewed,"27 km NW of Nagai, Japan"
2006-04-26 14:10:37.710000+00:00,42.064,142.493,66.8,4.8,mwc,reviewed,"31 km SSE of Shizunai-furukawach?, Japan"
2006-05-02 09:24:31.470000+00:00,34.773,139.256,26.1,4.9,mwc,reviewed,"26 km SE of It?, Japan"
2006-05-03 13:07:32.620000+00:00,42.805,144.96,65.0,4.9,mwc,reviewed,"51 km ESE of Kushiro, Japan"
2006-05-11 16:09:45.140000+00:00,42.97,145.736,50.1,5.0,mwc,reviewed,"41 km SSE of Nemuro, Japan"
2006-05-20 04:57:52.690000+00:00,35.025,139.986,70.5,4.5,mwr,reviewed,"11 km ENE of Tateyama, Japan"
2006-05-21 07:22:36.930000+00:00,38.667,142.249,49.8,4.5,mwr,reviewed,"64 km SE of ?funato, Japan"
2006-05-22 15:16:20.530000+00:00,30.011,131.011,39.0,5.3,mwc,reviewed,"52 km ESE of Koshima, Japan"
2006-05-23 17:03:09.090000+00:00,30.084,131.028,39.1,4.8,mwc,reviewed,"49 km SE of Koseda, Japan"
2006-05-26 10:25:59.980000+00:00,30.398,138.35,438.3,5.2,mwc,reviewed,"Izu Islands, Japan region"
2006-05-28 20:18:45.600000+00:00,41.891,144.292,30.3,4.7,mwr,reviewed,"120 km S of Kushiro, Japan"
2006-06-11 20:01:26.350000+00:00,33.134,131.145,140.0,6.3,mwb,reviewed,"15 km S of Tsukawaki, Japan"
2006-06-13 02:40:33.110000+00:00,42.702,143.422,85.5,4.8,mwc,reviewed,"29 km SE of Obihiro, Japan"
2006-06-16 17:10:40.300000+00:00,40.349,143.712,30.0,5.5,mwb,reviewed,"170 km ENE of Miyako, Japan"
2006-06-19 21:47:12.250000+00:00,35.722,139.994,80.9,4.8,mwc,reviewed,"2 km NNE of Honch?, Japan"
2006-06-22 17:40:43.550000+00:00,37.637,135.522,351.1,4.5,mwr,reviewed,"139 km NW of Hakui, Japan"
2006-06-24 23:00:50.610000+00:00,32.13,138.012,420.3,4.6,mb,reviewed,"260 km SE of Shing?, Japan"
2006-06-30 23:28:13.230000+00:00,38.47,142.156,40.0,5.2,mwc,reviewed,"74 km E of Ishinomaki, Japan"
2006-07-05 17:08:41.050000+00:00,40.171,142.318,46.4,5.3,mwc,reviewed,"66 km NNE of Miyako, Japan"
2006-07-09 00:06:19.560000+00:00,35.515,139.947,24.1,4.7,mb,reviewed,"12 km W of Ichihara, Japan"
2006-07-20 13:40:14.500000+00:00,39.401,141.219,119.8,4.5,mb,reviewed,"9 km ENE of Hanamaki, Japan"
2006-08-01 10:30:01.200000+00:00,42.694,145.943,69.6,4.5,mb,reviewed,"76 km SSE of Nemuro, Japan"
2006-08-20 01:58:19.510000+00:00,39.667,143.542,36.4,5.1,mwc,reviewed,"137 km E of Miyako, Japan"
2006-08-21 22:20:49.480000+00:00,33.631,135.825,411.2,5.5,mwc,reviewed,"18 km SW of Shing?, Japan"
2006-08-30 18:38:09.310000+00:00,43.775,145.393,104.5,4.9,mwc,reviewed,"24 km ENE of Shibetsu, Japan"
2006-09-01 12:17:10.690000+00:00,34.453,141.363,45.0,4.9,mb,reviewed,"122 km SE of Katsuura, Japan"
2006-09-06 18:06:33.630000+00:00,35.48,140.837,49.7,5.1,mwc,reviewed,"28 km S of Hasaki, Japan"
2006-09-09 10:36:03.920000+00:00,38.297,142.018,66.3,4.6,mwr,reviewed,"64 km ESE of Ishinomaki, Japan"
2006-09-15 06:28:56.950000+00:00,33.616,139.848,129.5,4.6,mb,reviewed,"144 km SE of Shimoda, Japan"
2006-09-17 04:45:22.320000+00:00,38.228,144.926,28.3,4.6,mwr,reviewed,"290 km ESE of Kamaishi, Japan"
2006-09-23 22:18:54.160000+00:00,43.018,145.84,66.7,4.6,mwr,reviewed,"40 km SSE of Nemuro, Japan"
2006-09-25 22:03:47.910000+00:00,33.46,131.514,72.7,5.3,mwc,reviewed,"10 km N of Hiji, Japan"
2006-09-29 15:37:43.560000+00:00,43.3,145.133,75.9,4.5,mwr,reviewed,"35 km W of Nemuro, Japan"
2006-10-01 17:07:24.990000+00:00,38.508,142.721,67.9,5.1,mwc,reviewed,"107 km SE of ?funato, Japan"
2006-10-13 01:18:46.660000+00:00,37.346,142.828,10.0,4.9,mwc,reviewed,"162 km E of Namie, Japan"
2006-10-17 19:19:10.670000+00:00,37.514,142.86,24.6,4.8,mwc,reviewed,"off the east coast of Honshu, Japan"
2006-11-01 14:21:36.720000+00:00,42.349,143.029,58.8,4.9,mwc,reviewed,"54 km E of Shizunai-furukawach?, Japan"
2006-11-17 12:31:36.720000+00:00,33.205,137.352,366.3,5.4,mwc,reviewed,"140 km ESE of Shing?, Japan"
2006-11-27 19:26:06.310000+00:00,37.776,133.497,441.4,5.3,mwc,reviewed,"249 km N of Sakaiminato, Japan"
2006-12-02 00:49:19.670000+00:00,36.437,142.57,34.5,4.6,mwr,reviewed,"165 km ESE of Iwaki, Japan"
2006-12-03 21:08:37.310000+00:00,35.639,140.491,62.9,4.6,mwr,reviewed,"8 km ENE of Narut?, Japan"
2006-12-06 14:04:50.390000+00:00,42.195,144.725,34.8,5.1,mwc,reviewed,"91 km SSE of Kushiro, Japan"
2006-12-25 20:17:18.350000+00:00,37.791,138.162,37.3,4.5,mwr,reviewed,"40 km SW of Ry?tsu-minato, Japan"
2006-12-30 22:34:36.130000+00:00,43.371,146.277,10.0,5.0,mwc,reviewed,"57 km E of Nemuro, Japan"
2007-01-08 20:12:06.640000+00:00,44.324,143.969,26.3,4.8,mwc,reviewed,"41 km NW of Abashiri, Japan"
2007-01-15 18:17:59.250000+00:00,34.892,138.64,170.1,5.9,mwb,reviewed,"15 km WSW of Heda, Japan"
2007-01-23 04:07:29.470000+00:00,39.823,141.078,100.4,4.6,mwr,reviewed,"14 km NNW of Morioka, Japan"
2007-01-26 07:46:04.520000+00:00,34.41,141.425,54.1,4.9,mwr,reviewed,"130 km SE of Katsuura, Japan"
2007-01-30 15:34:22.320000+00:00,30.271,138.69,406.6,4.7,mwr,reviewed,"Izu Islands, Japan region"
2007-02-09 08:58:39.130000+00:00,41.734,143.697,30.3,4.7,mwr,reviewed,"128 km ESE of Shizunai-furukawach?, Japan"
2007-02-14 08:10:09.320000+00:00,33.835,142.346,38.5,4.9,mwc,reviewed,"236 km SE of Katsuura, Japan"
2007-02-17 00:02:56.760000+00:00,41.794,143.553,31.0,6.0,mwb,reviewed,"115 km ESE of Shizunai-furukawach?, Japan"
2007-02-25 11:41:25.290000+00:00,33.088,136.872,41.0,4.9,mwc,reviewed,"109 km SE of Shing?, Japan"
2007-02-26 15:41:21.150000+00:00,41.842,139.72,196.5,4.5,mb,reviewed,"76 km W of Kamiiso, Japan"
2007-03-02 20:14:08.100000+00:00,41.345,142.724,43.4,4.9,mwc,reviewed,"113 km SSE of Shizunai-furukawach?, Japan"
2007-03-08 22:28:51.840000+00:00,33.104,141.866,35.0,4.5,mb,reviewed,"267 km SSE of Katsuura, Japan"
2007-03-12 11:32:09.140000+00:00,42.746,141.577,144.2,4.7,mwr,reviewed,"10 km SW of Chitose, Japan"
2007-03-15 05:43:11.320000+00:00,41.956,141.215,125.0,4.7,mwr,reviewed,"43 km E of Honch?, Japan"
2007-03-18 01:25:24.110000+00:00,42.159,144.004,35.0,5.5,mwb,reviewed,"95 km SSW of Kushiro, Japan"
2007-03-25 00:41:57.820000+00:00,37.336,136.588,8.0,6.7,mwc,reviewed,"46 km NW of Nanao, Japan"
2007-03-26 05:46:35.600000+00:00,37.225,136.334,10.0,4.5,mwr,reviewed,"55 km NW of Hakui, Japan"
2007-03-27 23:08:14.030000+00:00,37.094,136.807,10.0,4.6,mwr,reviewed,"15 km WNW of Nanao, Japan"
2007-03-29 05:52:56.220000+00:00,30.893,141.775,39.5,5.2,mwc,reviewed,"Izu Islands, Japan region"
2007-04-01 02:51:05.300000+00:00,32.349,137.607,378.5,5.7,mwb,reviewed,"215 km SE of Shing?, Japan"
2007-04-03 00:32:02.800000+00:00,36.793,140.238,125.7,4.6,mb,reviewed,"10 km WNW of Daigo, Japan"
2007-04-04 21:40:18.770000+00:00,30.926,141.673,9.0,5.7,mwc,reviewed,"Izu Islands, Japan region"
2007-04-07 01:21:41.950000+00:00,30.849,141.847,35.0,5.2,mwc,reviewed,"Izu Islands, Japan region"
2007-04-13 18:11:06.270000+00:00,33.593,140.81,59.6,5.4,mwc,reviewed,"176 km SSE of Tateyama, Japan"
2007-04-15 03:19:30.390000+00:00,34.807,136.239,15.7,5.1,mwc,reviewed,"11 km ENE of Ueno-ebisumachi, Japan"
2007-04-18 15:07:31.600000+00:00,42.658,141.861,119.7,5.5,mwb,reviewed,"21 km E of Tomakomai, Japan"
2007-04-24 02:24:07.400000+00:00,30.77,141.901,41.6,4.7,mwr,reviewed,"Izu Islands, Japan region"
2007-04-26 16:37:57.690000+00:00,42.44,143.558,56.1,5.3,mwc,reviewed,"60 km SSE of Obihiro, Japan"
2007-04-30 16:55:39.630000+00:00,32.146,137.393,415.3,5.0,mwr,reviewed,"219 km SE of Shing?, Japan"
2007-05-07 00:29:06.410000+00:00,30.007,130.177,51.8,5.2,mwc,reviewed,"37 km SW of Kurio, Japan"
2007-05-14 11:37:22.140000+00:00,31.994,140.806,64.1,5.0,mwc,reviewed,"Izu Islands, Japan region"
2007-05-18 15:59:58.530000+00:00,41.597,141.991,58.3,5.5,mwb,reviewed,"73 km ENE of Mutsu, Japan"
2007-05-20 22:19:40.320000+00:00,37.944,135.393,354.0,5.3,mwc,reviewed,"170 km NW of Hakui, Japan"
2007-06-02 04:39:00.530000+00:00,32.791,138.046,329.5,4.9,mwr,reviewed,"201 km S of ?yama, Japan"
2007-06-03 18:07:18.530000+00:00,30.072,130.568,63.2,4.5,mwr,reviewed,"18 km S of Koshima, Japan"
2007-06-06 14:42:53.870000+00:00,33.319,131.409,18.8,4.8,mwc,reviewed,"9 km WNW of Beppu, Japan"
2007-06-08 13:24:41.600000+00:00,41.743,145.079,18.1,4.7,mwr,reviewed,"148 km SSE of Kushiro, Japan"
2007-06-10 18:45:14.750000+00:00,37.17,136.507,10.0,4.9,mwc,reviewed,"40 km NW of Hakui, Japan"
2007-06-19 06:27:50.860000+00:00,38.796,140.332,117.1,4.5,mwr,reviewed,"4 km NNE of Shinj?, Japan"
2007-06-20 14:00:27.780000+00:00,35.193,141.134,39.4,5.1,mwc,reviewed,"65 km SSE of Hasaki, Japan"
2007-06-21 18:34:14.360000+00:00,36.878,136.668,7.5,4.5,mwr,reviewed,"10 km W of Hakui, Japan"
2007-06-22 22:20:04.280000+00:00,42.539,142.185,125.4,5.0,mwc,reviewed,"27 km NNW of Shizunai-furukawach?, Japan"
2007-06-27 23:15:28.850000+00:00,37.235,135.577,362.0,4.5,mwr,reviewed,"114 km WNW of Hakui, Japan"
2007-07-01 04:12:07.750000+00:00,43.663,144.734,130.4,5.8,mwb,reviewed,"32 km W of Shibetsu, Japan"
2007-07-03 14:31:15.810000+00:00,35.773,140.521,64.2,4.5,mwr,reviewed,"8 km NNW of Y?kaichiba, Japan"
2007-07-08 11:16:00.990000+00:00,34.625,141.572,58.6,4.5,mwr,reviewed,"127 km ESE of ?hara, Japan"
2007-07-09 20:16:31.250000+00:00,34.69,141.599,8.4,4.7,mwr,reviewed,"126 km ESE of ?hara, Japan"
2007-07-16 14:17:37.340000+00:00,36.808,134.85,350.4,6.8,mwb,reviewed,"133 km WNW of Mikuni, Japan"
2007-07-18 18:01:23.530000+00:00,30.737,138.288,390.6,5.3,mwc,reviewed,"Izu Islands, Japan region"
2007-07-24 21:52:07.830000+00:00,37.482,138.541,47.5,4.9,mwc,reviewed,"12 km N of Kashiwazaki, Japan"
2007-07-28 08:55:49.300000+00:00,33.957,137.387,324.4,5.1,mwr,reviewed,"77 km SE of Toba, Japan"
2007-08-01 08:16:00.180000+00:00,33.905,136.613,370.5,5.5,mwb,reviewed,"42 km ESE of Owase, Japan"
2007-08-09 20:30:12.380000+00:00,30.074,131.153,29.0,5.0,mwc,reviewed,"59 km SE of Koseda, Japan"
2007-08-10 21:52:37.770000+00:00,30.036,131.061,26.9,4.8,mwr,reviewed,"55 km ESE of Koshima, Japan"
2007-08-13 06:47:13.020000+00:00,30.021,131.274,33.0,4.6,mwr,reviewed,"72 km SE of Koseda, Japan"
2007-08-15 19:15:10.270000+00:00,35.378,140.269,48.7,5.2,mwc,reviewed,"5 km SSW of Mobara, Japan"
2007-08-18 07:55:10.080000+00:00,35.248,140.088,33.3,5.2,mwc,reviewed,"16 km N of Kamogawa, Japan"
2007-08-19 14:16:11.050000+00:00,33.008,136.009,436.0,4.7,mb,reviewed,"80 km S of Shing?, Japan"
2007-08-22 07:26:24.100000+00:00,42.02,140.638,123.6,5.6,mwc,reviewed,"14 km NNW of Honch?, Japan"
2007-08-24 04:20:03.130000+00:00,41.807,143.277,14.8,5.0,mwc,reviewed,"95 km SE of Shizunai-furukawach?, Japan"
2007-09-10 05:29:00.040000+00:00,41.99,142.567,62.7,4.5,mwr,reviewed,"41 km SSE of Shizunai-furukawach?, Japan"
2007-09-20 22:54:31.480000+00:00,35.185,140.832,44.8,5.0,mwc,reviewed,"40 km E of ?hara, Japan"
2007-09-24 18:09:51.820000+00:00,31.401,140.159,100.0,4.5,mwr,reviewed,"Izu Islands, Japan region"
2007-09-30 17:21:16.530000+00:00,35.183,138.994,32.9,4.7,mwr,reviewed,"3 km WSW of Hakone, Japan"
2007-10-07 13:36:06.150000+00:00,35.567,140.505,57.9,5.0,mwc,reviewed,"8 km ESE of Narut?, Japan"
2007-10-09 15:51:25.760000+00:00,41.942,143.667,35.0,4.5,mwr,reviewed,"114 km SSE of Obihiro, Japan"
2007-10-16 01:16:14.400000+00:00,34.976,136.74,328.2,4.8,mwr,reviewed,"10 km SE of Kuwana, Japan"
2007-10-20 03:14:53.390000+00:00,41.423,142.492,49.5,4.5,mwr,reviewed,"101 km S of Shizunai-furukawach?, Japan"
2007-10-23 01:22:56.750000+00:00,37.682,141.692,42.2,4.5,m,reviewed,"64 km ENE of Namie, Japan"
2007-11-02 07:08:35.630000+00:00,30.213,138.593,428.8,4.8,mb,reviewed,"Izu Islands, Japan region"
2007-11-07 11:05:41.720000+00:00,38.358,141.611,61.3,4.5,mwr,reviewed,"27 km ESE of Ishinomaki, Japan"
2007-11-14 14:37:08.160000+00:00,31.187,141.755,4.2,4.5,mwr,reviewed,"Izu Islands, Japan region"
2007-11-20 11:46:31.390000+00:00,32.665,140.669,70.0,5.0,mwc,reviewed,"267 km SSE of Tateyama, Japan"
2007-11-26 13:51:39.800000+00:00,37.392,141.586,42.4,5.9,mwc,reviewed,"52 km E of Namie, Japan"
2007-11-27 10:22:04.210000+00:00,42.017,142.178,74.1,4.6,mwr,reviewed,"38 km SSW of Shizunai-furukawach?, Japan"
2007-11-29 22:27:23.680000+00:00,35.505,141.16,37.2,4.7,mwr,reviewed,"38 km SE of Hasaki, Japan"
2007-12-03 16:33:52.760000+00:00,30.597,138.763,20.6,5.2,mwc,reviewed,"Izu Islands, Japan region"
2007-12-06 21:21:28.490000+00:00,31.769,141.695,35.0,5.3,mwc,reviewed,"Izu Islands, Japan region"
2007-12-11 21:12:08.260000+00:00,45.391,149.879,51.8,4.8,mb,reviewed,Kuril Islands
2007-12-16 08:23:35.310000+00:00,41.237,131.409,549.3,4.5,mb,reviewed,"146 km SE of Rajin, North Korea"
2007-12-22 17:49:08.030000+00:00,31.381,131.398,34.3,4.9,mwc,reviewed,"18 km SE of Kushima, Japan"
2007-12-23 09:53:11.190000+00:00,41.602,142.036,58.8,4.9,mwc,reviewed,"76 km ENE of Mutsu, Japan"
2007-12-25 14:04:34.730000+00:00,38.503,142.026,48.4,6.1,mwc,reviewed,"64 km E of Ishinomaki, Japan"
2008-01-10 23:00:31.670000+00:00,39.374,141.953,46.5,4.6,mwr,reviewed,"4 km E of ?tsuchi, Japan"
2008-01-12 03:36:06.540000+00:00,43.153,146.16,30.5,4.8,mb,reviewed,"51 km ESE of Nemuro, Japan"
2008-01-15 17:55:41.670000+00:00,36.546,141.123,42.1,4.7,mwr,reviewed,"40 km ESE of Takahagi, Japan"
2008-01-21 03:12:22.640000+00:00,41.201,142.064,70.9,4.7,mwr,reviewed,"71 km E of Mutsu, Japan"
2008-01-22 19:34:47.940000+00:00,42.283,142.969,84.2,4.9,mwr,reviewed,"49 km E of Shizunai-furukawach?, Japan"
2008-01-25 19:33:24.890000+00:00,37.247,136.706,11.3,4.6,mwr,reviewed,"31 km NW of Nanao, Japan"
2008-02-08 22:07:06.590000+00:00,36.719,141.149,46.1,4.9,mwc,reviewed,"36 km ESE of Kitaibaraki, Japan"
2008-02-10 00:37:16.410000+00:00,34.724,140.036,95.3,5.0,mwc,reviewed,"32 km SSE of Tateyama, Japan"
2008-02-21 17:39:39.140000+00:00,33.618,140.377,35.0,5.0,mwc,reviewed,"158 km SSE of Tateyama, Japan"
2008-02-25 18:46:26.260000+00:00,43.759,144.791,131.2,4.5,mb,reviewed,"29 km WNW of Shibetsu, Japan"
2008-03-03 09:45:18.660000+00:00,36.391,141.132,45.8,4.8,mb,reviewed,"near the east coast of Honshu, Japan"
2008-03-06 14:31:53.490000+00:00,30.245,131.69,43.9,4.6,mb,reviewed,"85 km SE of Nishinoomote, Japan"
2008-03-07 16:54:57.170000+00:00,36.453,140.612,57.0,5.2,mwc,reviewed,"4 km ESE of Funaishikawa, Japan"
2008-03-10 01:44:33.130000+00:00,31.793,131.462,53.8,5.1,mwc,reviewed,"14 km SSE of Miyazaki, Japan"
2008-03-13 08:41:07.380000+00:00,43.066,146.528,52.9,5.4,mwb,reviewed,"82 km ESE of Nemuro, Japan"
2008-03-16 13:25:10.060000+00:00,31.84,142.229,35.0,4.7,mwr,reviewed,"Izu Islands, Japan region"
2008-03-21 12:56:01.330000+00:00,33.006,141.58,45.0,5.0,mb,reviewed,"264 km SSE of Katsuura, Japan"
2008-03-24 03:40:12.140000+00:00,37.137,141.292,41.8,5.2,mwc,reviewed,"37 km ENE of Iwaki, Japan"
2008-03-28 23:03:22.370000+00:00,39.51,142.064,72.1,4.8,mb,reviewed,"10 km ENE of Yamada, Japan"
2008-04-01 14:29:07.460000+00:00,34.881,140.412,89.7,4.7,mwr,reviewed,"30 km SSE of Katsuura, Japan"
2008-04-04 10:01:52.350000+00:00,36.062,139.592,63.0,4.9,mwc,reviewed,"0 km SW of Sh?bu, Japan"
2008-04-16 19:19:36.270000+00:00,39.028,140.005,166.0,5.8,mwc,reviewed,"6 km ENE of Yuza, Japan"
2008-04-19 09:36:13.110000+00:00,36.946,136.032,311.1,4.6,mwr,reviewed,"64 km NW of Kanazawa, Japan"
2008-04-23 01:27:20.190000+00:00,33.528,141.075,65.6,5.1,mwc,reviewed,"192 km SSE of Katsuura, Japan"
2008-04-25 09:52:47.770000+00:00,35.62,140.46,46.4,5.1,mwc,reviewed,"4 km ENE of Narut?, Japan"
2008-04-29 05:26:04.680000+00:00,41.452,142.03,46.7,5.8,mwc,reviewed,"70 km ENE of Mutsu, Japan"
2008-05-01 21:58:52.290000+00:00,37.077,141.465,42.6,4.9,mb,reviewed,"51 km E of Iwaki, Japan"
2008-05-05 00:26:56.030000+00:00,36.203,141.695,10.0,4.9,mwc,reviewed,"93 km ENE of Hasaki, Japan"
2008-05-07 16:45:18.700000+00:00,36.164,141.526,27.0,6.9,mwc,reviewed,"78 km NE of Hasaki, Japan"
2008-05-08 23:21:06.960000+00:00,36.108,141.683,17.0,5.6,mwc,reviewed,"87 km ENE of Hasaki, Japan"
2008-05-10 18:24:02.380000+00:00,43.533,145.717,85.0,5.2,mwc,reviewed,"25 km NNE of Nemuro, Japan"
2008-05-11 04:43:50.030000+00:00,36.082,141.617,43.4,4.5,mwr,reviewed,"80 km ENE of Hasaki, Japan"
2008-05-16 05:07:33.130000+00:00,33.903,136.84,344.2,5.0,mwr,reviewed,"61 km ESE of Owase, Japan"
2008-05-22 17:40:02.750000+00:00,41.608,142.069,68.0,4.7,mwr,reviewed,"79 km ENE of Mutsu, Japan"
2008-05-28 16:41:59.290000+00:00,39.086,140.512,4.1,4.5,mwr,reviewed,"9 km S of Yuzawa, Japan"
2008-05-30 07:25:39.800000+00:00,30.802,141.523,16.0,5.8,mwc,reviewed,"Izu Islands, Japan region"
2008-05-31 14:28:35.100000+00:00,39.983,142.604,33.5,5.0,mwc,reviewed,"67 km ENE of Miyako, Japan"
2008-06-01 15:58:29.490000+00:00,38.368,141.835,48.4,4.7,mwr,reviewed,"47 km E of Ishinomaki, Japan"
2008-06-03 16:41:40.280000+00:00,35.966,142.211,35.0,4.6,mb,reviewed,"127 km ENE of Hasaki, Japan"
2008-06-04 17:03:06.660000+00:00,41.538,139.058,205.0,5.7,mwb,reviewed,"135 km WSW of Kamiiso, Japan"
2008-06-06 02:39:01.780000+00:00,31.066,141.49,52.5,5.0,mwc,reviewed,"Izu Islands, Japan region"
2008-06-10 19:09:51.890000+00:00,30.191,131.126,57.3,4.7,mwr,reviewed,"50 km ESE of Koseda, Japan"
2008-06-13 23:43:45.360000+00:00,39.03,140.881,7.8,6.9,mwc,reviewed,"24 km WSW of Mizusawa, Japan"
2008-06-16 14:14:38.410000+00:00,38.997,140.841,10.8,5.1,mwc,reviewed,"26 km WNW of Ichinoseki, Japan"
2008-06-22 19:28:24.980000+00:00,30.11,142.365,35.0,4.7,mb,reviewed,"Izu Islands, Japan region"
2008-06-25 23:37:11.960000+00:00,41.937,142.486,55.6,5.5,mwc,reviewed,"45 km SSE of Shizunai-furukawach?, Japan"
2008-07-05 07:49:02.560000+00:00,36.643,140.952,49.7,5.1,mwr,reviewed,"22 km ESE of Takahagi, Japan"
2008-07-19 02:39:28.700000+00:00,37.552,142.214,22.0,7.0,mwc,reviewed,"107 km E of Namie, Japan"
2008-07-20 05:33:14.750000+00:00,41.713,144.228,31.2,4.7,mwr,reviewed,"140 km S of Kushiro, Japan"
2008-07-21 11:30:29.280000+00:00,37.186,142.051,22.0,6.0,mwc,reviewed,"98 km ESE of Namie, Japan"
2008-07-23 15:26:19.950000+00:00,39.802,141.464,108.0,6.8,mwc,reviewed,"29 km ENE of Morioka, Japan"
2008-07-25 00:39:23.290000+00:00,37.568,142.644,29.4,4.5,mb,reviewed,"145 km E of Namie, Japan"
2008-08-05 09:57:57.470000+00:00,34.78,137.877,287.2,4.5,mb,reviewed,"4 km NW of Fukuroi, Japan"
2008-08-08 15:53:09.940000+00:00,41.171,142.189,39.0,5.4,mwb,reviewed,"82 km E of Mutsu, Japan"
2008-08-13 12:18:57.760000+00:00,38.778,141.613,73.2,4.5,mb,reviewed,"33 km SSW of ?funato, Japan"
2008-08-22 10:59:50.120000+00:00,36.463,140.401,51.5,5.2,mwc,reviewed,"9 km S of ?miya, Japan"
2008-08-24 00:25:45.450000+00:00,30.457,131.008,35.0,4.5,mwr,reviewed,"30 km S of Nishinoomote, Japan"
2008-08-29 09:54:33.560000+00:00,30.05,138.621,444.2,4.5,mb,reviewed,"Izu Islands, Japan region"
2008-09-05 15:12:03.170000+00:00,32.634,137.049,410.4,5.3,mwb,reviewed,"157 km SE of Shing?, Japan"
2008-09-11 00:20:50.920000+00:00,41.892,143.754,25.0,6.8,mwc,reviewed,"122 km SSE of Obihiro, Japan"
2008-09-15 07:53:01.640000+00:00,41.715,144.069,29.9,4.9,mwc,reviewed,"142 km S of Kushiro, Japan"
2008-09-18 13:29:29.490000+00:00,34.924,136.727,324.2,4.7,mwr,reviewed,"11 km ESE of Yokkaichi, Japan"
2008-09-20 22:17:11.350000+00:00,35.616,140.062,70.8,4.7,mwr,reviewed,"5 km WNW of Chiba, Japan"
2008-09-22 07:31:59.170000+00:00,41.578,140.45,149.0,5.6,mwb,reviewed,"31 km SSW of Kamiiso, Japan"
2008-09-25 15:06:42.350000+00:00,36.77,142.183,13.5,4.8,mwr,reviewed,"119 km ESE of Iwaki, Japan"
2008-09-26 16:53:26.860000+00:00,40.492,142.799,39.3,5.0,mwc,reviewed,"110 km E of Hachinohe, Japan"
2008-10-01 09:38:12.320000+00:00,30.165,138.78,413.5,5.7,mwb,reviewed,"Izu Islands, Japan region"
2008-10-08 06:07:48.520000+00:00,35.499,140.073,43.6,4.9,mwc,reviewed,"2 km SSW of Ichihara, Japan"
2008-10-10 19:27:34.300000+00:00,41.473,141.93,67.4,4.5,mwr,reviewed,"63 km ENE of Mutsu, Japan"
2008-10-20 15:51:23.950000+00:00,32.266,139.987,109.5,5.0,mwc,reviewed,"284 km SSE of Shimoda, Japan"
2008-10-21 08:06:37.850000+00:00,37.236,134.99,361.9,4.5,mb,reviewed,"153 km NW of Mikuni, Japan"
2008-10-25 06:01:37.700000+00:00,35.953,141.624,24.7,5.0,mwc,reviewed,"75 km ENE of Hasaki, Japan"
2008-10-29 15:48:40.400000+00:00,38.09,141.638,83.5,5.1,mwc,reviewed,"46 km SE of Ishinomaki, Japan"
2008-11-03 19:06:39.860000+00:00,39.063,140.818,40.2,4.7,mb,reviewed,"eastern Honshu, Japan"
2008-11-09 11:09:58.490000+00:00,30.576,137.987,474.8,4.5,mb,reviewed,"Izu Islands, Japan region"
2008-11-19 19:25:42.690000+00:00,35.972,141.567,34.8,5.0,mwc,reviewed,"71 km ENE of Hasaki, Japan"
2008-11-21 15:44:46.710000+00:00,43.189,145.809,29.0,5.2,mwb,reviewed,"24 km SE of Nemuro, Japan"
2008-11-28 19:45:21.590000+00:00,32.387,141.214,38.0,4.9,mwc,reviewed,"Izu Islands, Japan region"
2008-12-03 23:16:54.870000+00:00,38.589,142.878,14.0,5.8,mwc,reviewed,"114 km ESE of ?funato, Japan"
2008-12-05 20:03:11.110000+00:00,38.529,143.003,34.3,5.5,mwc,reviewed,"126 km ESE of ?funato, Japan"
2008-12-08 08:04:31.790000+00:00,31.635,140.09,150.7,4.5,mwr,reviewed,"Izu Islands, Japan region"
2008-12-12 05:21:07.750000+00:00,42.358,141.149,122.7,4.7,mb,reviewed,"14 km ENE of Muroran, Japan"
2008-12-13 07:20:51.270000+00:00,38.473,143.166,37.2,4.7,mwr,reviewed,"142 km ESE of ?funato, Japan"
2008-12-14 20:29:31.650000+00:00,39.082,144.504,33.2,5.2,mwc,reviewed,"224 km ESE of Yamada, Japan"
2008-12-18 06:47:13.620000+00:00,38.429,143.002,34.9,5.3,mwb,reviewed,"132 km ESE of ?funato, Japan"
2008-12-20 10:29:23.100000+00:00,36.541,142.425,19.0,6.3,mwc,reviewed,"148 km ESE of Iwaki, Japan"
2008-12-21 12:19:21.260000+00:00,36.597,142.335,10.0,4.6,mwr,reviewed,"138 km ESE of Iwaki, Japan"
2008-12-23 20:57:20.160000+00:00,36.462,142.399,8.2,5.4,mwc,reviewed,"150 km ESE of Iwaki, Japan"
2008-12-25 10:43:12.830000+00:00,36.397,142.36,22.2,5.3,mwc,reviewed,"off the east coast of Honshu, Japan"
2008-12-30 15:48:33.080000+00:00,35.398,140.706,40.8,4.6,mwr,reviewed,"32 km ENE of ?hara, Japan"
2009-01-02 07:42:53.080000+00:00,32.655,138.038,333.4,5.1,mwr,reviewed,"216 km S of ?yama, Japan"
2009-01-05 23:52:56.020000+00:00,37.643,142.844,28.5,4.9,mwc,reviewed,"160 km ESE of Ishinomaki, Japan"
2009-01-11 05:57:11.780000+00:00,42.673,143.419,71.0,4.6,mwr,reviewed,"32 km SSE of Obihiro, Japan"
2009-01-15 10:03:54.380000+00:00,31.428,141.709,10.0,4.8,mb,reviewed,"Izu Islands, Japan region"
2009-01-19 11:13:59.740000+00:00,34.613,141.634,40.4,5.1,mwc,reviewed,"133 km ESE of ?hara, Japan"
2009-01-22 12:20:59.550000+00:00,34.197,139.241,124.0,4.8,mwr,reviewed,"59 km SSE of Shimoda, Japan"
2009-01-24 17:33:38.640000+00:00,33.524,131.686,81.7,4.7,mwr,reviewed,"13 km NNE of Kitsuki, Japan"
2009-01-28 23:56:05.720000+00:00,35.485,140.539,42.8,4.7,mwr,reviewed,"16 km SE of Narut?, Japan"
2009-01-31 21:51:52.180000+00:00,36.719,141.148,34.0,5.7,mwb,reviewed,"36 km ESE of Kitaibaraki, Japan"
2009-02-02 20:07:10.930000+00:00,32.142,137.675,378.0,4.6,mwr,reviewed,"237 km SE of Shing?, Japan"
2009-02-15 09:24:31.700000+00:00,40.239,142.236,33.0,5.7,mwc,reviewed,"68 km ESE of Hachinohe, Japan"
2009-02-17 00:12:57.780000+00:00,37.525,141.248,53.7,4.9,mwc,reviewed,"22 km ENE of Namie, Japan"
2009-02-17 21:47:09.250000+00:00,35.604,136.265,18.2,4.9,mwc,reviewed,"19 km ESE of Tsuruga, Japan"
2009-02-19 19:00:42.540000+00:00,40.421,143.718,9.8,4.8,mwr,reviewed,"174 km ENE of Miyako, Japan"
2009-02-22 14:24:11.660000+00:00,41.749,144.02,33.4,5.4,mwb,reviewed,"139 km SSW of Kushiro, Japan"
2009-02-28 00:35:56.700000+00:00,42.61,142.104,105.0,5.5,mwb,reviewed,"37 km NW of Shizunai-furukawach?, Japan"
2009-03-04 10:04:31.300000+00:00,35.811,140.9,35.0,4.5,mwr,reviewed,"10 km NE of Hasaki, Japan"
2009-03-07 14:33:04.910000+00:00,41.796,143.693,32.7,5.3,mwb,reviewed,"124 km ESE of Shizunai-furukawach?, Japan"
2009-03-20 06:52:16.840000+00:00,42.643,144.382,65.0,5.0,mwr,reviewed,"36 km S of Kushiro, Japan"
2009-03-25 13:13:52.440000+00:00,30.076,139.055,391.4,4.7,mwr,reviewed,"Izu Islands, Japan region"
2009-04-05 09:36:26.240000+00:00,32.007,131.417,26.0,5.8,mwc,reviewed,"10 km N of Miyazaki, Japan"
2009-04-18 03:56:31.300000+00:00,42.842,130.481,564.2,4.9,mb,reviewed,"10 km ESE of Hunchun, China"
2009-04-21 09:57:50.540000+00:00,37.365,141.399,43.2,5.3,mwc,reviewed,"near the east coast of Honshu, Japan"
2009-04-22 11:24:12.120000+00:00,30.12,131.001,26.8,4.9,mwr,reviewed,"Kyushu, Japan"
2009-04-25 13:54:31.590000+00:00,40.244,142.245,56.0,4.8,mwr,reviewed,"69 km ESE of Hachinohe, Japan"
2009-04-27 21:37:36.880000+00:00,36.364,140.954,52.8,5.2,mwc,reviewed,"33 km E of ?arai, Japan"
2009-05-09 19:34:33.220000+00:00,36.542,142.635,26.6,5.1,mwc,reviewed,"166 km ESE of Iwaki, Japan"
2009-05-12 10:40:18.860000+00:00,36.976,138.36,24.3,4.6,mwr,reviewed,"12 km ESE of Arai, Japan"
2009-05-26 10:31:21.420000+00:00,42.023,142.213,66.4,4.9,mwc,reviewed,"36 km SSW of Shizunai-furukawach?, Japan"
2009-05-31 15:33:04.250000+00:00,37.819,141.547,61.3,5.0,mb,reviewed,"60 km NE of Namie, Japan"
2009-06-05 03:30:33.060000+00:00,41.824,143.445,29.0,6.4,mwc,reviewed,"105 km ESE of Shizunai-furukawach?, Japan"
2009-06-06 05:52:43.300000+00:00,35.483,140.914,34.0,5.8,mwc,reviewed,"28 km SSE of Hasaki, Japan"
2009-06-09 02:07:38.040000+00:00,40.138,142.512,60.0,4.6,mwr,reviewed,"73 km NE of Miyako, Japan"
2009-06-10 04:07:02.580000+00:00,34.456,136.626,351.5,5.1,mwr,reviewed,"7 km WSW of Ise, Japan"
2009-06-18 06:21:06.040000+00:00,31.3,141.752,38.8,5.1,mwc,reviewed,"Izu Islands, Japan region"
2009-06-20 02:52:57.430000+00:00,39.087,143.199,21.6,5.3,mwc,reviewed,"off the east coast of Honshu, Japan"
2009-06-23 07:37:17.570000+00:00,38.85,142.389,37.0,5.6,mwb,reviewed,"63 km ESE of ?funato, Japan"
2009-06-25 14:03:56.270000+00:00,33.276,130.754,14.4,4.5,mwr,reviewed,"10 km SE of Tanushimarumachi-toyoki, Japan"
2009-07-10 15:01:36.420000+00:00,42.609,141.295,127.7,4.9,mwc,reviewed,"7 km NW of Shiraoi, Japan"
2009-07-19 06:02:32.380000+00:00,33.044,141.312,35.0,4.7,mwr,reviewed,"250 km SSE of Katsuura, Japan"
2009-07-22 14:51:02.260000+00:00,33.025,134.303,19.9,4.5,mwr,reviewed,"31 km SSE of Muroto-misakicho, Japan"
2009-07-27 19:16:17.380000+00:00,43.903,145.3,145.6,4.7,mwr,reviewed,"30 km NNE of Shibetsu, Japan"
2009-08-01 09:45:50.760000+00:00,37.576,141.789,47.4,5.0,mwc,reviewed,"70 km E of Namie, Japan"
2009-08-05 03:51:15.620000+00:00,32.538,131.856,45.6,5.0,mwc,reviewed,"18 km ESE of Nobeoka, Japan"
2009-08-06 05:39:47.800000+00:00,37.182,142.107,31.7,4.5,mwr,reviewed,"103 km ESE of Namie, Japan"
2009-08-09 10:55:55.110000+00:00,33.167,137.944,292.0,7.1,mwc,reviewed,"161 km S of ?yama, Japan"
2009-08-10 20:07:09.110000+00:00,34.743,138.264,40.4,6.2,mwr,reviewed,"8 km NE of Sagara, Japan"
2009-08-12 22:48:51.420000+00:00,32.821,140.395,53.0,6.6,mwc,reviewed,"244 km SSE of Tateyama, Japan"
2009-08-14 03:57:00.800000+00:00,30.956,137.981,446.1,4.5,mwr,reviewed,"Izu Islands, Japan region"
2009-08-15 10:45:49.200000+00:00,43.182,145.763,51.5,4.5,mwr,reviewed,"21 km SE of Nemuro, Japan"
2009-08-22 14:06:05.810000+00:00,31.64,142.509,30.7,4.8,mb,reviewed,"Izu Islands, Japan region"
2009-08-24 05:26:17.100000+00:00,41.016,140.065,175.8,5.3,mwc,reviewed,"34 km NW of Shimokizukuri, Japan"
2009-08-30 15:45:54.580000+00:00,37.055,141.509,40.8,4.6,mwr,reviewed,"55 km E of Iwaki, Japan"
2009-09-01 12:02:17.890000+00:00,35.508,140.938,10.0,4.7,mwr,reviewed,"26 km SSE of Hasaki, Japan"
2009-09-03 13:26:17.950000+00:00,31.14,130.014,163.0,6.2,mwc,reviewed,"32 km WSW of Makurazaki, Japan"
2009-09-07 16:24:26.400000+00:00,42.196,142.863,59.3,4.8,mwr,reviewed,"43 km ESE of Shizunai-furukawach?, Japan"
2009-09-10 09:29:19.580000+00:00,43.221,146.181,80.6,4.9,mb,reviewed,"50 km ESE of Nemuro, Japan"
2009-09-18 06:36:29.060000+00:00,41.649,142.123,76.2,4.6,mb,reviewed,"78 km SSW of Shizunai-furukawach?, Japan"
2009-09-22 11:40:43.560000+00:00,37.559,141.683,67.2,4.5,mwr,reviewed,"60 km E of Namie, Japan"
2009-09-29 17:21:44.230000+00:00,41.544,142.05,62.9,4.5,mwr,reviewed,"75 km ENE of Mutsu, Japan"
2009-10-02 01:43:58.680000+00:00,41.763,143.648,40.5,4.8,mwr,reviewed,"123 km ESE of Shizunai-furukawach?, Japan"
2009-10-05 00:35:12.680000+00:00,42.491,141.599,22.8,4.6,mwr,reviewed,"16 km S of Tomakomai, Japan"
2009-10-10 08:42:51.030000+00:00,41.808,142.084,99.8,5.1,mwc,reviewed,"62 km SSW of Shizunai-furukawach?, Japan"
2009-10-12 09:42:20.320000+00:00,37.467,139.695,10.0,4.7,mwr,reviewed,"25 km SW of Kitakata, Japan"
2009-10-23 01:28:29.330000+00:00,36.578,141.065,55.1,4.9,mwc,reviewed,"34 km ESE of Takahagi, Japan"
2009-10-28 17:37:09.940000+00:00,32.332,131.907,42.6,4.8,mwr,reviewed,"35 km SE of Nobeoka, Japan"
2009-10-30 17:42:11.600000+00:00,41.184,142.697,44.0,4.5,mwr,reviewed,"123 km ENE of Misawa, Japan"
2009-11-09 18:01:52.320000+00:00,41.961,142.244,66.4,4.6,mwr,reviewed,"42 km SSW of Shizunai-furukawach?, Japan"
2009-11-21 04:16:22.790000+00:00,45.679,142.387,304.9,5.0,mwr,reviewed,"55 km NE of Makubetsu, Japan"
2009-11-24 20:59:48.850000+00:00,32.156,141.859,11.5,4.5,mwr,reviewed,"Izu Islands, Japan region"
2009-11-28 10:45:48.530000+00:00,31.368,130.41,166.8,4.7,mwr,reviewed,"10 km ESE of Kaseda-shirakame, Japan"
2009-12-02 06:14:29.590000+00:00,37.223,141.362,59.7,5.1,mwc,reviewed,"43 km SE of Namie, Japan"
2009-12-09 16:06:00.180000+00:00,32.979,137.918,309.6,4.9,mwr,reviewed,"182 km S of ?yama, Japan"
2009-12-10 21:22:20.650000+00:00,37.252,142.971,11.6,4.7,mwr,reviewed,"176 km E of Namie, Japan"
2009-12-14 06:30:05.650000+00:00,30.73,137.778,469.9,4.6,mwr,reviewed,"Izu Islands, Japan region"
2009-12-18 11:48:32.720000+00:00,33.568,141.083,26.4,5.2,mwc,reviewed,"188 km SSE of Katsuura, Japan"
2009-12-20 14:30:28.150000+00:00,41.08,143.056,40.7,4.6,mwr,reviewed,"146 km ENE of Hachinohe, Japan"
2009-12-26 02:24:44.850000+00:00,30.987,139.446,44.0,4.5,mwr,reviewed,"Izu Islands, Japan region"
2009-12-28 00:12:48.430000+00:00,43.265,144.526,71.7,5.0,mwc,reviewed,"34 km NNE of Kushiro, Japan"
2009-12-29 19:23:05.410000+00:00,41.93,142.075,72.5,4.9,mwc,reviewed,"50 km SSW of Shizunai-furukawach?, Japan"
2010-01-14 18:46:25.100000+00:00,42.338,142.991,60.1,5.0,mwc,reviewed,"51 km E of Shizunai-furukawach?, Japan"
2010-01-17 06:04:36.520000+00:00,37.938,143.599,7.0,5.6,mwb,reviewed,"206 km SE of ?funato, Japan"
2010-01-21 09:49:01.480000+00:00,38.162,140.132,116.5,4.5,mwr,reviewed,"10 km NE of Nagai, Japan"
2010-01-22 17:32:25.990000+00:00,37.781,142.121,40.7,4.5,mwr,reviewed,"100 km SE of Ishinomaki, Japan"
2010-01-25 07:15:08.980000+00:00,30.964,130.888,38.2,5.5,mwb,reviewed,"27 km NNW of Nishinoomote, Japan"
2010-02-04 12:24:14.660000+00:00,39.755,140.478,144.6,4.7,mwr,reviewed,"19 km NNW of Kakunodatemachi, Japan"
2010-02-16 01:57:16.440000+00:00,40.332,143.651,15.8,5.3,mwb,reviewed,"164 km ENE of Miyako, Japan"
2010-02-21 00:56:57.140000+00:00,37.427,141.495,50.4,4.8,mwc,reviewed,"44 km E of Namie, Japan"
2010-02-28 08:17:44.340000+00:00,34.832,141.468,10.0,5.6,mwb,reviewed,"108 km ESE of ?hara, Japan"
2010-03-04 19:31:54.960000+00:00,31.463,141.939,9.6,4.5,mb,reviewed,"Izu Islands, Japan region"
2010-03-08 20:22:38.620000+00:00,30.288,140.963,112.9,4.5,mb,reviewed,"Izu Islands, Japan region"
2010-03-12 17:32:08.340000+00:00,34.898,141.595,15.3,5.2,mwc,reviewed,"115 km SE of Hasaki, Japan"
2010-03-14 08:08:03.960000+00:00,37.745,141.59,32.0,6.5,mwc,reviewed,"59 km ENE of Namie, Japan"
2010-03-15 22:30:32.050000+00:00,35.549,140.144,63.5,4.5,mwr,reviewed,"6 km SSE of Chiba, Japan"
2010-03-27 20:02:35.800000+00:00,33.359,140.818,58.9,4.5,mwr,reviewed,"200 km SSE of Tateyama, Japan"
2010-03-30 01:02:51.490000+00:00,43.308,138.379,8.0,5.7,mwc,reviewed,"177 km WNW of Iwanai, Japan"
2010-04-01 10:49:22.550000+00:00,31.622,141.656,19.3,4.6,mwr,reviewed,"Izu Islands, Japan region"
2010-04-04 08:35:40.040000+00:00,43.306,146.261,85.1,4.7,mb,reviewed,"55 km E of Nemuro, Japan"
2010-04-08 18:41:48.720000+00:00,42.998,144.612,50.2,4.9,mwc,reviewed,"19 km E of Kushiro, Japan"
2010-04-14 08:16:22.620000+00:00,31.727,140.001,102.8,4.7,mwr,reviewed,"Izu Islands, Japan region"
2010-04-25 21:22:47.500000+00:00,37.949,142.423,68.2,4.8,mwr,reviewed,"111 km ESE of Ishinomaki, Japan"
2010-04-26 23:23:50.240000+00:00,33.654,136.977,355.6,5.1,mwr,reviewed,"85 km ESE of Owase, Japan"
2010-04-29 15:19:09.460000+00:00,37.134,134.946,361.5,4.8,mwr,reviewed,"148 km NW of Mikuni, Japan"
2010-05-01 09:20:40.900000+00:00,37.547,138.961,43.7,4.6,mwr,reviewed,"2 km ENE of Mitsuke, Japan"
2010-05-06 08:08:35.790000+00:00,31.399,140.015,119.0,4.7,mwr,reviewed,"Izu Islands, Japan region"
2010-05-12 18:55:33.200000+00:00,32.642,141.011,48.8,4.7,mwr,reviewed,"280 km SSE of Tateyama, Japan"
2010-05-13 11:01:14.690000+00:00,33.367,131.495,104.0,4.8,mwc,reviewed,"3 km W of Hiji, Japan"
2010-05-25 22:38:27.040000+00:00,32.863,136.688,422.0,4.5,mwr,reviewed,"116 km SE of Shing?, Japan"
2010-05-31 16:35:01.960000+00:00,30.541,141.902,42.8,4.7,mwr,reviewed,"Izu Islands, Japan region"
2010-06-03 23:25:17.810000+00:00,38.432,139.892,145.0,4.5,mwr,reviewed,"32 km S of Tsuruoka, Japan"
2010-06-05 16:36:40.140000+00:00,33.057,138.031,310.9,4.6,mwr,reviewed,"172 km S of ?yama, Japan"
2010-06-07 11:07:23.090000+00:00,30.011,130.956,29.3,4.8,mwr,reviewed,"47 km ESE of Koshima, Japan"
2010-06-10 03:10:17.220000+00:00,32.91,142.408,37.6,4.7,mwr,reviewed,"Izu Islands, Japan region"
2010-06-13 03:32:57.240000+00:00,37.372,141.625,27.0,5.9,mwc,reviewed,"near the east coast of Honshu, Japan"
2010-06-14 10:07:33.680000+00:00,32.906,142.447,10.0,4.7,mb,reviewed,"Izu Islands, Japan region"
2010-06-19 10:00:50.020000+00:00,41.42,142.453,34.3,5.0,mwc,reviewed,"101 km S of Shizunai-furukawach?, Japan"
2010-06-25 18:15:29.970000+00:00,32.99,142.565,35.0,4.5,mb,reviewed,"Izu Islands, Japan region"
2010-06-28 12:07:25.120000+00:00,30.672,141.593,7.0,5.8,mwc,reviewed,"Izu Islands, Japan region"
2010-07-02 12:30:07.600000+00:00,42.012,142.48,64.5,4.5,mwr,reviewed,"36 km SSE of Shizunai-furukawach?, Japan"
2010-07-03 19:33:14.680000+00:00,39.058,140.715,24.9,5.1,mwc,reviewed,"eastern Honshu, Japan"
2010-07-04 21:55:51.980000+00:00,39.697,142.369,27.0,6.3,mwc,reviewed,"37 km E of Miyako, Japan"
2010-07-08 12:23:28.590000+00:00,42.587,144.355,57.9,4.5,mwr,reviewed,"43 km S of Kushiro, Japan"
2010-07-19 08:21:53.370000+00:00,44.591,141.294,247.0,4.9,mwr,reviewed,"63 km S of Rishiri Town, Japan"
2010-07-20 21:19:20.310000+00:00,34.28,135.533,66.1,4.9,mwr,reviewed,"8 km WSW of Hashimoto, Japan"
2010-07-22 21:06:34.200000+00:00,35.839,140.413,47.0,5.1,mwc,reviewed,"9 km WSW of Sawara, Japan"
2010-07-26 23:31:04.710000+00:00,38.933,142.156,19.5,5.0,mwc,reviewed,"41 km ESE of ?funato, Japan"
2010-07-31 03:52:55.810000+00:00,32.269,138.855,237.9,4.7,mwr,reviewed,"265 km SSE of ?yama, Japan"
2010-08-02 22:30:48.040000+00:00,36.803,140.098,84.5,4.8,mwr,reviewed,"9 km SE of ?tawara, Japan"
2010-08-04 23:53:46.180000+00:00,37.826,141.179,78.9,4.5,mb,reviewed,"37 km SE of Watari, Japan"
2010-08-07 05:31:25.690000+00:00,42.835,144.897,61.2,4.6,mwr,reviewed,"45 km ESE of Kushiro, Japan"
2010-08-10 05:50:37.540000+00:00,39.406,143.148,22.4,5.9,mwr,reviewed,"103 km E of Yamada, Japan"
2010-08-14 04:25:08.280000+00:00,42.827,142.223,104.1,4.8,mwr,reviewed,"Hokkaido, Japan region"
2010-08-15 15:30:24.150000+00:00,36.296,141.805,12.9,4.5,mb,reviewed,"107 km NE of Hasaki, Japan"
2010-08-18 23:33:14.530000+00:00,32.01,137.918,365.3,5.3,mwc,reviewed,"263 km SE of Shing?, Japan"
2010-08-21 14:26:00.900000+00:00,37.306,141.702,37.0,4.5,mwr,reviewed,"65 km ESE of Namie, Japan"
2010-08-24 13:50:40.460000+00:00,44.34,141.179,234.5,4.7,mwr,reviewed,"58 km NW of Rumoi, Japan"
2010-08-26 15:08:04.910000+00:00,36.116,136.773,277.8,5.4,mwb,reviewed,"25 km ENE of Katsuyama, Japan"
2010-08-31 02:30:36.080000+00:00,40.403,139.13,47.6,4.7,mwr,reviewed,"79 km WNW of Noshiro, Japan"
2010-09-01 07:32:53.660000+00:00,37.925,141.788,44.4,5.2,mwc,reviewed,"69 km SE of Ishinomaki, Japan"
2010-09-03 21:15:30.550000+00:00,42.741,145.391,61.9,5.1,mwr,reviewed,"66 km SSW of Nemuro, Japan"
2010-09-08 13:00:27.680000+00:00,30.527,142.036,13.9,4.6,mb,reviewed,"Izu Islands, Japan region"
2010-09-13 05:47:47.290000+00:00,41.497,141.986,45.0,5.8,mwb,reviewed,"68 km ENE of Mutsu, Japan"
2010-09-16 02:32:22.570000+00:00,32.102,141.832,7.4,4.5,mb,reviewed,"Izu Islands, Japan region"
2010-09-21 20:15:10.430000+00:00,40.639,139.421,182.8,4.7,mwr,reviewed,"70 km NW of Noshiro, Japan"
2010-09-26 17:54:58.730000+00:00,35.603,140.049,49.9,4.6,mwr,reviewed,"6 km W of Chiba, Japan"
2010-09-27 16:13:37.790000+00:00,43.603,145.623,97.4,5.1,mwc,reviewed,"31 km N of Nemuro, Japan"
2010-09-29 08:00:00.500000+00:00,37.257,139.883,33.3,5.5,mwb,reviewed,"35 km NNW of Kuroiso, Japan"
2010-09-30 12:47:08.400000+00:00,37.102,140.954,35.0,5.0,mwc,reviewed,"8 km NE of Iwaki, Japan"
2010-10-03 00:26:54.320000+00:00,37.078,138.182,28.4,4.6,mwr,reviewed,"9 km SSW of J?etsu, Japan"
2010-10-10 02:27:51.390000+00:00,31.067,141.611,14.9,5.1,mwc,reviewed,"Izu Islands, Japan region"
2010-10-14 13:58:55.590000+00:00,42.311,142.871,59.0,5.6,mwc,reviewed,"41 km E of Shizunai-furukawach?, Japan"
2010-10-15 21:14:28.670000+00:00,40.19,142.268,48.4,4.5,mwr,reviewed,"66 km NNE of Miyako, Japan"
2010-10-30 19:06:17.880000+00:00,34.321,141.267,26.3,5.2,mwc,reviewed,"126 km SE of Katsuura, Japan"
2010-11-04 22:30:51.800000+00:00,36.71,141.212,39.5,4.8,mwr,reviewed,"42 km ESE of Kitaibaraki, Japan"
2010-11-14 06:10:29.350000+00:00,34.036,141.373,26.8,5.0,mwc,reviewed,"156 km SE of Katsuura, Japan"
2010-11-19 04:01:59.520000+00:00,43.232,145.479,57.1,4.8,mwr,reviewed,"12 km SW of Nemuro, Japan"
2010-11-24 11:09:11.650000+00:00,36.202,140.804,38.8,5.0,mwc,reviewed,"23 km ESE of ?arai, Japan"
2010-11-29 15:02:10.980000+00:00,33.79,141.515,40.3,4.9,mwc,reviewed,"186 km SE of Katsuura, Japan"
2010-12-01 21:44:06.680000+00:00,43.033,141.409,35.0,4.5,mwr,reviewed,"6 km SE of Sapporo, Japan"
2010-12-06 07:30:32.710000+00:00,40.904,142.967,22.0,5.7,mwb,reviewed,"131 km ENE of Hachinohe, Japan"
2010-12-09 16:21:07.160000+00:00,39.128,143.346,10.9,4.9,mwc,reviewed,"126 km ESE of Yamada, Japan"
2010-12-15 07:37:23.600000+00:00,41.191,142.592,47.3,4.9,mwc,reviewed,"115 km ENE of Misawa, Japan"
2010-12-28 07:15:41.070000+00:00,33.46,139.257,162.5,4.5,mwr,reviewed,"137 km SSE of Shimoda, Japan"
2010-12-31 23:01:03.440000+00:00,36.678,140.789,52.1,4.6,mwr,reviewed,"7 km ESE of Takahagi, Japan"
2011-01-03 04:45:15.280000+00:00,38.567,139.099,39.0,4.8,mb,reviewed,"49 km NW of Murakami, Japan"
2011-01-05 00:57:32.220000+00:00,31.545,142.177,21.4,5.6,mwc,reviewed,"Izu Islands, Japan region"
2011-01-06 09:12:24.100000+00:00,30.79,141.525,17.5,4.8,mb,reviewed,"Izu Islands, Japan region"
2011-01-08 07:47:48.300000+00:00,41.986,141.401,116.3,4.8,mb,reviewed,"50 km SE of Muroran, Japan"
2011-01-09 12:42:31.080000+00:00,42.399,144.382,21.6,5.1,mb,reviewed,"63 km S of Kushiro, Japan"
2011-01-11 05:11:42.130000+00:00,42.699,142.108,113.6,4.7,mb,reviewed,"39 km ESE of Chitose, Japan"
2011-01-13 23:34:37.720000+00:00,34.96,141.315,17.7,4.6,mb,reviewed,"89 km ESE of ?hara, Japan"
2011-01-16 11:14:12.340000+00:00,34.451,141.643,46.2,5.0,mb,reviewed,"143 km ESE of Katsuura, Japan"
2011-01-19 10:26:43.790000+00:00,36.06,142.479,35.0,4.7,mb,reviewed,"152 km ENE of Hasaki, Japan"
2011-01-22 05:49:02.450000+00:00,42.36,142.895,62.1,5.1,mb,reviewed,"43 km E of Shizunai-furukawach?, Japan"
2011-01-25 05:24:40.110000+00:00,35.127,141.117,14.0,5.1,mwb,reviewed,"67 km ESE of ?hara, Japan"
2011-01-28 09:24:02.110000+00:00,34.455,141.886,19.4,4.6,mb,reviewed,"162 km ESE of ?hara, Japan"
2011-01-30 01:56:14.650000+00:00,30.712,141.918,28.6,4.8,mb,reviewed,"Izu Islands, Japan region"
2011-02-04 09:11:25.890000+00:00,31.069,131.394,48.1,4.9,mb,reviewed,"48 km SSE of Kushima, Japan"
2011-02-05 01:56:13.890000+00:00,34.77,140.352,65.3,5.1,mwc,reviewed,"41 km S of Katsuura, Japan"
2011-02-06 19:40:32.340000+00:00,31.204,130.28,150.2,4.7,mb,reviewed,"7 km SSW of Makurazaki, Japan"
2011-02-10 13:03:02.650000+00:00,37.151,141.279,33.0,5.3,mwb,reviewed,"36 km ENE of Iwaki, Japan"
2011-02-12 16:28:30.340000+00:00,38.402,143.274,31.2,4.5,mb,reviewed,"154 km ESE of ?funato, Japan"
2011-02-15 19:01:03.400000+00:00,38.321,143.162,26.2,5.5,mwb,reviewed,"150 km SE of ?funato, Japan"
2011-02-17 23:26:35.060000+00:00,36.736,141.172,44.4,4.6,mb,reviewed,"38 km E of Kitaibaraki, Japan"
2011-02-19 15:32:38.900000+00:00,33.898,139.596,125.1,4.6,mb,reviewed,"105 km SE of Shimoda, Japan"
2011-02-21 06:46:10.440000+00:00,33.841,135.324,55.0,4.9,mb,reviewed,"12 km NNW of Tanabe, Japan"
2011-02-22 09:53:39.320000+00:00,38.229,143.166,31.7,5.1,mwc,reviewed,"157 km SE of ?funato, Japan"
2011-02-23 22:14:05.710000+00:00,31.455,140.147,106.6,5.4,mwc,reviewed,"Izu Islands, Japan region"
2011-02-25 19:12:31.230000+00:00,34.333,140.235,66.8,5.3,mwc,reviewed,"79 km SSE of Tateyama, Japan"
2011-02-26 20:38:02.390000+00:00,36.121,137.353,3.4,5.1,mwc,reviewed,"9 km E of Takayama, Japan"
2011-02-28 02:03:26.190000+00:00,32.356,142.384,26.5,5.1,mb,reviewed,"Izu Islands, Japan region"
2011-03-01 23:25:26.130000+00:00,33.013,141.58,49.5,4.6,mb,reviewed,"263 km SSE of Katsuura, Japan"
2011-03-04 09:48:57.940000+00:00,42.631,141.392,119.6,4.5,mb,reviewed,"9 km NNE of Shiraoi, Japan"
2011-03-09 02:45:20.330000+00:00,38.435,142.842,32.0,7.3,mww,reviewed,"120 km SE of ?funato, Japan"
2011-03-10 08:08:20.560000+00:00,38.603,143.27,17.4,5.6,mwb,reviewed,"142 km ESE of Kamaishi, Japan"
2011-03-11 05:46:24.120000+00:00,38.297,142.373,29.0,9.1,mww,reviewed,"2011 Great Tohoku Earthquake, Japan"
2011-03-12 13:15:41.650000+00:00,37.249,141.159,38.0,6.1,mww,reviewed,"29 km SSE of Namie, Japan"
2011-03-13 07:56:42.520000+00:00,39.642,143.181,13.0,5.7,mwb,reviewed,"106 km E of Miyako, Japan"
2011-03-14 06:12:36.060000+00:00,37.785,142.456,14.0,6.0,mww,reviewed,"123 km SE of Ishinomaki, Japan"
2011-03-15 15:23:53.850000+00:00,40.335,143.288,18.0,6.1,mwc,reviewed,"138 km ENE of Miyako, Japan"
2011-03-17 04:13:56.780000+00:00,40.136,142.168,29.0,6.2,mww,reviewed,"57 km NNE of Miyako, Japan"
2011-03-17 12:54:52.640000+00:00,36.757,141.202,29.0,5.8,mww,reviewed,"40 km E of Kitaibaraki, Japan"
2011-03-19 01:22:44.790000+00:00,39.696,142.904,15.0,5.9,mww,reviewed,"82 km E of Miyako, Japan"
2011-03-19 09:56:47.710000+00:00,36.796,140.268,6.0,5.7,mww,reviewed,"8 km WNW of Daigo, Japan"
2011-03-20 12:03:46.720000+00:00,39.35,141.824,42.0,5.8,mww,reviewed,"6 km WSW of ?tsuchi, Japan"
2011-03-22 07:18:45.380000+00:00,37.244,144.003,11.0,6.4,mww,reviewed,"267 km E of Namie, Japan"
2011-03-22 09:44:29.330000+00:00,39.851,143.437,13.0,6.4,mww,reviewed,"130 km E of Miyako, Japan"
2011-03-24 08:21:00.140000+00:00,39.079,142.084,27.0,5.8,mww,reviewed,"28 km SE of Kamaishi, Japan"
2011-03-24 19:17:18.490000+00:00,37.992,143.592,24.0,5.4,mwc,reviewed,"202 km SE of ?funato, Japan"
2011-03-25 11:36:24.490000+00:00,38.772,141.88,39.0,6.2,mww,reviewed,"36 km SSE of ?funato, Japan"
2011-03-26 12:52:51.200000+00:00,36.959,143.294,21.3,5.1,mwc,reviewed,"211 km ESE of Namie, Japan"
2011-03-27 22:23:58.800000+00:00,38.415,142.011,19.0,6.2,mww,reviewed,"62 km E of Ishinomaki, Japan"
2011-03-29 10:54:33.200000+00:00,37.401,142.29,15.0,6.1,mww,reviewed,"114 km E of Namie, Japan"
2011-03-30 05:29:52.520000+00:00,36.143,142.464,11.0,5.7,mww,reviewed,"154 km ENE of Hasaki, Japan"
2011-03-31 07:15:30.190000+00:00,38.922,141.821,42.0,6.0,mww,reviewed,"18 km SSE of ?funato, Japan"
2011-04-01 11:57:54.390000+00:00,39.323,141.95,41.0,5.9,mww,reviewed,"6 km SE of ?tsuchi, Japan"
2011-04-01 17:03:46.390000+00:00,40.282,143.209,20.5,5.5,mwb,reviewed,"129 km ENE of Miyako, Japan"
2011-04-03 07:38:46.480000+00:00,37.635,141.451,59.3,5.2,mwc,reviewed,"43 km ENE of Namie, Japan"
2011-04-04 08:38:23.980000+00:00,37.817,142.403,35.0,5.1,mwc,reviewed,"117 km SE of Ishinomaki, Japan"
2011-04-05 01:29:14.030000+00:00,39.71,142.037,74.1,4.8,mb,reviewed,"10 km NE of Miyako, Japan"
2011-04-06 13:54:52.200000+00:00,37.654,141.425,59.6,5.3,mwb,reviewed,"42 km ENE of Namie, Japan"
2011-04-07 14:32:43.290000+00:00,38.276,141.588,42.0,7.1,mww,reviewed,"29 km ESE of Ishinomaki, Japan"
2011-04-07 22:02:19.880000+00:00,39.142,142.893,40.9,5.1,mb,reviewed,"88 km ESE of Yamada, Japan"
2011-04-09 09:42:21.890000+00:00,38.28,141.701,65.3,5.3,mwc,reviewed,"38 km ESE of Ishinomaki, Japan"
2011-04-10 21:35:52.590000+00:00,36.774,140.987,35.0,5.1,mwc,reviewed,"21 km E of Kitaibaraki, Japan"
2011-04-11 08:16:12.730000+00:00,37.001,140.401,11.0,6.6,mww,reviewed,"17 km SSW of Ishikawa, Japan"
2011-04-12 05:07:41.860000+00:00,37.107,140.368,11.0,5.9,mww,reviewed,"8 km WSW of Ishikawa, Japan"
2011-04-13 19:57:25.420000+00:00,39.583,143.34,22.0,6.0,mww,reviewed,"120 km E of Yamada, Japan"
2011-04-14 06:08:47.340000+00:00,35.56,141.881,10.0,5.7,mww,reviewed,"96 km ESE of Hasaki, Japan"
2011-04-16 02:19:30.790000+00:00,36.378,139.653,77.0,5.8,mww,reviewed,"6 km ENE of Tanuma, Japan"
2011-04-16 20:36:46.320000+00:00,36.878,143.917,15.1,5.5,mwb,reviewed,"267 km ESE of Namie, Japan"
2011-04-18 13:03:33.600000+00:00,40.32,140.478,74.7,5.0,mb,reviewed,"8 km NW of ?date, Japan"
2011-04-19 04:04:30.080000+00:00,37.186,143.491,14.5,5.0,mwc,reviewed,"223 km E of Namie, Japan"
2011-04-19 23:07:02.300000+00:00,34.011,140.054,89.7,4.9,mwc,reviewed,"109 km S of Tateyama, Japan"
2011-04-21 13:37:03.340000+00:00,35.579,140.305,43.0,6.2,mww,reviewed,"6 km WNW of T?gane, Japan"
2011-04-22 15:25:17.840000+00:00,37.226,140.988,23.5,5.2,mwc,reviewed,"21 km NNE of Iwaki, Japan"
2011-04-23 10:12:46.980000+00:00,39.097,142.87,31.0,5.9,mww,reviewed,"88 km ESE of Kamaishi, Japan"
2011-04-24 21:06:38.640000+00:00,35.196,140.931,41.1,5.0,mwc,reviewed,"49 km E of ?hara, Japan"
2011-04-25 09:00:21.590000+00:00,36.217,140.887,33.6,5.1,mwc,reviewed,"29 km ESE of ?arai, Japan"
2011-04-26 12:12:00.530000+00:00,36.085,139.778,40.2,5.0,mwc,reviewed,"2 km SW of Sakai, Japan"
2011-04-28 09:27:47.230000+00:00,37.455,141.653,38.0,5.5,mww,reviewed,"near the east coast of Honshu, Japan"
2011-04-29 22:19:33.370000+00:00,38.859,141.916,59.2,5.2,mwc,reviewed,"29 km SE of ?funato, Japan"
2011-04-30 05:06:35.860000+00:00,36.785,141.067,38.8,5.1,mwc,reviewed,"28 km E of Kitaibaraki, Japan"
2011-05-01 10:22:43.800000+00:00,35.835,140.677,59.8,4.8,mb,reviewed,"5 km ESE of Omigawa, Japan"
2011-05-02 21:25:49.540000+00:00,40.102,142.564,32.3,5.1,mwc,reviewed,"73 km NE of Miyako, Japan"
2011-05-04 08:23:53.110000+00:00,37.044,143.246,35.0,5.4,mwc,reviewed,"205 km ESE of Namie, Japan"
2011-05-04 13:18:51.190000+00:00,38.879,142.004,62.5,4.7,mb,reviewed,"32 km SE of ?funato, Japan"
2011-05-05 14:58:18.680000+00:00,38.17,144.032,11.0,6.0,mww,reviewed,"224 km SE of Kamaishi, Japan"
2011-05-06 18:11:27.470000+00:00,38.062,144.204,11.6,4.8,mwc,reviewed,"243 km SE of Kamaishi, Japan"
2011-05-07 20:52:20.760000+00:00,40.239,142.243,35.0,5.7,mwb,reviewed,"69 km ESE of Hachinohe, Japan"
2011-05-09 20:15:53.560000+00:00,37.739,143.536,11.0,5.6,mwc,reviewed,"199 km ESE of Onagawa Ch?, Japan"
2011-05-11 01:20:05.600000+00:00,37.81,143.56,14.6,5.2,mwc,reviewed,"209 km ESE of Ishinomaki, Japan"
2011-05-11 18:14:31.890000+00:00,36.1,142.267,10.0,5.2,mwc,reviewed,"135 km ENE of Hasaki, Japan"
2011-05-12 16:21:00.930000+00:00,39.664,142.024,62.7,4.7,mb,reviewed,"7 km ENE of Miyako, Japan"
2011-05-13 23:35:52.860000+00:00,37.396,141.341,35.0,6.1,mww,reviewed,"31 km ESE of Namie, Japan"
2011-05-14 22:30:29.660000+00:00,43.144,146.131,36.6,5.1,mwc,reviewed,"49 km ESE of Nemuro, Japan"
2011-05-16 15:53:34.640000+00:00,37.425,141.146,46.8,4.8,mb,reviewed,"14 km ESE of Namie, Japan"
2011-05-17 22:16:07.160000+00:00,36.559,142.98,25.7,4.8,mb,reviewed,"194 km ESE of Iwaki, Japan"
2011-05-18 17:15:56.130000+00:00,39.662,144.328,34.1,4.8,mwc,reviewed,"204 km E of Miyako, Japan"
2011-05-20 00:46:16.950000+00:00,35.761,140.843,29.0,5.8,mww,reviewed,"3 km NNE of Hasaki, Japan"
2011-05-20 22:10:54.030000+00:00,35.967,141.808,23.0,4.8,mb,reviewed,"91 km ENE of Hasaki, Japan"
2011-05-21 22:06:26.390000+00:00,35.597,140.492,37.0,5.6,mww,reviewed,"6 km E of Narut?, Japan"
2011-05-22 14:46:11.670000+00:00,37.601,143.488,28.6,5.6,mwb,reviewed,"212 km ESE of Ishinomaki, Japan"
2011-05-24 03:40:51.300000+00:00,39.709,143.247,16.0,5.8,mww,reviewed,"112 km E of Miyako, Japan"
2011-05-24 20:36:16.710000+00:00,37.043,140.844,26.9,4.9,mb,reviewed,"3 km WSW of Iwaki, Japan"
2011-05-25 20:29:28.940000+00:00,39.626,143.385,18.5,4.8,mb,reviewed,"124 km E of Miyako, Japan"
2011-05-27 23:01:56.040000+00:00,39.822,141.999,67.5,4.8,mb,reviewed,"20 km NNE of Miyako, Japan"
2011-05-28 13:46:07.930000+00:00,36.287,142.021,35.0,5.0,mwc,reviewed,"123 km ENE of Hasaki, Japan"
2011-05-30 00:05:38.170000+00:00,36.63,142.67,24.5,4.8,mb,reviewed,"166 km ESE of Iwaki, Japan"
2011-05-30 23:53:45.480000+00:00,40.29,143.205,39.4,5.1,mwc,reviewed,"129 km ENE of Miyako, Japan"
2011-05-31 12:28:38.310000+00:00,39.409,141.791,64.9,5.4,mwc,reviewed,"10 km WNW of ?tsuchi, Japan"
2011-06-02 14:37:50.090000+00:00,37.454,142.757,18.7,4.9,mb,reviewed,"155 km E of Namie, Japan"
2011-06-03 00:05:00.830000+00:00,37.285,143.907,14.0,6.1,mww,reviewed,"258 km E of Namie, Japan"
2011-06-04 21:14:08.840000+00:00,35.771,141.225,43.8,4.8,mb,reviewed,"35 km E of Hasaki, Japan"
2011-06-06 00:46:47.690000+00:00,39.905,142.997,42.1,4.8,mb,reviewed,"94 km ENE of Miyako, Japan"
2011-06-06 18:52:24.250000+00:00,37.548,143.597,37.1,4.9,mb,reviewed,"223 km ESE of Ishinomaki, Japan"
2011-06-07 10:18:16.260000+00:00,37.397,141.689,39.6,4.6,mb,reviewed,"61 km E of Namie, Japan"
2011-06-08 22:11:17.360000+00:00,39.031,142.318,46.7,5.0,mwc,reviewed,"near the east coast of Honshu, Japan"
2011-06-09 10:38:34.540000+00:00,36.478,140.774,15.7,5.4,mwc,reviewed,"17 km SE of Hitachi, Japan"
2011-06-10 22:35:55.070000+00:00,38.315,142.156,31.5,5.0,mwc,reviewed,"75 km E of Ishinomaki, Japan"
2011-06-12 08:09:47.250000+00:00,36.411,140.995,45.5,4.9,mb,reviewed,"37 km SE of Hitachi, Japan"
2011-06-13 06:50:31.620000+00:00,39.91,143.02,17.9,5.1,mwc,reviewed,"96 km ENE of Miyako, Japan"
2011-06-14 13:06:52.190000+00:00,37.727,143.512,14.0,5.7,mww,reviewed,"208 km ESE of Ishinomaki, Japan"
2011-06-16 10:09:09.720000+00:00,39.795,143.199,19.3,5.0,mwc,reviewed,"109 km E of Miyako, Japan"
2011-06-16 19:00:16.310000+00:00,35.282,141.019,37.9,4.9,mwc,reviewed,"52 km SSE of Hasaki, Japan"
2011-06-18 11:31:05.880000+00:00,37.664,141.664,20.0,5.7,mww,reviewed,"61 km ENE of Namie, Japan"
2011-06-19 06:52:47.140000+00:00,35.425,140.872,35.0,4.8,mb,reviewed,"34 km S of Hasaki, Japan"
2011-06-21 08:49:40.500000+00:00,35.623,141.314,15.0,5.4,mwb,reviewed,"45 km ESE of Hasaki, Japan"
2011-06-22 14:28:59.170000+00:00,40.046,142.777,42.7,5.7,mwc,reviewed,"84 km ENE of Miyako, Japan"
2011-06-22 21:50:52.350000+00:00,39.955,142.205,33.0,6.7,mww,reviewed,"41 km NNE of Miyako, Japan"
2011-06-24 17:39:27.210000+00:00,42.049,142.553,58.1,5.5,mwb,reviewed,"35 km SSE of Shizunai-furukawach?, Japan"
2011-06-25 09:59:32.140000+00:00,36.048,140.163,74.8,4.7,mb,reviewed,"0 km SW of Naka, Japan"
2011-06-26 10:11:34.660000+00:00,40.638,142.508,35.0,4.7,mb,reviewed,"86 km E of Hachinohe, Japan"
2011-06-28 07:42:55.010000+00:00,40.53,143.805,27.2,5.2,mwc,reviewed,"186 km ENE of Miyako, Japan"
2011-06-28 13:22:59.920000+00:00,38.21,141.99,60.9,4.9,mb,reviewed,"64 km ESE of Ishinomaki, Japan"
2011-06-29 22:14:38.480000+00:00,35.598,140.461,54.8,5.0,mwc,reviewed,"4 km E of Narut?, Japan"
2011-06-30 16:57:09.050000+00:00,37.794,143.14,14.5,4.8,mb,reviewed,"175 km ESE of Ishinomaki, Japan"
2011-07-02 10:33:53.620000+00:00,35.525,141.128,28.7,4.6,mb,reviewed,"35 km SE of Hasaki, Japan"
2011-07-03 21:47:23.540000+00:00,39.058,143.393,43.4,4.9,mb,reviewed,"132 km ESE of Yamada, Japan"
2011-07-05 10:18:44.390000+00:00,33.988,135.135,16.3,5.0,mwc,reviewed,"12 km NNW of Gob?, Japan"
2011-07-06 15:14:59.030000+00:00,36.372,141.618,10.0,5.7,mww,reviewed,"89 km ESE of Takahagi, Japan"
2011-07-07 18:35:40.740000+00:00,37.125,140.869,35.0,5.5,mww,reviewed,"8 km N of Iwaki, Japan"
2011-07-08 13:10:48.760000+00:00,39.87,142.102,50.6,5.0,mwc,reviewed,"28 km NNE of Miyako, Japan"
2011-07-10 00:57:10.800000+00:00,38.034,143.264,23.0,7.0,mww,reviewed,"177 km ESE of Ishinomaki, Japan"
2011-07-11 04:29:30.480000+00:00,39.349,141.859,65.5,5.2,mwc,reviewed,"4 km WSW of ?tsuchi, Japan"
2011-07-12 09:00:00.390000+00:00,38.811,141.884,63.2,5.0,mwc,reviewed,"32 km SSE of ?funato, Japan"
2011-07-12 20:47:13.780000+00:00,37.348,141.015,32.0,5.1,mwc,reviewed,"15 km S of Namie, Japan"
2011-07-14 04:10:55.070000+00:00,36.934,141.136,21.5,5.0,mwc,reviewed,"near the east coast of Honshu, Japan"
2011-07-15 12:01:12.200000+00:00,36.128,139.85,88.7,5.5,mwc,reviewed,"5 km NE of Sakai, Japan"
2011-07-16 13:23:04.630000+00:00,38.938,141.952,65.9,4.7,mb,reviewed,"25 km SE of ?funato, Japan"
2011-07-19 01:38:51.280000+00:00,37.386,141.575,24.4,5.2,mwc,reviewed,"52 km ESE of Namie, Japan"
2011-07-19 21:07:42.380000+00:00,36.244,144.545,35.0,4.8,mb,reviewed,"off the east coast of Honshu, Japan"
2011-07-21 01:03:30.950000+00:00,39.632,143.466,28.9,5.1,mwc,reviewed,"130 km E of Miyako, Japan"
2011-07-22 00:56:26.170000+00:00,39.804,143.547,18.1,4.8,mb,reviewed,"138 km E of Miyako, Japan"
2011-07-23 04:34:24.180000+00:00,38.898,141.815,41.0,6.3,mww,reviewed,"21 km SSE of ?funato, Japan"
2011-07-24 18:51:25.070000+00:00,37.73,141.39,40.0,6.3,mww,reviewed,"43 km NE of Namie, Japan"
2011-07-25 21:33:14.620000+00:00,39.02,142.604,11.5,4.9,mwc,reviewed,"69 km ESE of Kamaishi, Japan"
2011-07-28 09:01:39.030000+00:00,40.344,143.236,30.9,5.6,mww,reviewed,"135 km NE of Miyako, Japan"
2011-07-29 14:53:18.980000+00:00,36.689,141.871,16.9,5.4,mwc,reviewed,"96 km ESE of Iwaki, Japan"
2011-07-30 13:21:34.560000+00:00,34.825,141.601,35.0,5.0,mwc,reviewed,"119 km ESE of ?hara, Japan"
2011-07-30 18:53:50.720000+00:00,36.942,140.955,38.0,6.3,mww,reviewed,"13 km SSE of Iwaki, Japan"
2011-08-01 14:58:09.060000+00:00,34.631,138.433,13.0,5.9,mww,reviewed,"20 km E of ?yama, Japan"
2011-08-02 19:26:03.070000+00:00,35.75,140.197,68.9,4.9,mb,reviewed,"4 km NW of Sakura, Japan"
2011-08-04 15:09:22.520000+00:00,30.516,130.327,104.5,4.8,mb,reviewed,"16 km NW of Nagata, Japan"
2011-08-05 10:53:22.230000+00:00,40.131,142.312,54.2,5.0,mwc,reviewed,"62 km NNE of Miyako, Japan"
2011-08-06 07:14:55.290000+00:00,35.245,140.99,25.5,5.3,mb,reviewed,"54 km E of ?hara, Japan"
2011-08-07 06:30:56.050000+00:00,31.563,137.798,406.2,4.9,mb,reviewed,"294 km SE of Shing?, Japan"
2011-08-08 19:46:51.410000+00:00,36.521,142.385,7.5,4.9,mb,reviewed,"146 km ESE of Iwaki, Japan"
2011-08-09 19:35:31.870000+00:00,36.167,141.27,18.2,4.8,mb,reviewed,"60 km ENE of Kashima-shi, Japan"
2011-08-11 18:22:04.920000+00:00,37.034,140.893,44.0,5.8,mww,reviewed,"1 km SSE of Iwaki, Japan"
2011-08-13 08:30:22.960000+00:00,38.421,142.221,29.9,4.8,mb,reviewed,"80 km E of Ishinomaki, Japan"
2011-08-14 20:42:03.660000+00:00,39.867,143.177,35.0,4.8,mb,reviewed,"108 km ENE of Miyako, Japan"
2011-08-16 12:43:01.790000+00:00,38.072,143.491,25.8,5.0,mwc,reviewed,"190 km SE of ?funato, Japan"
2011-08-17 11:44:08.370000+00:00,36.765,143.77,9.0,6.1,mww,reviewed,"258 km ESE of Namie, Japan"
2011-08-17 23:54:23.710000+00:00,36.766,143.713,35.0,4.8,mb,reviewed,"253 km ESE of Namie, Japan"
2011-08-19 05:36:33.040000+00:00,37.671,141.652,47.0,6.2,mww,reviewed,"61 km ENE of Namie, Japan"
2011-08-20 14:12:06.480000+00:00,36.253,141.801,35.0,4.9,mwc,reviewed,"104 km ENE of Hasaki, Japan"
2011-08-22 11:23:35.250000+00:00,36.083,141.688,12.0,5.9,mww,reviewed,"86 km ENE of Hasaki, Japan"
2011-08-22 22:04:52.260000+00:00,37.208,140.945,57.1,4.8,mb,reviewed,"18 km NNE of Iwaki, Japan"
2011-08-23 23:32:54.050000+00:00,36.973,142.349,26.5,4.6,mb,reviewed,"130 km E of Iwaki, Japan"
2011-08-25 02:14:50.250000+00:00,36.106,143.452,19.6,5.0,mb,reviewed,"239 km E of Hasaki, Japan"
2011-08-27 14:29:27.500000+00:00,37.068,141.103,35.0,4.9,mb,reviewed,"19 km E of Iwaki, Japan"
2011-08-28 00:52:05.200000+00:00,31.162,131.422,48.8,4.9,mb,reviewed,"39 km SSE of Kushima, Japan"
2011-08-29 14:20:00.020000+00:00,36.439,142.583,10.0,4.7,mb,reviewed,"166 km ESE of Iwaki, Japan"
2011-08-30 13:44:35.330000+00:00,39.194,140.425,151.1,4.9,mb,reviewed,"7 km WNW of Yuzawa, Japan"
2011-08-31 13:22:42.300000+00:00,36.399,141.909,32.3,4.8,mb,reviewed,"112 km ESE of Kitaibaraki, Japan"
2011-09-02 05:57:05.340000+00:00,36.841,142.057,23.3,4.7,mb,reviewed,"107 km ESE of Iwaki, Japan"
2011-09-03 20:52:49.440000+00:00,35.79,139.358,100.8,5.0,mwc,reviewed,"6 km NNE of Fussa, Japan"
2011-09-04 12:22:03.050000+00:00,38.345,142.363,36.0,4.9,mb,reviewed,"93 km E of Ishinomaki, Japan"
2011-09-05 19:49:13.170000+00:00,36.51,142.622,10.0,5.1,mb,reviewed,"166 km ESE of Iwaki, Japan"
2011-09-06 17:54:51.870000+00:00,36.661,141.594,21.0,5.2,mwc,reviewed,"76 km SE of Iwaki, Japan"
2011-09-08 13:38:13.170000+00:00,37.238,141.835,37.0,5.1,mwc,reviewed,"78 km ESE of Namie, Japan"
2011-09-10 06:00:32.880000+00:00,36.473,140.551,57.9,4.9,mwc,reviewed,"1 km WNW of Funaishikawa, Japan"
2011-09-11 11:29:02.740000+00:00,36.157,141.674,35.2,4.8,mb,reviewed,"89 km ENE of Hasaki, Japan"
2011-09-12 23:02:41.760000+00:00,35.69,143.329,20.0,5.0,mb,reviewed,"225 km E of Hasaki, Japan"
2011-09-14 14:56:36.690000+00:00,37.745,141.76,60.7,4.8,mb,reviewed,"73 km ENE of Namie, Japan"
2011-09-15 08:00:09.640000+00:00,36.256,141.338,28.0,6.1,mww,reviewed,"68 km E of ?arai, Japan"
2011-09-16 19:26:40.260000+00:00,40.273,142.779,30.0,6.7,mwc,reviewed,"99 km NE of Miyako, Japan"
2011-09-18 07:04:18.070000+00:00,39.845,143.052,10.0,5.6,mww,reviewed,"97 km ENE of Miyako, Japan"
2011-09-19 08:05:46.110000+00:00,37.246,142.79,35.0,4.5,mb,reviewed,"160 km E of Namie, Japan"
2011-09-21 13:31:01.430000+00:00,36.774,140.324,42.5,5.1,mwc,reviewed,"2 km WNW of Daigo, Japan"
2011-09-22 19:59:21.730000+00:00,37.375,141.401,35.7,4.9,mb,reviewed,"37 km ESE of Namie, Japan"
2011-09-23 13:12:27.300000+00:00,39.352,141.85,61.7,5.2,mwc,reviewed,"4 km WSW of ?tsuchi, Japan"
2011-09-25 04:18:21.830000+00:00,41.93,144.042,39.9,4.9,mb,reviewed,"119 km SSW of Kushiro, Japan"
2011-09-27 03:04:22.390000+00:00,37.733,142.148,40.9,4.9,mb,reviewed,"105 km ENE of Namie, Japan"
2011-09-28 02:17:06.350000+00:00,40.123,142.499,63.7,4.8,mb,reviewed,"71 km NE of Miyako, Japan"
2011-09-29 10:05:12.480000+00:00,37.147,140.65,43.5,5.1,mwc,reviewed,"17 km E of Ishikawa, Japan"
2011-09-30 15:51:01.120000+00:00,39.147,143.523,10.0,5.0,mb,reviewed,"140 km ESE of Yamada, Japan"
2011-10-02 13:30:11.860000+00:00,38.41,144.444,14.5,4.9,mwc,reviewed,"243 km ESE of Kamaishi, Japan"
2011-10-05 10:00:01.440000+00:00,36.478,137.593,10.0,5.3,mwc,reviewed,"24 km W of ?machi, Japan"
2011-10-06 10:37:13.270000+00:00,36.381,137.539,10.0,4.9,mwc,reviewed,"31 km W of Hotaka, Japan"
2011-10-07 02:51:18.280000+00:00,41.631,141.964,46.0,5.3,mwc,reviewed,"73 km ENE of Mutsu, Japan"
2011-10-08 16:08:46.780000+00:00,35.894,140.222,64.7,4.7,mb,reviewed,"3 km E of Ry?gasaki, Japan"
2011-10-10 02:45:57.860000+00:00,37.547,141.257,46.0,5.6,mww,reviewed,"23 km ENE of Namie, Japan"
2011-10-11 02:48:47.110000+00:00,38.108,144.745,12.2,4.8,mb,reviewed,"off the east coast of Honshu, Japan"
2011-10-12 17:22:05.940000+00:00,37.765,144.421,35.0,5.0,mb,reviewed,"277 km ESE of ?funato, Japan"
2011-10-13 18:09:04.320000+00:00,37.641,142.762,26.3,4.9,mb,reviewed,"154 km SE of Ishinomaki, Japan"
2011-10-15 08:23:46.310000+00:00,42.122,142.35,71.2,4.5,mb,reviewed,"23 km S of Shizunai-furukawach?, Japan"
2011-10-17 09:15:23.420000+00:00,37.744,141.89,35.4,5.0,mb,reviewed,"83 km ENE of Namie, Japan"
2011-10-17 20:34:01.080000+00:00,39.527,143.503,29.9,4.9,mb,reviewed,"133 km E of Yamada, Japan"
2011-10-19 02:36:53.540000+00:00,32.557,131.22,89.4,4.9,mb,reviewed,"42 km W of Nobeoka, Japan"
2011-10-21 08:02:37.950000+00:00,43.892,142.479,187.0,6.1,mww,reviewed,"16 km NE of Asahikawa, Japan"
2011-10-23 12:04:49.710000+00:00,30.041,130.658,59.4,4.9,mb,reviewed,"24 km SSE of Koshima, Japan"
2011-10-25 19:34:12.720000+00:00,32.056,138.362,12.4,5.2,mwc,reviewed,"Izu Islands, Japan region"
2011-10-27 18:06:22.310000+00:00,37.657,144.531,21.3,4.8,mwc,reviewed,"291 km ESE of ?funato, Japan"
2011-10-29 06:24:45.390000+00:00,38.239,141.857,58.2,4.9,mb,reviewed,"52 km ESE of Ishinomaki, Japan"
2011-10-29 22:16:02.180000+00:00,36.572,142.496,36.7,4.9,mb,reviewed,"153 km ESE of Iwaki, Japan"
2011-10-31 01:31:41.750000+00:00,35.9,140.308,72.8,4.9,mb,reviewed,"5 km S of Edosaki, Japan"
2011-11-01 16:21:25.690000+00:00,35.941,141.642,20.5,5.0,mwc,reviewed,"76 km ENE of Hasaki, Japan"
2011-11-03 10:34:30.410000+00:00,35.814,139.934,82.5,5.0,mwc,reviewed,"4 km NE of Matsudo, Japan"
2011-11-04 02:59:15.830000+00:00,35.973,141.138,19.1,4.8,mwc,reviewed,"38 km NE of Hasaki, Japan"
2011-11-05 07:56:54.160000+00:00,39.65,143.241,41.2,4.8,mb,reviewed,"111 km E of Miyako, Japan"
2011-11-08 03:13:52.630000+00:00,31.36,142.217,35.0,5.2,mb,reviewed,"Izu Islands, Japan region"
2011-11-08 22:45:04.820000+00:00,37.4,142.762,36.3,5.0,mb,reviewed,"156 km E of Namie, Japan"
2011-11-11 12:44:09.340000+00:00,39.667,143.371,14.8,5.1,mwc,reviewed,"122 km E of Miyako, Japan"
2011-11-13 09:05:16.910000+00:00,37.193,141.533,53.5,4.8,mb,reviewed,"57 km SE of Namie, Japan"
2011-11-16 00:43:58.130000+00:00,34.14,141.468,39.3,5.3,mwc,reviewed,"153 km SE of Katsuura, Japan"
2011-11-17 08:34:33.950000+00:00,38.82,141.912,60.9,5.0,mb,reviewed,"32 km SSE of ?funato, Japan"
2011-11-18 13:54:58.900000+00:00,39.668,143.148,35.0,4.8,mb,reviewed,"103 km E of Miyako, Japan"
2011-11-20 01:23:44.730000+00:00,36.775,140.378,32.0,5.0,mwc,reviewed,"2 km ENE of Daigo, Japan"
2011-11-21 10:16:33.810000+00:00,34.847,132.715,35.0,5.1,mwc,reviewed,"13 km WNW of Miyoshi, Japan"
2011-11-23 19:24:31.470000+00:00,37.365,141.368,34.0,6.1,mww,reviewed,"35 km ESE of Namie, Japan"
2011-11-24 10:25:34.030000+00:00,41.898,142.639,38.0,6.2,mww,reviewed,"53 km SSE of Shizunai-furukawach?, Japan"
2011-11-26 01:43:21.430000+00:00,38.845,142.078,51.7,4.8,mb,reviewed,"40 km SE of ?funato, Japan"
2011-11-27 09:01:50.850000+00:00,37.625,141.786,41.8,4.7,mb,reviewed,"71 km ENE of Namie, Japan"
2011-11-28 17:56:34.100000+00:00,36.68,142.312,15.2,4.7,mb,reviewed,"133 km ESE of Iwaki, Japan"
2011-11-30 15:35:08.960000+00:00,39.61,143.553,29.6,4.9,mb,reviewed,"off the east coast of Honshu, Japan"
2011-12-02 20:55:29.490000+00:00,35.257,140.152,30.9,5.2,mwc,reviewed,"18 km NNE of Kamogawa, Japan"
2011-12-03 06:42:25.180000+00:00,37.366,141.536,53.2,4.9,mb,reviewed,"49 km ESE of Namie, Japan"
2011-12-05 01:01:12.560000+00:00,36.158,141.805,17.1,5.2,mwc,reviewed,"99 km ENE of Hasaki, Japan"
2011-12-06 01:26:09.910000+00:00,38.016,141.85,52.6,4.9,mb,reviewed,"65 km SE of Ishinomaki, Japan"
2011-12-07 22:11:42.710000+00:00,36.297,140.932,44.0,4.9,mb,reviewed,"31 km E of ?arai, Japan"
2011-12-08 15:34:38.300000+00:00,40.251,142.389,58.0,4.9,mb,reviewed,"77 km NNE of Miyako, Japan"
2011-12-10 19:00:54.430000+00:00,37.659,143.588,10.0,5.0,mb,reviewed,"217 km ESE of Ishinomaki, Japan"
2011-12-11 05:04:29.020000+00:00,34.456,142.419,10.0,4.9,mb,reviewed,"202 km SE of Hasaki, Japan"
2011-12-13 00:57:08.090000+00:00,37.754,143.651,10.7,5.0,mb,reviewed,"218 km ESE of Ishinomaki, Japan"
2011-12-14 04:01:07.560000+00:00,35.308,137.188,47.6,5.1,mwc,reviewed,"4 km S of Toki, Japan"
2011-12-15 15:12:48.270000+00:00,31.717,141.631,34.8,5.6,mwb,reviewed,"Izu Islands, Japan region"
2011-12-16 05:27:27.860000+00:00,38.433,142.162,14.2,4.8,mb,reviewed,"75 km E of Ishinomaki, Japan"
2011-12-18 06:08:58.190000+00:00,38.664,142.291,44.8,4.8,mb,reviewed,"67 km SE of ?funato, Japan"
2011-12-18 09:02:03.080000+00:00,35.508,140.913,30.2,5.1,mwc,reviewed,"26 km SSE of Hasaki, Japan"
2011-12-20 06:26:23.210000+00:00,40.099,142.559,52.7,5.1,mwc,reviewed,"72 km NE of Miyako, Japan"
2011-12-20 18:30:18.010000+00:00,33.318,141.868,25.6,4.9,mb,reviewed,"248 km SE of Katsuura, Japan"
2011-12-21 20:10:33.430000+00:00,37.038,141.011,48.1,4.8,mb,reviewed,"11 km E of Iwaki, Japan"
2011-12-25 17:41:40.040000+00:00,35.878,140.758,61.7,4.9,mb,reviewed,"13 km ENE of Omigawa, Japan"
2011-12-27 09:04:30.340000+00:00,31.125,140.338,94.8,5.3,mwc,reviewed,"Izu Islands, Japan region"
2011-12-30 17:07:23.390000+00:00,30.799,138.254,405.8,5.2,mwc,reviewed,"Izu Islands, Japan region"
2012-01-01 05:27:55.980000+00:00,31.456,138.072,365.3,6.8,mww,reviewed,"Izu Islands, Japan region"
2012-01-02 18:28:25.810000+00:00,36.358,141.649,18.6,4.9,mb,reviewed,"92 km ESE of Takahagi, Japan"
2012-01-04 03:40:44.330000+00:00,38.34,144.326,35.0,4.8,mb,reviewed,"237 km ESE of Kamaishi, Japan"
2012-01-05 16:47:08.100000+00:00,38.714,142.197,47.1,5.0,mb,reviewed,"57 km SE of ?funato, Japan"
2012-01-07 17:56:14.320000+00:00,31.586,140.168,152.4,4.8,mb,reviewed,"Izu Islands, Japan region"
2012-01-08 22:13:09.580000+00:00,39.363,141.785,62.3,4.9,mb,reviewed,"9 km W of ?tsuchi, Japan"
2012-01-11 01:16:28.650000+00:00,39.546,143.25,15.6,4.9,mb,reviewed,"112 km E of Yamada, Japan"
2012-01-12 03:20:49.990000+00:00,36.994,141.071,16.0,5.5,mww,reviewed,"17 km ESE of Iwaki, Japan"
2012-01-14 09:57:56.790000+00:00,40.16,142.358,56.5,4.8,mb,reviewed,"67 km NNE of Miyako, Japan"
2012-01-16 06:20:58.670000+00:00,35.755,140.493,66.7,4.7,mb,reviewed,"7 km NW of Y?kaichiba, Japan"
2012-01-17 03:30:16.460000+00:00,36.087,139.665,60.1,4.7,mb,reviewed,"2 km NNW of Kukich??, Japan"
2012-01-18 19:32:51.410000+00:00,39.09,142.486,44.5,4.7,mb,reviewed,"57 km ESE of Kamaishi, Japan"
2012-01-19 13:09:46.960000+00:00,35.839,140.976,10.0,4.7,mb,reviewed,"17 km NE of Hasaki, Japan"
2012-01-20 13:30:50.590000+00:00,37.75,143.311,22.4,5.2,mb,reviewed,"191 km ESE of Ishinomaki, Japan"
2012-01-21 22:35:52.740000+00:00,37.671,143.566,35.0,4.7,mb,reviewed,"215 km ESE of Ishinomaki, Japan"
2012-01-23 11:45:43.700000+00:00,37.108,140.965,62.4,5.2,mb,reviewed,"9 km NE of Iwaki, Japan"
2012-01-24 17:35:51.080000+00:00,36.751,141.108,23.9,4.7,mb,reviewed,"32 km E of Kitaibaraki, Japan"
2012-01-25 20:42:55.910000+00:00,38.19,141.573,52.3,5.2,mb,reviewed,"34 km SE of Ishinomaki, Japan"
2012-01-28 00:22:18.940000+00:00,40.177,142.211,55.3,5.6,mww,reviewed,"63 km NNE of Miyako, Japan"
2012-01-28 12:44:28.470000+00:00,40.251,142.19,59.9,4.9,mb,reviewed,"64 km ESE of Hachinohe, Japan"
2012-01-29 18:18:24.190000+00:00,32.588,131.806,62.4,5.1,mb,reviewed,"13 km E of Nobeoka, Japan"
2012-01-31 19:35:21.640000+00:00,37.201,141.579,21.0,4.8,mb,reviewed,"60 km ESE of Namie, Japan"
2012-02-01 01:54:58.660000+00:00,33.742,138.77,10.0,4.5,mb,reviewed,"104 km S of Shimoda, Japan"
2012-02-04 05:56:02.530000+00:00,37.343,141.869,33.2,5.0,mb,reviewed,"78 km ESE of Namie, Japan"
2012-02-04 18:02:58.140000+00:00,40.291,142.17,53.7,4.8,mb,reviewed,"61 km ESE of Hachinohe, Japan"
2012-02-05 22:05:46.110000+00:00,36.483,140.671,10.7,4.7,mb,reviewed,"9 km E of Funaishikawa, Japan"
2012-02-08 12:01:37.480000+00:00,37.858,137.999,10.0,5.4,mwc,reviewed,"45 km WSW of Ry?tsu-minato, Japan"
2012-02-09 03:55:19.870000+00:00,31.506,131.497,34.9,4.8,mb,reviewed,"16 km SE of Nichinan, Japan"
2012-02-09 21:52:02.010000+00:00,38.418,140.617,106.2,4.8,mb,reviewed,"19 km E of Higashine, Japan"
2012-02-11 19:55:51.400000+00:00,38.692,142.054,57.8,4.9,mb,reviewed,"51 km SE of ?funato, Japan"
2012-02-12 04:41:01.150000+00:00,38.529,144.252,20.2,5.2,mb,reviewed,"222 km ESE of Kamaishi, Japan"
2012-02-14 06:22:01.170000+00:00,36.214,141.386,28.0,5.8,mww,reviewed,"72 km ENE of Kashima-shi, Japan"
2012-02-14 22:34:38.200000+00:00,36.16,141.642,13.8,5.1,mb,reviewed,"86 km ENE of Hasaki, Japan"
2012-02-16 04:50:10.710000+00:00,41.961,139.335,29.6,4.6,mb,reviewed,"109 km W of Kamiiso, Japan"
2012-02-18 14:20:31.360000+00:00,36.403,140.857,41.0,4.8,mb,reviewed,"26 km ENE of ?arai, Japan"
2012-02-19 05:54:49.680000+00:00,36.761,140.313,10.0,5.2,mb,reviewed,"3 km W of Daigo, Japan"
2012-02-21 03:54:35.800000+00:00,36.11,141.792,27.2,4.8,mb,reviewed,"96 km ENE of Hasaki, Japan"
2012-02-21 17:58:56.290000+00:00,35.483,140.212,54.9,4.7,mb,reviewed,"9 km NW of Mobara, Japan"
2012-02-23 15:26:39.990000+00:00,42.044,142.477,74.8,4.8,mb,reviewed,"33 km SSE of Shizunai-furukawach?, Japan"
2012-02-24 17:25:03.830000+00:00,32.036,142.423,22.9,4.9,mb,reviewed,"Izu Islands, Japan region"
2012-02-27 02:25:38.210000+00:00,40.623,142.767,49.8,4.7,mb,reviewed,"108 km E of Hachinohe, Japan"
2012-02-28 05:20:48.520000+00:00,36.373,141.023,12.8,5.0,mb,reviewed,"39 km E of ?arai, Japan"
2012-02-28 22:52:37.850000+00:00,37.203,144.137,10.0,5.4,mb,reviewed,"279 km E of Namie, Japan"
2012-02-29 14:32:47.830000+00:00,35.2,141.001,26.2,5.6,mwb,reviewed,"55 km E of ?hara, Japan"
2012-03-02 10:11:43.220000+00:00,35.16,141.043,26.8,5.3,mb,reviewed,"59 km E of ?hara, Japan"
2012-03-02 23:22:17.640000+00:00,37.334,141.343,57.7,4.9,mb,reviewed,"34 km ESE of Namie, Japan"
2012-03-05 06:24:26.840000+00:00,40.167,142.389,52.5,5.0,mb,reviewed,"69 km NNE of Miyako, Japan"
2012-03-06 11:17:03.660000+00:00,35.698,141.778,35.0,4.9,mb,reviewed,"85 km E of Hasaki, Japan"
2012-03-07 18:41:23.760000+00:00,38.32,142.144,71.4,4.7,mb,reviewed,"74 km E of Ishinomaki, Japan"
2012-03-09 17:25:33.190000+00:00,36.719,140.392,27.1,5.4,mb,reviewed,"6 km SE of Daigo, Japan"
2012-03-10 23:25:42.500000+00:00,39.665,144.153,32.9,4.9,mb,reviewed,"189 km E of Miyako, Japan"
2012-03-12 06:22:13.660000+00:00,30.227,142.636,34.6,4.7,mb,reviewed,"Izu Islands, Japan region"
2012-03-14 09:08:35.140000+00:00,40.887,144.944,12.0,6.9,mww,reviewed,"236 km SSE of Kushiro, Japan"
2012-03-15 19:20:18.260000+00:00,35.802,139.279,103.8,5.5,mwc,reviewed,"3 km ENE of ?me, Japan"
2012-03-16 18:37:55.140000+00:00,37.786,133.498,430.2,4.9,mb,reviewed,"250 km N of Sakaiminato, Japan"
2012-03-18 00:36:31.140000+00:00,39.128,142.159,57.5,4.9,mb,reviewed,"30 km ESE of Kamaishi, Japan"
2012-03-19 02:56:03.980000+00:00,41.521,141.951,81.7,4.9,mb,reviewed,"66 km ENE of Mutsu, Japan"
2012-03-20 05:57:50.870000+00:00,40.742,144.853,10.0,4.8,mb,reviewed,"251 km S of Kushiro, Japan"
2012-03-21 12:01:30.580000+00:00,36.741,142.299,9.7,4.9,mb,reviewed,"130 km ESE of Iwaki, Japan"
2012-03-22 16:09:34.210000+00:00,30.411,140.722,10.0,4.8,mb,reviewed,"Izu Islands, Japan region"
2012-03-24 19:41:47.100000+00:00,30.699,142.855,5.4,4.9,mb,reviewed,"Izu Islands, Japan region"
2012-03-25 13:22:41.650000+00:00,37.692,141.603,62.2,5.2,mb,reviewed,"58 km ENE of Namie, Japan"
2012-03-27 11:00:44.500000+00:00,39.859,142.017,15.0,6.1,mwc,reviewed,"24 km NNE of Miyako, Japan"
2012-03-28 19:00:53.320000+00:00,36.535,144.411,10.0,4.8,mb,reviewed,"off the east coast of Honshu, Japan"
2012-03-30 04:38:33.660000+00:00,37.539,141.244,57.2,5.1,mb,reviewed,"near the east coast of Honshu, Japan"
2012-04-01 14:04:24.910000+00:00,37.116,140.957,48.0,5.7,mwb,reviewed,"9 km NE of Iwaki, Japan"
2012-04-02 19:54:33.610000+00:00,37.937,142.813,24.7,5.0,mb,reviewed,"142 km ESE of Ishinomaki, Japan"
2012-04-04 00:12:58.130000+00:00,36.873,142.004,24.0,4.6,mb,reviewed,"101 km ESE of Iwaki, Japan"
2012-04-06 00:14:54.200000+00:00,36.808,142.788,35.0,4.5,mb,reviewed,"171 km E of Iwaki, Japan"
2012-04-07 22:15:38.100000+00:00,36.611,140.71,67.9,4.6,mb,reviewed,"5 km ENE of Hitachi, Japan"
2012-04-10 13:54:23.270000+00:00,30.579,142.027,24.1,4.7,mb,reviewed,"Izu Islands, Japan region"
2012-04-12 14:50:52.850000+00:00,37.513,141.468,25.1,5.5,mwc,reviewed,"41 km E of Namie, Japan"
2012-04-13 10:10:01.200000+00:00,36.988,141.152,11.0,5.7,mww,reviewed,"24 km ESE of Iwaki, Japan"
2012-04-14 10:48:52.740000+00:00,37.128,141.229,42.3,4.7,mb,reviewed,"31 km ENE of Iwaki, Japan"
2012-04-15 14:29:01.220000+00:00,39.941,142.113,65.0,4.5,mb,reviewed,"35 km NNE of Miyako, Japan"
2012-04-17 04:25:03.880000+00:00,38.271,142.272,61.5,4.6,mb,reviewed,"86 km E of Ishinomaki, Japan"
2012-04-19 03:33:27.360000+00:00,36.976,141.181,31.9,5.2,mb,reviewed,"27 km ESE of Iwaki, Japan"
2012-04-21 14:29:36.860000+00:00,42.617,142.232,89.9,4.8,mb,reviewed,"33 km NNW of Shizunai-furukawach?, Japan"
2012-04-22 13:58:32.050000+00:00,37.816,143.541,10.0,4.7,mb,reviewed,"207 km ESE of Ishinomaki, Japan"
2012-04-24 20:22:10.410000+00:00,35.622,140.472,54.3,5.5,mwb,reviewed,"5 km ENE of Narut?, Japan"
2012-04-26 18:41:20.870000+00:00,41.485,141.818,75.0,5.1,mb,reviewed,"54 km ENE of Mutsu, Japan"
2012-04-27 05:37:11.740000+00:00,39.875,143.029,42.9,4.9,mb,reviewed,"96 km ENE of Miyako, Japan"
2012-04-29 10:28:51.870000+00:00,35.596,140.349,44.0,5.8,mww,reviewed,"5 km NNW of T?gane, Japan"
2012-04-30 16:11:34.280000+00:00,37.966,143.913,31.4,4.8,mb,reviewed,"227 km ESE of ?funato, Japan"
2012-05-02 18:02:26.410000+00:00,36.936,141.744,39.6,4.7,mb,reviewed,"77 km E of Iwaki, Japan"
2012-05-04 05:34:08.430000+00:00,43.302,145.455,85.4,4.6,mb,reviewed,"10 km WSW of Nemuro, Japan"
2012-05-05 20:12:35.060000+00:00,38.182,141.628,65.5,5.1,mb,reviewed,"38 km SE of Ishinomaki, Japan"
2012-05-07 18:59:49.940000+00:00,36.902,141.134,37.5,4.7,mb,reviewed,"27 km SE of Iwaki, Japan"
2012-05-08 09:16:34.930000+00:00,37.364,144.644,31.0,5.0,mb,reviewed,"off the east coast of Honshu, Japan"
2012-05-10 00:28:21.780000+00:00,39.772,142.171,40.4,5.2,mb,reviewed,"24 km NE of Miyako, Japan"
2012-05-11 20:34:25.340000+00:00,30.669,138.61,389.1,5.1,mb,reviewed,"Izu Islands, Japan region"
2012-05-12 22:08:39.040000+00:00,38.593,143.157,35.0,4.5,mb,reviewed,"135 km SE of Kamaishi, Japan"
2012-05-14 03:36:48.260000+00:00,31.77,131.52,40.1,4.9,mb,reviewed,"18 km SSE of Miyazaki, Japan"
2012-05-15 16:00:48.240000+00:00,38.257,141.763,86.6,4.7,mb,reviewed,"44 km ESE of Ishinomaki, Japan"
2012-05-18 21:23:28.130000+00:00,39.646,143.178,35.8,5.0,mb,reviewed,"106 km E of Miyako, Japan"
2012-05-20 07:20:36.870000+00:00,39.646,143.164,11.0,6.3,mww,reviewed,"105 km E of Miyako, Japan"
2012-05-21 10:17:11.140000+00:00,39.364,143.47,28.6,5.2,mb,reviewed,"131 km E of Yamada, Japan"
2012-05-22 07:18:29.680000+00:00,39.663,143.22,10.0,4.9,mb,reviewed,"109 km E of Miyako, Japan"
2012-05-23 15:02:25.310000+00:00,41.335,142.082,46.0,5.9,mww,reviewed,"72 km E of Mutsu, Japan"
2012-05-25 03:59:27.450000+00:00,37.637,141.586,39.1,4.6,mb,reviewed,"54 km ENE of Namie, Japan"
2012-05-25 18:36:10.840000+00:00,38.958,144.428,4.2,4.6,mb,reviewed,"221 km ESE of Yamada, Japan"
2012-05-27 07:49:54.050000+00:00,40.847,145.176,10.0,4.8,mb,reviewed,"245 km SSE of Kushiro, Japan"
2012-05-29 01:56:04.440000+00:00,39.099,144.645,33.6,5.2,mb,reviewed,"236 km E of Yamada, Japan"
2012-05-29 15:17:39.640000+00:00,39.021,144.686,18.7,4.7,mb,reviewed,"241 km ESE of Yamada, Japan"
2012-05-31 05:49:32.350000+00:00,37.543,141.26,52.0,4.6,mb,reviewed,"23 km ENE of Namie, Japan"
2012-06-01 08:48:10.440000+00:00,35.98,139.642,63.1,5.1,mb,reviewed,"1 km NNW of Hasuda, Japan"
2012-06-02 09:48:03.210000+00:00,36.902,141.391,10.0,4.6,mb,reviewed,"48 km ESE of Iwaki, Japan"
2012-06-04 06:51:01.060000+00:00,32.071,130.894,15.6,4.7,mb,reviewed,"12 km NW of Kobayashi, Japan"
2012-06-05 19:31:33.750000+00:00,34.943,141.132,15.0,6.1,mww,reviewed,"75 km ESE of ?hara, Japan"
2012-06-07 18:39:45.650000+00:00,39.875,143.295,34.7,5.0,mb,reviewed,"118 km ENE of Miyako, Japan"
2012-06-08 05:22:40.200000+00:00,37.558,141.852,48.8,4.9,mb,reviewed,"75 km E of Namie, Japan"
2012-06-09 19:18:41.260000+00:00,33.126,141.234,40.5,4.9,mb,reviewed,"239 km SSE of Katsuura, Japan"
2012-06-12 08:13:44.270000+00:00,34.842,141.423,35.0,4.6,mb,reviewed,"104 km ESE of ?hara, Japan"
2012-06-12 11:12:47.020000+00:00,37.269,142.236,22.1,4.6,mb,reviewed,"112 km ESE of Namie, Japan"
2012-06-15 07:31:51.690000+00:00,38.224,141.735,61.4,4.7,mb,reviewed,"43 km ESE of Ishinomaki, Japan"
2012-06-17 20:32:20.590000+00:00,38.919,141.831,36.0,6.3,mww,reviewed,"19 km SSE of ?funato, Japan"
2012-06-18 17:07:29.950000+00:00,39.045,144.727,35.0,4.8,mb,reviewed,"244 km ESE of Yamada, Japan"
2012-06-19 18:35:35.600000+00:00,32.124,132.107,41.7,4.8,mb,reviewed,"57 km E of Takanabe, Japan"
2012-06-21 20:32:46.580000+00:00,39.38,143.364,10.0,5.2,mwb,reviewed,"122 km E of Yamada, Japan"
2012-06-22 07:58:43.420000+00:00,39.369,143.492,26.1,5.0,mb,reviewed,"133 km E of Yamada, Japan"
2012-06-24 01:29:14.700000+00:00,38.856,141.954,41.0,4.8,mb,reviewed,"31 km SE of ?funato, Japan"
2012-06-25 08:22:58.720000+00:00,30.072,131.084,33.8,4.7,mb,reviewed,"54 km SE of Koseda, Japan"
2012-06-27 07:50:30.270000+00:00,31.671,140.268,10.0,4.8,mb,reviewed,"Izu Islands, Japan region"
2012-06-28 05:51:53.560000+00:00,37.165,140.934,77.9,5.2,mb,reviewed,"13 km NNE of Iwaki, Japan"
2012-06-30 07:11:48.910000+00:00,38.243,141.747,80.1,4.6,mb,reviewed,"43 km ESE of Ishinomaki, Japan"
2012-07-03 00:46:17.760000+00:00,37.28,141.983,43.5,4.6,mb,reviewed,"89 km ESE of Namie, Japan"
2012-07-03 02:31:03.070000+00:00,34.934,139.744,86.4,5.3,mb,reviewed,"12 km WSW of Tateyama, Japan"
2012-07-05 09:46:21.390000+00:00,32.284,141.64,28.9,5.0,mb,reviewed,"Izu Islands, Japan region"
2012-07-05 17:04:35.540000+00:00,37.085,140.601,22.7,4.7,mb,reviewed,"15 km ESE of Ishikawa, Japan"
2012-07-07 17:18:34.210000+00:00,35.63,140.505,52.3,4.5,mb,reviewed,"8 km ENE of Narut?, Japan"
2012-07-10 03:48:58.050000+00:00,36.777,138.094,15.7,4.8,mb,reviewed,"16 km NNW of Nagano, Japan"
2012-07-11 10:54:32.660000+00:00,35.786,141.004,11.5,4.6,mb,reviewed,"16 km ENE of Hasaki, Japan"
2012-07-12 11:17:16.810000+00:00,41.541,143.093,55.8,4.6,mb,reviewed,"106 km SE of Shizunai-furukawach?, Japan"
2012-07-15 19:31:32.950000+00:00,36.076,139.579,77.8,4.6,mb,reviewed,"2 km WNW of Sh?bu, Japan"
2012-07-19 10:39:18.320000+00:00,36.979,141.264,27.0,4.7,mb,reviewed,"34 km ESE of Iwaki, Japan"
2012-07-21 03:01:20.870000+00:00,37.792,141.825,48.5,4.9,mb,reviewed,"80 km ENE of Namie, Japan"
2012-07-22 04:41:57.290000+00:00,42.552,142.848,56.6,5.1,mb,reviewed,"46 km ENE of Shizunai-furukawach?, Japan"
2012-07-24 17:28:04.500000+00:00,36.67,142.197,6.2,4.7,mb,reviewed,"124 km ESE of Iwaki, Japan"
2012-07-25 17:20:11.140000+00:00,30.981,130.348,137.2,5.0,mb,reviewed,"31 km S of Makurazaki, Japan"
2012-07-27 14:40:04.090000+00:00,35.929,140.159,73.4,4.5,mb,reviewed,"3 km NW of Ry?gasaki, Japan"
2012-07-29 11:21:45.360000+00:00,37.915,144.197,23.0,4.7,mb,reviewed,"251 km ESE of ?funato, Japan"
2012-07-29 22:05:09.170000+00:00,39.075,142.323,49.2,5.3,mwb,reviewed,"45 km ESE of Kamaishi, Japan"
2012-08-01 14:37:43.750000+00:00,38.861,142.132,73.8,4.7,mb,reviewed,"42 km ESE of ?funato, Japan"
2012-08-03 10:21:20.720000+00:00,39.35,141.88,65.9,4.8,mb,reviewed,"2 km SW of ?tsuchi, Japan"
2012-08-04 20:44:44.810000+00:00,36.06,140.077,51.9,4.6,mb,reviewed,"8 km W of Naka, Japan"
2012-08-06 02:34:10.430000+00:00,35.425,140.941,53.7,4.6,mb,reviewed,"35 km SSE of Hasaki, Japan"
2012-08-07 16:11:20.860000+00:00,39.103,142.316,51.0,4.7,mb,reviewed,"43 km ESE of Kamaishi, Japan"
2012-08-09 20:38:29.270000+00:00,36.738,141.087,66.3,4.8,mb,reviewed,"30 km E of Kitaibaraki, Japan"
2012-08-11 10:30:08.720000+00:00,37.269,141.069,59.2,4.5,mb,reviewed,"24 km SSE of Namie, Japan"
2012-08-13 08:09:23.200000+00:00,36.397,141.993,35.0,4.7,mb,reviewed,"119 km ESE of Kitaibaraki, Japan"
2012-08-14 14:18:29.860000+00:00,37.202,141.815,51.8,4.7,mb,reviewed,"78 km ESE of Namie, Japan"
2012-08-16 23:46:48.540000+00:00,32.024,130.009,23.4,4.9,mb,reviewed,"18 km W of Akune, Japan"
2012-08-20 16:42:55.010000+00:00,36.927,141.323,55.9,5.1,mb,reviewed,"41 km ESE of Iwaki, Japan"
2012-08-22 01:33:05.970000+00:00,42.404,142.86,61.8,5.0,mb,reviewed,"41 km E of Shizunai-furukawach?, Japan"
2012-08-23 17:10:03.410000+00:00,37.686,141.774,58.3,4.9,mb,reviewed,"71 km ENE of Namie, Japan"
2012-08-25 14:16:17.080000+00:00,42.419,142.913,54.5,5.9,mwb,reviewed,"45 km ENE of Shizunai-furukawach?, Japan"
2012-08-28 13:55:07.790000+00:00,36.303,141.755,45.9,4.8,mb,reviewed,"103 km ESE of Takahagi, Japan"
2012-08-29 19:05:11.120000+00:00,38.425,141.814,47.4,5.5,mwb,reviewed,"44 km E of Ishinomaki, Japan"
2012-08-31 15:31:24.710000+00:00,37.158,141.418,35.0,4.5,mb,reviewed,"49 km ENE of Iwaki, Japan"
2012-09-01 17:45:45.490000+00:00,37.822,139.931,35.6,4.6,mb,reviewed,"19 km WSW of Yonezawa, Japan"
2012-09-04 14:56:16.300000+00:00,38.326,141.844,50.9,4.6,mb,reviewed,"48 km ESE of Ishinomaki, Japan"
2012-09-08 01:41:25.180000+00:00,33.773,132.206,52.8,4.6,mb,reviewed,"23 km SSE of Yanai, Japan"
2012-09-09 22:30:04.980000+00:00,39.889,143.596,31.7,4.6,mb,reviewed,"144 km E of Miyako, Japan"
2012-09-10 23:17:34.950000+00:00,36.76,141.157,28.2,4.6,mb,reviewed,"36 km E of Kitaibaraki, Japan"
2012-09-12 03:20:09.140000+00:00,41.688,143.944,50.5,4.8,mb,reviewed,"147 km SSW of Kushiro, Japan"
2012-09-13 17:22:08.440000+00:00,35.752,140.388,35.0,5.2,mb,reviewed,"7 km ESE of Narita, Japan"
2012-09-16 07:58:15.280000+00:00,39.24,144.783,10.0,4.5,mb,reviewed,"245 km E of Yamada, Japan"
2012-09-17 19:09:33.680000+00:00,39.832,142.052,62.4,5.0,mb,reviewed,"22 km NNE of Miyako, Japan"
2012-09-20 18:32:11.540000+00:00,39.607,143.344,37.7,5.1,mb,reviewed,"120 km E of Miyako, Japan"
2012-09-21 19:36:51.490000+00:00,36.854,142.34,26.7,4.6,mb,reviewed,"131 km E of Iwaki, Japan"
2012-09-23 22:39:06.620000+00:00,41.471,142.035,76.6,4.6,mb,reviewed,"71 km ENE of Mutsu, Japan"
2012-09-25 14:21:39.280000+00:00,36.114,142.319,21.0,5.0,mb,reviewed,"140 km ENE of Hasaki, Japan"
2012-09-28 11:36:57.320000+00:00,36.782,143.733,12.7,4.9,mb,reviewed,"255 km ESE of Namie, Japan"
2012-09-29 17:37:40.720000+00:00,35.043,140.116,59.9,4.8,mb,reviewed,"6 km SSE of Kamogawa, Japan"
2012-10-01 22:21:46.020000+00:00,39.808,143.099,15.0,6.1,mww,reviewed,"100 km E of Miyako, Japan"
2012-10-01 22:55:47.250000+00:00,39.74,143.189,10.0,5.2,mb,reviewed,"107 km E of Miyako, Japan"
2012-10-03 09:40:00.880000+00:00,38.052,141.831,56.4,4.9,mb,reviewed,"61 km SE of Ishinomaki, Japan"
2012-10-05 16:19:07.450000+00:00,39.976,140.432,38.1,4.9,mb,reviewed,"27 km SSE of Takanosu, Japan"
2012-10-08 10:58:03.880000+00:00,30.583,141.767,11.4,4.6,mb,reviewed,"Izu Islands, Japan region"
2012-10-09 20:49:35.430000+00:00,32.657,132.349,37.6,4.7,mb,reviewed,"47 km SW of Sukumo, Japan"
2012-10-12 04:57:19.830000+00:00,35.764,140.346,25.1,5.2,mb,reviewed,"3 km SE of Narita, Japan"
2012-10-14 11:11:36.430000+00:00,38.215,144.333,34.0,5.4,mwc,reviewed,"244 km ESE of Kamaishi, Japan"
2012-10-16 02:03:28.760000+00:00,31.277,140.222,101.4,5.4,mb,reviewed,"Izu Islands, Japan region"
2012-10-17 15:01:42.030000+00:00,36.947,138.668,22.9,4.5,mb,reviewed,"18 km WSW of Shiozawa, Japan"
2012-10-19 17:19:18.330000+00:00,32.683,141.757,23.0,4.9,mb,reviewed,"Izu Islands, Japan region"
2012-10-20 02:49:15.290000+00:00,30.11,130.991,24.7,4.5,mb,reviewed,"45 km SE of Koseda, Japan"
2012-10-22 01:43:21.200000+00:00,39.129,142.224,70.6,4.8,mb,reviewed,"near the east coast of Honshu, Japan"
2012-10-23 21:55:18.560000+00:00,38.75,142.293,57.5,4.7,mb,reviewed,"61 km SE of ?funato, Japan"
2012-10-25 10:32:28.190000+00:00,38.306,141.699,55.7,5.6,mww,reviewed,"36 km ESE of Ishinomaki, Japan"
2012-10-26 19:33:12.940000+00:00,37.608,141.557,80.1,4.7,mb,reviewed,"near the east coast of Honshu, Japan"
2012-10-28 05:00:42.190000+00:00,36.186,142.717,17.4,4.6,mb,reviewed,"177 km ENE of Hasaki, Japan"
2012-10-30 10:10:46.310000+00:00,36.122,141.109,35.0,4.5,mb,reviewed,"45 km ENE of Kashima-shi, Japan"
2012-11-02 22:34:21.480000+00:00,37.684,141.542,46.1,4.8,mb,reviewed,"52 km ENE of Namie, Japan"
2012-11-05 04:30:26.720000+00:00,37.791,143.61,19.1,5.6,mww,reviewed,"214 km ESE of Ishinomaki, Japan"
2012-11-06 15:01:44.750000+00:00,35.713,140.954,20.2,4.7,mb,reviewed,"11 km ESE of Hasaki, Japan"
2012-11-07 15:17:13.380000+00:00,36.686,142.041,42.2,4.5,mb,reviewed,"110 km ESE of Iwaki, Japan"
2012-11-09 03:51:57.870000+00:00,36.838,141.246,37.1,5.2,mb,reviewed,"39 km SE of Iwaki, Japan"
2012-11-11 05:15:53.540000+00:00,37.645,141.549,76.0,4.7,mb,reviewed,"51 km ENE of Namie, Japan"
2012-11-12 20:00:06.310000+00:00,36.1,142.442,29.6,4.9,mb,reviewed,"150 km ENE of Hasaki, Japan"
2012-11-14 01:33:37.730000+00:00,35.418,141.14,35.0,4.7,mb,reviewed,"44 km SE of Hasaki, Japan"
2012-11-15 03:33:30.140000+00:00,33.345,140.85,63.0,4.5,mb,reviewed,"203 km SSE of Tateyama, Japan"
2012-11-16 08:25:57.760000+00:00,35.217,140.988,41.6,5.3,mb,reviewed,"54 km E of ?hara, Japan"
2012-11-20 10:15:05.700000+00:00,33.262,141.71,17.1,4.7,mb,reviewed,"245 km SSE of Katsuura, Japan"
2012-11-21 17:42:36.660000+00:00,38.479,141.648,34.9,5.0,mb,reviewed,"31 km ENE of Ishinomaki, Japan"
2012-11-23 20:21:30.450000+00:00,38.212,141.694,68.8,5.3,mb,reviewed,"41 km ESE of Ishinomaki, Japan"
2012-11-24 01:30:00.630000+00:00,38.23,141.702,59.8,5.1,mb,reviewed,"40 km ESE of Ishinomaki, Japan"
2012-11-26 20:08:00.830000+00:00,33.19,141.711,30.3,4.8,mb,reviewed,"252 km SSE of Katsuura, Japan"
2012-11-29 11:12:49.310000+00:00,37.613,144.046,10.0,4.6,mb,reviewed,"257 km ESE of Ishinomaki, Japan"
2012-11-30 11:42:59.320000+00:00,39.212,143.567,35.0,4.7,mb,reviewed,"142 km ESE of Yamada, Japan"
2012-12-02 11:32:42.160000+00:00,31.882,141.698,10.0,4.6,mb,reviewed,"Izu Islands, Japan region"
2012-12-03 17:48:29.130000+00:00,43.039,145.834,66.4,4.7,mb,reviewed,"37 km SSE of Nemuro, Japan"
2012-12-07 08:18:23.130000+00:00,37.89,143.949,31.0,7.3,mww,reviewed,"234 km SE of ?funato, Japan"
2012-12-07 23:00:00.500000+00:00,37.739,143.762,24.4,5.2,mwc,reviewed,"228 km ESE of Ishinomaki, Japan"
2012-12-09 02:34:17.090000+00:00,37.744,143.617,19.1,5.1,mwb,reviewed,"216 km ESE of Ishinomaki, Japan"
2012-12-09 23:50:33.020000+00:00,37.519,143.811,22.3,5.0,mb,reviewed,"242 km ESE of Ishinomaki, Japan"
2012-12-11 18:21:38.450000+00:00,37.633,143.833,35.0,5.1,mb,reviewed,"238 km ESE of Ishinomaki, Japan"
2012-12-12 06:41:03.770000+00:00,33.867,141.585,41.7,4.5,mb,reviewed,"183 km SE of Katsuura, Japan"
2012-12-14 01:22:05.050000+00:00,37.473,143.569,37.8,4.9,mb,reviewed,"225 km ESE of Ishinomaki, Japan"
2012-12-15 04:27:02.330000+00:00,37.311,141.205,62.6,5.2,mb,reviewed,"26 km SE of Namie, Japan"
2012-12-15 21:23:45.120000+00:00,37.615,143.729,35.0,4.8,mb,reviewed,"231 km ESE of Ishinomaki, Japan"
2012-12-17 22:52:19.630000+00:00,37.728,143.568,20.7,5.0,mb,reviewed,"off the east coast of Honshu, Japan"
2012-12-18 18:36:24.300000+00:00,36.664,141.917,32.1,5.1,mb,reviewed,"101 km ESE of Iwaki, Japan"
2012-12-19 20:31:28.070000+00:00,37.64,143.752,35.0,4.9,mb,reviewed,"231 km ESE of Ishinomaki, Japan"
2012-12-21 08:07:20.270000+00:00,38.633,141.71,50.5,5.0,mb,reviewed,"43 km NE of Ishinomaki, Japan"
2012-12-23 22:57:08.950000+00:00,37.943,144.505,35.0,4.6,mb,reviewed,"273 km ESE of Kamaishi, Japan"
2012-12-25 17:08:14.780000+00:00,31.978,137.845,364.9,4.9,mb,reviewed,"261 km SE of Shing?, Japan"
2012-12-29 14:59:38.910000+00:00,38.738,142.024,55.6,5.4,mwb,reviewed,"near the east coast of Honshu, Japan"
2012-12-29 23:05:24.200000+00:00,37.018,141.168,39.8,5.2,mb,reviewed,"25 km E of Iwaki, Japan"
2012-12-31 09:36:01.860000+00:00,37.483,143.718,37.2,4.8,mb,reviewed,"236 km ESE of Ishinomaki, Japan"
2013-01-02 23:17:58.360000+00:00,37.536,143.667,35.0,4.7,mb,reviewed,"229 km ESE of Ishinomaki, Japan"
2013-01-04 04:42:47.840000+00:00,35.661,140.618,39.9,4.6,mb,reviewed,"6 km SSW of Asahi, Japan"
2013-01-06 08:11:27.240000+00:00,37.484,142.061,41.9,4.7,mb,reviewed,"93 km E of Namie, Japan"
2013-01-08 07:51:30.300000+00:00,40.133,142.309,35.0,5.4,mwb,reviewed,"62 km NNE of Miyako, Japan"
2013-01-10 12:48:21.460000+00:00,37.491,141.308,57.2,5.0,mb,reviewed,"27 km E of Namie, Japan"
2013-01-11 12:38:32.830000+00:00,37.753,143.699,35.0,4.7,mb,reviewed,"222 km ESE of Ishinomaki, Japan"
2013-01-13 03:17:43.790000+00:00,39.182,142.156,60.0,5.0,mb,reviewed,"27 km ESE of Kamaishi, Japan"
2013-01-14 06:53:48.700000+00:00,37.133,141.574,35.0,4.8,mb,reviewed,"62 km E of Iwaki, Japan"
2013-01-15 17:44:25.790000+00:00,37.829,143.873,14.4,4.7,mb,reviewed,"233 km SE of ?funato, Japan"
2013-01-17 05:13:25.620000+00:00,42.137,142.608,57.0,4.8,mb,reviewed,"29 km SE of Shizunai-furukawach?, Japan"
2013-01-18 03:02:03.110000+00:00,40.253,143.718,34.6,4.5,mb,reviewed,"166 km ENE of Miyako, Japan"
2013-01-22 13:29:22.940000+00:00,44.482,140.959,234.7,5.4,mwb,reviewed,"77 km SSW of Rishiri Town, Japan"
2013-01-23 21:34:33.600000+00:00,43.087,145.678,73.5,5.3,mb,reviewed,"27 km SSE of Nemuro, Japan"
2013-01-26 18:38:39.600000+00:00,31.746,140.422,15.0,4.9,mb,reviewed,"Izu Islands, Japan region"
2013-01-27 18:41:50.860000+00:00,36.562,140.446,89.2,5.0,mb,reviewed,"2 km ENE of ?miya, Japan"
2013-01-29 13:17:22.790000+00:00,42.543,144.082,61.9,4.8,mb,reviewed,"53 km SSW of Kushiro, Japan"
2013-01-30 04:07:26.090000+00:00,38.178,141.683,67.9,4.9,mb,reviewed,"42 km SE of Ishinomaki, Japan"
2013-01-31 16:04:47.680000+00:00,35.962,139.731,52.1,4.8,mb,reviewed,"2 km SW of Kasukabe, Japan"
2013-02-02 14:17:35.130000+00:00,42.77,143.092,107.0,6.9,mww,reviewed,"18 km SSW of Obihiro, Japan"
2013-02-04 02:40:31.480000+00:00,36.056,142.091,18.0,4.5,mb,reviewed,"119 km ENE of Hasaki, Japan"
2013-02-06 09:31:48.840000+00:00,35.7,140.064,51.2,4.8,mb,reviewed,"7 km E of Honch?, Japan"
2013-02-08 00:54:17.380000+00:00,39.183,142.88,47.5,4.6,mb,reviewed,"86 km ESE of Yamada, Japan"
2013-02-09 04:43:07.960000+00:00,36.879,141.091,35.6,5.0,mb,reviewed,"26 km SE of Iwaki, Japan"
2013-02-11 03:45:43.800000+00:00,38.595,142.168,57.6,4.6,mb,reviewed,"65 km SE of ?funato, Japan"
2013-02-13 03:57:42.500000+00:00,30.252,131.412,10.0,5.2,mwb,reviewed,"66 km SE of Nishinoomote, Japan"
2013-02-13 19:52:40.880000+00:00,37.637,143.763,20.3,4.7,mb,reviewed,"232 km ESE of Ishinomaki, Japan"
2013-02-16 01:32:49.680000+00:00,37.349,141.508,49.2,4.7,mb,reviewed,"47 km ESE of Namie, Japan"
2013-02-18 10:59:39.560000+00:00,32.099,138.719,35.0,4.6,mb,reviewed,"281 km S of ?yama, Japan"
2013-02-19 12:27:36.140000+00:00,35.251,140.955,20.0,5.4,mww,reviewed,"51 km E of ?hara, Japan"
2013-02-21 15:34:10.700000+00:00,38.28,141.862,70.1,4.8,mb,reviewed,"near the east coast of Honshu, Japan"
2013-02-21 19:59:46.290000+00:00,30.183,130.994,35.4,4.8,mb,reviewed,"40 km SE of Koseda, Japan"
2013-02-23 14:40:13.440000+00:00,35.224,141.095,16.0,4.8,mb,reviewed,"61 km SSE of Hasaki, Japan"
2013-02-24 04:55:18.980000+00:00,37.014,140.65,47.3,4.6,mb,reviewed,"21 km W of Iwaki, Japan"
2013-02-25 07:23:55.960000+00:00,36.844,139.245,10.0,5.8,mww,reviewed,"29 km NE of Numata, Japan"
2013-02-26 12:46:14.630000+00:00,38.705,142.073,50.9,4.7,mb,reviewed,"51 km SE of ?funato, Japan"
2013-03-01 16:35:27.500000+00:00,34.283,140.008,50.0,4.7,mb,reviewed,"78 km S of Tateyama, Japan"
2013-03-02 20:58:13.380000+00:00,37.851,141.97,67.0,4.6,mb,reviewed,"85 km SE of Ishinomaki, Japan"
2013-03-09 12:16:33.590000+00:00,43.173,144.72,102.8,4.9,mb,reviewed,"35 km NE of Kushiro, Japan"
2013-03-11 09:34:52.170000+00:00,31.603,131.534,36.9,5.2,mb,reviewed,"15 km E of Nichinan, Japan"
2013-03-12 21:32:28.270000+00:00,39.302,141.844,72.7,5.0,mb,reviewed,"3 km NW of Kamaishi, Japan"
2013-03-15 16:48:51.280000+00:00,30.902,138.45,385.4,4.8,mb,reviewed,"Izu Islands, Japan region"
2013-03-16 17:24:55.350000+00:00,36.123,141.594,41.8,4.9,mb,reviewed,"81 km ENE of Hasaki, Japan"
2013-03-17 21:53:39.150000+00:00,36.435,140.592,58.6,4.6,mb,reviewed,"4 km SSE of Funaishikawa, Japan"
2013-03-21 05:34:33.950000+00:00,36.724,140.357,71.9,4.7,mb,reviewed,"4 km S of Daigo, Japan"
2013-03-27 01:25:46.120000+00:00,45.427,142.605,283.6,4.9,mb,reviewed,"61 km E of Makubetsu, Japan"
2013-03-28 13:49:08.620000+00:00,35.433,141.12,10.0,4.5,mb,reviewed,"42 km SE of Hasaki, Japan"
2013-03-31 07:46:17.640000+00:00,38.868,141.936,35.0,5.3,mb,reviewed,"29 km SE of ?funato, Japan"
2013-04-01 18:53:17.420000+00:00,39.526,143.167,14.0,6.0,mww,reviewed,"104 km E of Yamada, Japan"
2013-04-02 14:52:47.970000+00:00,39.436,143.385,35.6,4.7,mb,reviewed,"123 km E of Yamada, Japan"
2013-04-03 18:41:26.550000+00:00,36.695,144.069,10.4,5.1,mb,reviewed,"286 km ESE of Namie, Japan"
2013-04-04 18:47:49.850000+00:00,33.064,142.581,13.4,4.9,mb,reviewed,"off the east coast of Honshu, Japan"
2013-04-05 20:00:52.770000+00:00,36.762,141.342,48.5,5.4,mb,reviewed,"51 km SE of Iwaki, Japan"
2013-04-07 14:09:18.930000+00:00,35.501,140.8,57.8,4.8,mb,reviewed,"25 km S of Hasaki, Japan"
2013-04-09 13:06:56.480000+00:00,36.858,141.318,31.2,4.6,mb,reviewed,"44 km ESE of Iwaki, Japan"
2013-04-11 03:05:56.080000+00:00,41.535,142.018,60.4,4.6,mb,reviewed,"72 km ENE of Mutsu, Japan"
2013-04-12 20:33:17.540000+00:00,34.369,134.828,14.0,5.8,mww,reviewed,"6 km WNW of Sumoto, Japan"
2013-04-14 13:25:02.290000+00:00,37.572,141.307,57.3,5.3,mwb,reviewed,"28 km ENE of Namie, Japan"
2013-04-15 07:15:49.920000+00:00,31.652,140.438,74.3,4.5,mb,reviewed,"Izu Islands, Japan region"
2013-04-17 12:03:31.760000+00:00,38.475,141.63,50.5,5.9,mww,reviewed,"29 km ENE of Ishinomaki, Japan"
2013-04-18 23:08:07.100000+00:00,39.922,142.844,44.3,4.6,mb,reviewed,"83 km ENE of Miyako, Japan"
2013-04-19 19:59:29.550000+00:00,39.693,143.258,35.0,5.0,mb,reviewed,"113 km E of Miyako, Japan"
2013-04-21 10:27:36.580000+00:00,37.453,139.953,43.3,4.5,mb,reviewed,"19 km SW of Inawashiro, Japan"
2013-04-24 06:21:19.170000+00:00,32.396,139.093,221.7,5.2,mb,reviewed,"253 km S of Shimoda, Japan"
2013-04-25 07:16:21.800000+00:00,37.063,140.361,27.7,4.5,mb,reviewed,"12 km SW of Ishikawa, Japan"
2013-04-27 23:54:24.430000+00:00,36.765,142.055,40.9,4.7,mb,reviewed,"109 km ESE of Iwaki, Japan"
2013-04-29 13:01:44.710000+00:00,35.702,140.979,35.0,5.6,mww,reviewed,"13 km ESE of Hasaki, Japan"
2013-05-02 13:04:36.440000+00:00,36.484,139.201,21.9,4.5,mb,reviewed,"8 km NW of ?mamach?-?mama, Japan"
2013-05-04 08:58:12.220000+00:00,37.466,143.435,34.9,4.5,mb,reviewed,"215 km ESE of Ishinomaki, Japan"
2013-05-06 13:14:33.860000+00:00,37.412,143.673,11.3,5.0,mb,reviewed,"236 km ESE of Ishinomaki, Japan"
2013-05-10 02:44:57.100000+00:00,37.721,143.456,23.8,4.5,mb,reviewed,"204 km ESE of Ishinomaki, Japan"
2013-05-13 13:59:29.180000+00:00,36.794,140.514,27.3,4.6,mb,reviewed,"14 km ENE of Daigo, Japan"
2013-05-15 23:46:32.650000+00:00,40.408,141.828,44.6,4.9,mb,reviewed,"29 km ESE of Hachinohe, Japan"
2013-05-16 19:20:26.140000+00:00,42.719,143.425,75.9,4.6,mb,reviewed,"28 km SE of Obihiro, Japan"
2013-05-18 05:47:59.500000+00:00,37.739,141.471,39.0,6.0,mww,reviewed,"50 km NE of Namie, Japan"
2013-05-19 06:24:06.550000+00:00,36.353,143.352,12.4,4.9,mb,reviewed,"233 km ESE of Iwaki, Japan"
2013-05-21 01:04:18.040000+00:00,39.122,144.411,39.4,4.8,mb,reviewed,"off the east coast of Honshu, Japan"
2013-05-21 14:51:48.110000+00:00,45.135,142.837,272.5,5.1,mb,reviewed,"83 km ESE of Makubetsu, Japan"
2013-05-24 08:33:17.790000+00:00,37.705,141.516,48.0,4.9,mb,reviewed,"51 km ENE of Namie, Japan"
2013-05-27 09:16:36.680000+00:00,39.153,141.77,98.5,4.5,mb,reviewed,"10 km NNE of ?funato, Japan"
2013-05-28 19:24:24.630000+00:00,34.173,140.745,30.0,5.0,mb,reviewed,"114 km SSE of Katsuura, Japan"
2013-05-31 01:46:03.280000+00:00,39.805,143.573,33.0,4.9,mb,reviewed,"141 km E of Miyako, Japan"
2013-06-01 18:05:17.550000+00:00,37.285,143.352,3.7,4.7,mb,reviewed,"209 km E of Namie, Japan"
2013-06-03 06:32:55.810000+00:00,37.473,143.798,31.2,4.6,mb,reviewed,"243 km ESE of Ishinomaki, Japan"
2013-06-04 08:33:22.210000+00:00,37.214,141.411,47.7,4.9,mb,reviewed,"47 km SE of Namie, Japan"
2013-06-06 03:28:58.130000+00:00,35.548,140.459,53.6,5.0,mb,reviewed,"6 km SSE of Narut?, Japan"
2013-06-11 19:27:58.590000+00:00,41.282,142.592,46.8,4.5,mb,reviewed,"115 km E of Mutsu, Japan"
2013-06-16 15:52:04.860000+00:00,38.471,143.365,46.3,4.5,mb,reviewed,"157 km SE of Kamaishi, Japan"
2013-06-20 01:49:44.720000+00:00,40.83,142.345,52.6,5.0,mb,reviewed,"80 km ENE of Hachinohe, Japan"
2013-06-22 06:03:01.210000+00:00,37.948,143.931,33.7,4.5,mb,reviewed,"229 km ESE of ?funato, Japan"
2013-06-23 10:20:24.140000+00:00,39.376,143.32,27.9,4.5,mb,reviewed,"118 km E of Yamada, Japan"
2013-06-24 23:12:24.930000+00:00,41.484,142.053,55.3,4.7,mb,reviewed,"73 km ENE of Mutsu, Japan"
2013-06-26 17:12:09.600000+00:00,39.741,143.557,17.9,4.9,mb,reviewed,"139 km E of Miyako, Japan"
2013-06-27 22:27:02.040000+00:00,31.331,141.585,21.8,4.6,mb,reviewed,"Izu Islands, Japan region"
2013-06-30 05:01:59.490000+00:00,37.143,141.372,16.6,4.8,mb,reviewed,"44 km ENE of Iwaki, Japan"
2013-07-01 08:40:39.840000+00:00,39.703,143.276,27.2,4.7,mb,reviewed,"114 km E of Miyako, Japan"
2013-07-03 15:06:10.650000+00:00,37.323,141.453,11.8,5.0,mb,reviewed,"43 km ESE of Namie, Japan"
2013-07-05 22:00:48.240000+00:00,35.768,140.851,41.1,4.6,mb,reviewed,"4 km NNE of Hasaki, Japan"
2013-07-07 03:38:41.400000+00:00,31.287,141.882,29.6,4.6,mb,reviewed,"Izu Islands, Japan region"
2013-07-10 05:22:14.780000+00:00,39.638,141.705,81.9,5.3,mb,reviewed,"20 km W of Miyako, Japan"
2013-07-12 18:31:23.940000+00:00,38.397,142.126,23.6,4.8,mb,reviewed,"72 km E of Ishinomaki, Japan"
2013-07-14 00:09:27.630000+00:00,42.562,144.897,25.5,4.5,mb,reviewed,"62 km SE of Kushiro, Japan"
2013-07-15 22:45:57.930000+00:00,39.621,142.264,63.3,5.2,mb,reviewed,"27 km E of Miyako, Japan"
2013-07-17 13:56:24.440000+00:00,35.674,140.27,63.1,4.5,mb,reviewed,"4 km S of Shisui, Japan"
2013-07-19 16:39:18.640000+00:00,37.5,141.625,40.0,5.5,mwb,reviewed,"55 km E of Namie, Japan"
2013-07-20 06:06:22.130000+00:00,36.251,141.698,14.0,5.2,mwb,reviewed,"96 km NE of Hasaki, Japan"
2013-07-21 23:02:28.040000+00:00,42.48,146.696,43.4,4.8,mb,reviewed,"131 km SE of Nemuro, Japan"
2013-07-23 03:02:13.780000+00:00,37.136,140.65,15.5,5.3,mb,reviewed,"17 km E of Ishikawa, Japan"
2013-07-25 19:05:07.130000+00:00,40.199,142.472,44.9,5.0,mb,reviewed,"76 km NE of Miyako, Japan"
2013-07-27 01:08:59.260000+00:00,33.019,141.716,9.9,5.3,mwc,reviewed,"269 km SSE of Katsuura, Japan"
2013-07-28 11:36:00.590000+00:00,31.049,137.941,454.9,4.8,mb,reviewed,"Izu Islands, Japan region"
2013-07-31 00:14:16.980000+00:00,38.121,141.999,29.7,4.9,mb,reviewed,"69 km ESE of Ishinomaki, Japan"
2013-08-01 11:13:27.290000+00:00,35.2208,141.2459,34.44,4.5,mb,reviewed,"68 km SSE of Hasaki, Japan"
2013-08-03 00:56:15.280000+00:00,34.5452,137.549,33.12,5.1,mb,reviewed,"24 km SW of Hamamatsu, Japan"
2013-08-04 03:28:50.810000+00:00,38.2133,141.8621,56.0,5.8,mww,reviewed,"54 km ESE of Ishinomaki, Japan"
2013-08-07 07:51:31.930000+00:00,41.207,142.4091,68.85,4.7,mb,reviewed,"100 km E of Mutsu, Japan"
2013-08-09 02:59:37.380000+00:00,39.7779,143.6251,32.87,5.0,mb,reviewed,"145 km E of Miyako, Japan"
2013-08-12 00:51:10.800000+00:00,41.9723,142.3107,59.03,4.9,mb,reviewed,"40 km S of Shizunai-furukawach?, Japan"
2013-08-13 00:09:44.980000+00:00,43.7191,143.4694,177.92,5.1,mb,reviewed,"35 km WSW of Kitami, Japan"
2013-08-14 22:53:52.570000+00:00,36.7566,141.1842,10.15,4.5,mb,reviewed,"38 km E of Kitaibaraki, Japan"
2013-08-17 10:20:54.320000+00:00,36.5742,141.8505,34.82,4.7,mb,reviewed,"101 km ESE of Iwaki, Japan"
2013-08-17 23:01:03.360000+00:00,33.2719,139.5165,34.63,4.7,mb,reviewed,"164 km SSE of Shimoda, Japan"
2013-08-20 17:41:19.750000+00:00,36.8549,142.6899,16.15,4.9,mb,reviewed,"162 km E of Iwaki, Japan"
2013-08-22 06:53:05.470000+00:00,42.3371,142.9435,63.87,4.8,mb,reviewed,"47 km E of Shizunai-furukawach?, Japan"
2013-08-22 19:29:59.130000+00:00,37.0986,142.3773,40.44,4.6,mb,reviewed,"129 km ESE of Namie, Japan"
2013-08-26 06:08:05.510000+00:00,34.3597,141.4007,35.61,4.7,mb,reviewed,"132 km SE of Katsuura, Japan"
2013-08-27 17:09:24.290000+00:00,37.6147,142.2012,35.5,4.7,mb,reviewed,"107 km E of Namie, Japan"
2013-08-29 02:47:34.160000+00:00,40.2919,143.6514,25.54,4.7,mb,reviewed,"162 km ENE of Miyako, Japan"
2013-08-30 08:32:28.160000+00:00,33.6457,135.8888,31.62,4.6,mb,reviewed,"13 km SW of Shing?, Japan"
2013-08-31 23:48:53.410000+00:00,40.0741,143.6995,35.04,4.7,mb,reviewed,"157 km ENE of Miyako, Japan"
2013-09-02 16:28:22.150000+00:00,37.5377,143.8921,19.62,4.6,mb,reviewed,"247 km ESE of Ishinomaki, Japan"
2013-09-07 14:19:06.910000+00:00,41.2592,144.0761,28.13,4.5,mb,reviewed,"185 km SE of Shizunai-furukawach?, Japan"
2013-09-09 00:04:20.730000+00:00,36.6332,140.5587,11.23,4.9,mb,reviewed,"8 km WNW of Hitachi, Japan"
2013-09-11 07:11:31.870000+00:00,43.1012,139.7774,189.04,4.9,mb,reviewed,"61 km WNW of Iwanai, Japan"
2013-09-13 11:04:29.880000+00:00,37.4352,142.6268,35.0,4.6,mb,reviewed,"144 km E of Namie, Japan"
2013-09-14 08:44:33.280000+00:00,35.4462,140.9134,35.04,4.7,mb,reviewed,"32 km SSE of Hasaki, Japan"
2013-09-15 17:35:42.140000+00:00,30.0611,130.9982,31.63,4.7,mb,reviewed,"48 km ESE of Koshima, Japan"
2013-09-18 00:27:46.170000+00:00,38.7119,142.3169,44.08,5.0,mb,reviewed,"65 km SE of ?funato, Japan"
2013-09-19 17:25:06.920000+00:00,37.0674,140.7879,8.0,5.4,mwb,reviewed,"8 km WNW of Iwaki, Japan"
2013-09-21 20:26:48.640000+00:00,30.101,131.1832,40.79,4.8,mb,reviewed,"60 km ESE of Koseda, Japan"
2013-09-24 13:44:15.440000+00:00,32.4881,141.2501,26.33,4.8,mb,reviewed,"Izu Islands, Japan region"
2013-09-27 19:37:49.930000+00:00,31.3228,131.3222,46.53,4.8,mb,reviewed,"19 km SSE of Kushima, Japan"
2013-09-30 13:37:39.010000+00:00,36.6819,140.9289,45.98,4.8,mb,reviewed,"19 km ESE of Takahagi, Japan"
2013-10-01 16:08:24.680000+00:00,36.9516,138.7799,104.3,4.5,mb,reviewed,"11 km SSW of Shiozawa, Japan"
2013-10-03 20:35:05.280000+00:00,38.2876,142.428,42.93,4.5,mb,reviewed,"99 km E of Ishinomaki, Japan"
2013-10-05 19:06:21.890000+00:00,39.5893,143.4789,34.18,4.6,mb,reviewed,"132 km E of Yamada, Japan"
2013-10-08 11:45:20.910000+00:00,31.6636,131.7599,37.55,4.8,mb,reviewed,"37 km E of Nichinan, Japan"
2013-10-09 21:43:44.230000+00:00,32.288,141.7967,25.03,4.8,mb,reviewed,"Izu Islands, Japan region"
2013-10-11 17:43:12.580000+00:00,36.4599,140.73,53.1,4.7,mwr,reviewed,"14 km E of Funaishikawa, Japan"
2013-10-15 05:58:40.950000+00:00,36.6732,141.9589,33.68,4.7,mb,reviewed,"104 km ESE of Iwaki, Japan"
2013-10-17 16:54:22.370000+00:00,40.743,143.6767,31.8,4.7,mb,reviewed,"186 km E of Hachinohe, Japan"
2013-10-18 05:17:57.500000+00:00,39.8811,143.4567,33.89,4.8,mb,reviewed,"132 km E of Miyako, Japan"
2013-10-19 15:14:25.090000+00:00,38.2029,141.7661,62.09,4.9,mb,reviewed,"47 km ESE of Ishinomaki, Japan"
2013-10-22 01:18:45.980000+00:00,37.7299,141.8937,25.7,5.3,mb,reviewed,"83 km ENE of Namie, Japan"
2013-10-24 04:04:18.660000+00:00,41.3764,141.1783,121.42,4.7,mb,reviewed,"10 km NNW of Mutsu, Japan"
2013-10-25 17:10:19.710000+00:00,37.1557,144.6611,35.0,7.1,mww,reviewed,"off the east coast of Honshu, Japan"
2013-10-27 18:13:06.440000+00:00,37.0876,144.5734,20.16,5.5,mwb,reviewed,"off the east coast of Honshu, Japan"
2013-10-28 20:59:42.510000+00:00,40.4452,145.5387,35.29,4.9,mb,reviewed,"297 km SSE of Kushiro, Japan"
2013-10-30 03:22:01.760000+00:00,37.1118,141.2547,28.98,4.8,mb,reviewed,"33 km ENE of Iwaki, Japan"
2013-10-31 15:01:05.580000+00:00,38.2487,142.6742,22.02,5.3,mb,reviewed,"121 km E of Ishinomaki, Japan"
2013-11-03 08:52:56.670000+00:00,38.2654,142.6953,35.0,5.2,mb,reviewed,"123 km E of Ishinomaki, Japan"
2013-11-05 04:18:26.350000+00:00,30.2729,140.4052,115.99,4.9,mb,reviewed,"Izu Islands, Japan region"
2013-11-07 17:16:10.070000+00:00,42.6268,143.4137,106.17,4.5,mb,reviewed,"36 km SSE of Obihiro, Japan"
2013-11-09 22:37:50.410000+00:00,35.9187,139.9684,64.31,5.6,mww,reviewed,"3 km WSW of Moriya, Japan"
2013-11-10 05:24:35.100000+00:00,37.2324,145.0161,10.18,4.8,mb,reviewed,"off the east coast of Honshu, Japan"
2013-11-11 20:54:27.580000+00:00,38.7196,142.1492,48.42,4.9,mb,reviewed,"54 km SE of ?funato, Japan"
2013-11-12 16:23:36.520000+00:00,37.8481,143.85,4.4,4.6,mb,reviewed,"230 km SE of ?funato, Japan"
2013-11-15 02:00:33.990000+00:00,41.4306,142.177,46.0,5.5,mwb,reviewed,"81 km E of Mutsu, Japan"
2013-11-16 11:44:41.340000+00:00,35.6039,140.1529,59.4,5.5,mwb,reviewed,"3 km E of Chiba, Japan"
2013-11-18 19:10:45.430000+00:00,34.3343,137.0475,328.0,5.6,mww,reviewed,"25 km SE of Toba, Japan"
2013-11-21 03:37:57.460000+00:00,37.519,142.0183,37.34,4.9,mb,reviewed,"90 km E of Namie, Japan"
2013-11-22 21:05:13.150000+00:00,41.6623,137.8339,19.05,5.3,mb,reviewed,"232 km WNW of Shimokizukuri, Japan"
2013-11-23 18:42:10.560000+00:00,42.5841,143.8725,77.26,4.7,mb,reviewed,"59 km SW of Kushiro, Japan"
2013-11-25 03:23:54.530000+00:00,45.8689,141.7258,19.54,5.1,mwb,reviewed,"51 km N of Wakkanai, Japan"
2013-11-27 17:45:50.950000+00:00,42.0166,141.5895,94.79,5.0,mb,reviewed,"59 km SE of Muroran, Japan"
2013-12-03 09:16:43.550000+00:00,36.492,141.7115,18.32,5.1,mwb,reviewed,"92 km ESE of Kitaibaraki, Japan"
2013-12-03 19:55:52.010000+00:00,38.5828,141.8734,63.55,4.7,mb,reviewed,"53 km ENE of Ishinomaki, Japan"
2013-12-04 21:10:11.430000+00:00,35.8963,141.7741,16.36,4.5,mb,reviewed,"near the east coast of Honshu, Japan"
2013-12-09 20:36:49.720000+00:00,36.4198,141.9222,26.41,5.1,mb,reviewed,"112 km ESE of Kitaibaraki, Japan"
2013-12-11 07:36:48.060000+00:00,30.845,130.8607,69.33,4.7,mb,reviewed,"18 km NW of Nishinoomote, Japan"
2013-12-14 04:06:15.330000+00:00,35.6544,140.6546,42.0,5.5,mwb,reviewed,"6 km S of Asahi, Japan"
2013-12-15 15:54:12.810000+00:00,36.06,140.0804,82.92,4.9,mb,reviewed,"7 km W of Naka, Japan"
2013-12-18 12:54:38.340000+00:00,30.1622,138.6377,431.46,5.2,mb,reviewed,"Izu Islands, Japan region"
2013-12-19 04:25:56.810000+00:00,39.3809,143.5373,20.53,4.7,mb,reviewed,"137 km E of Yamada, Japan"
2013-12-21 01:34:13.610000+00:00,35.6065,140.6497,35.36,5.5,mwb,reviewed,"12 km S of Asahi, Japan"
2013-12-21 16:51:36.630000+00:00,37.7115,143.8124,34.92,4.7,mb,reviewed,"233 km ESE of Ishinomaki, Japan"
2013-12-23 06:57:29.110000+00:00,35.688,142.1406,8.0,5.6,mwb,reviewed,"118 km E of Hasaki, Japan"
2013-12-24 17:12:45.020000+00:00,42.5491,139.2667,34.32,4.7,mb,reviewed,"112 km WSW of Iwanai, Japan"
2013-12-25 18:43:24.190000+00:00,41.0934,142.0558,77.74,4.6,mb,reviewed,"72 km NE of Misawa, Japan"
2013-12-27 10:31:20.930000+00:00,40.3041,142.2498,62.25,5.0,mb,reviewed,"67 km ESE of Hachinohe, Japan"
2013-12-29 01:17:56.310000+00:00,33.6802,138.971,53.36,4.6,mb,reviewed,"110 km S of Shimoda, Japan"
2013-12-31 01:02:59.460000+00:00,36.6768,140.7171,9.99,5.1,mb,reviewed,"4 km S of Takahagi, Japan"
2014-01-01 07:04:04.190000+00:00,41.9117,137.5205,285.08,4.9,mb,reviewed,"259 km W of Kamiiso, Japan"
2014-01-02 13:11:05.330000+00:00,35.262,140.5056,28.93,4.8,mb,reviewed,"10 km E of ?hara, Japan"
2014-01-04 05:23:00.310000+00:00,36.9704,143.3822,22.0,5.5,mwb,reviewed,"218 km ESE of Namie, Japan"
2014-01-05 14:28:08.320000+00:00,33.4243,139.5192,29.8,4.6,mb,reviewed,"148 km SSE of Shimoda, Japan"
2014-01-06 15:57:35.310000+00:00,37.5342,141.6798,51.8,4.7,mb,reviewed,"60 km E of Namie, Japan"
2014-01-09 04:31:54.460000+00:00,42.0428,142.6886,64.22,5.0,mb,reviewed,"41 km SE of Shizunai-furukawach?, Japan"
2014-01-11 03:56:48.390000+00:00,43.6586,139.1773,228.14,4.9,mb,reviewed,"132 km NW of Iwanai, Japan"
2014-01-12 11:56:22.820000+00:00,43.2164,146.0494,65.66,4.5,mb,reviewed,"40 km ESE of Nemuro, Japan"
2014-01-14 15:41:46.090000+00:00,30.2991,140.5099,140.62,4.9,mb,reviewed,"Izu Islands, Japan region"
2014-01-16 01:12:17.710000+00:00,40.1151,142.8184,51.83,5.1,mb,reviewed,"91 km NE of Miyako, Japan"
2014-01-17 09:37:36.800000+00:00,36.6967,141.2529,34.97,4.7,mb,reviewed,"46 km ESE of Kitaibaraki, Japan"
2014-01-18 11:51:47.240000+00:00,33.5958,141.1952,47.74,4.7,mb,reviewed,"190 km SSE of Katsuura, Japan"
2014-01-20 16:27:34.480000+00:00,31.3227,143.1241,30.96,4.7,mb,reviewed,"Izu Islands, Japan region"
2014-01-21 17:25:35.300000+00:00,33.5252,141.4622,30.85,4.8,mb,reviewed,"208 km SSE of Katsuura, Japan"
2014-01-23 09:20:57.440000+00:00,35.1438,141.0804,29.96,4.7,mb,reviewed,"63 km E of ?hara, Japan"
2014-01-27 15:49:21.700000+00:00,32.1472,141.8683,25.44,4.7,mb,reviewed,"Izu Islands, Japan region"
2014-01-28 20:37:51.880000+00:00,37.0854,144.8175,27.84,4.9,mb,reviewed,"off the east coast of Honshu, Japan"
2014-02-04 00:35:31.890000+00:00,37.8056,141.6486,51.66,4.9,mb,reviewed,"67 km ENE of Namie, Japan"
2014-02-05 17:32:14.760000+00:00,38.6854,142.3634,48.51,5.3,mwb,reviewed,"70 km SE of ?funato, Japan"
2014-02-07 17:18:34.490000+00:00,37.5618,141.3625,61.98,5.2,mb,reviewed,"33 km ENE of Namie, Japan"
2014-02-10 09:38:04.530000+00:00,39.6171,143.5251,30.58,5.0,mb,reviewed,"136 km E of Miyako, Japan"
2014-02-10 19:14:39.980000+00:00,34.1564,139.9465,93.59,5.3,mb,reviewed,"92 km S of Tateyama, Japan"
2014-02-14 18:54:24.560000+00:00,36.7303,141.3711,33.74,4.6,mb,reviewed,"near the east coast of Honshu, Japan"
2014-02-16 15:54:50.350000+00:00,36.5079,142.9495,36.17,4.7,mb,reviewed,"194 km ESE of Iwaki, Japan"
2014-02-18 16:49:45.990000+00:00,33.7552,135.9123,41.69,4.8,mb,reviewed,"7 km WNW of Shing?, Japan"
2014-02-19 15:42:13.120000+00:00,35.6983,140.6942,53.45,4.6,mb,reviewed,"4 km ESE of Asahi, Japan"
2014-02-20 23:12:38.720000+00:00,45.8557,142.6052,327.25,4.8,mb,reviewed,"81 km NE of Makubetsu, Japan"
2014-02-21 23:44:54.570000+00:00,40.1303,142.6055,47.7,4.5,mb,reviewed,"78 km NE of Miyako, Japan"
2014-02-24 23:39:29.510000+00:00,31.297,130.3832,160.36,4.6,mb,reviewed,"7 km ENE of Makurazaki, Japan"
2014-02-26 03:55:07.170000+00:00,31.7929,141.7244,10.3,4.5,mb,reviewed,"Izu Islands, Japan region"
2014-03-01 06:03:41.320000+00:00,44.6793,141.9609,244.62,4.6,mb,reviewed,"53 km NW of Nayoro, Japan"
2014-03-02 21:37:25.560000+00:00,30.8603,142.4238,31.55,4.8,mb,reviewed,"Izu Islands, Japan region"
2014-03-04 05:49:06.430000+00:00,30.8282,141.0478,54.55,5.0,mb,reviewed,"Izu Islands, Japan region"
2014-03-05 15:02:45.550000+00:00,31.3621,138.2167,384.49,4.7,mb,reviewed,"Izu Islands, Japan region"
2014-03-07 05:28:06.260000+00:00,30.9021,142.6237,31.71,4.8,mb,reviewed,"Izu Islands, Japan region"
2014-03-09 15:13:22.320000+00:00,43.3362,145.8604,97.23,4.9,mb,reviewed,"23 km E of Nemuro, Japan"
2014-03-10 06:53:08.870000+00:00,38.6991,142.2489,54.1,4.5,mb,reviewed,"61 km SE of ?funato, Japan"
2014-03-11 20:04:31.360000+00:00,35.7225,140.1604,58.52,5.0,mb,reviewed,"6 km W of Sakura, Japan"
2014-03-13 17:06:50.770000+00:00,33.6842,131.8249,79.0,6.3,mww,reviewed,"32 km SSW of Hikari, Japan"
2014-03-16 00:05:28.910000+00:00,35.7253,140.8487,40.27,4.8,mb,reviewed,"1 km ESE of Hasaki, Japan"
2014-03-17 09:02:52.850000+00:00,36.9353,141.4718,30.24,5.0,mb,reviewed,"53 km ESE of Iwaki, Japan"
2014-03-19 17:06:44.490000+00:00,34.0587,142.1867,33.02,4.7,mb,reviewed,"209 km SE of Katsuura, Japan"
2014-03-19 20:23:00.270000+00:00,34.0468,142.1181,33.29,4.9,mb,reviewed,"205 km SE of Katsuura, Japan"
2014-03-22 13:38:46.150000+00:00,36.3864,142.5402,32.13,4.7,mb,reviewed,"165 km ESE of Iwaki, Japan"
2014-03-25 19:54:00.960000+00:00,37.0905,141.4079,54.5,4.5,mb,reviewed,"46 km E of Iwaki, Japan"
2014-03-29 01:53:57.700000+00:00,36.3215,141.8379,20.0,5.4,mwb,reviewed,"109 km ESE of Takahagi, Japan"
2014-03-30 11:11:59.920000+00:00,37.1556,142.1876,38.54,4.8,mb,reviewed,"111 km ESE of Namie, Japan"
2014-03-31 16:15:14.410000+00:00,36.7401,140.6833,50.06,4.7,mb,reviewed,"3 km NW of Takahagi, Japan"
2014-04-02 23:22:47.720000+00:00,39.1648,141.8049,58.06,5.5,mwb,reviewed,"12 km NE of ?funato, Japan"
2014-04-05 01:16:18.420000+00:00,39.1937,142.5642,29.68,5.2,mwb,reviewed,"60 km ESE of ?tsuchi, Japan"
2014-04-08 15:02:07.890000+00:00,36.2452,141.8559,27.51,4.9,mb,reviewed,"108 km ENE of Hasaki, Japan"
2014-04-10 04:19:03.610000+00:00,35.69,140.0894,73.15,4.7,mb,reviewed,"8 km WNW of Yotsukaid?, Japan"
2014-04-11 15:18:25.400000+00:00,40.9374,143.11,35.42,4.5,mb,reviewed,"144 km ENE of Hachinohe, Japan"
2014-04-13 09:16:01.760000+00:00,37.2805,141.2977,55.06,4.8,mb,reviewed,"34 km SE of Namie, Japan"
2014-04-16 18:17:24.280000+00:00,37.2679,142.0442,43.81,4.9,mb,reviewed,"95 km ESE of Namie, Japan"
2014-04-17 14:44:01.140000+00:00,37.4254,142.2446,31.96,5.2,mb,reviewed,"110 km E of Namie, Japan"
2014-04-19 08:09:08.050000+00:00,38.0883,142.0106,79.03,4.5,mb,reviewed,"72 km ESE of Ishinomaki, Japan"
2014-04-20 19:30:11.090000+00:00,36.8158,142.1505,25.15,4.9,mb,reviewed,"115 km ESE of Iwaki, Japan"
2014-04-22 11:46:47.840000+00:00,33.7051,140.8771,52.23,4.8,mb,reviewed,"168 km SSE of Katsuura, Japan"
2014-04-24 19:02:08.290000+00:00,30.3693,140.7316,41.23,4.6,mb,reviewed,"Izu Islands, Japan region"
2014-04-25 19:15:25.450000+00:00,35.7036,140.9696,8.16,4.6,mb,reviewed,"12 km ESE of Hasaki, Japan"
2014-04-29 05:00:12.290000+00:00,38.1643,141.8535,59.03,4.5,mb,reviewed,"55 km ESE of Ishinomaki, Japan"
2014-05-01 08:30:45.810000+00:00,32.3226,138.625,82.95,4.5,mb,reviewed,"255 km S of ?yama, Japan"
2014-05-02 09:15:20.720000+00:00,37.852,144.2342,15.97,5.6,mww,reviewed,"258 km ESE of ?funato, Japan"
2014-05-03 13:39:04.230000+00:00,37.2728,141.5028,48.86,4.5,mb,reviewed,"50 km ESE of Namie, Japan"
2014-05-04 20:18:24.680000+00:00,34.9118,139.4186,153.0,6.0,mww,reviewed,"31 km ESE of It?, Japan"
2014-05-06 14:31:00.350000+00:00,37.7872,142.7477,14.62,4.7,mb,reviewed,"144 km ESE of Ishinomaki, Japan"
2014-05-07 11:09:50.420000+00:00,40.8393,145.1163,10.0,4.5,mb,reviewed,"245 km SSE of Kushiro, Japan"
2014-05-08 19:22:51.880000+00:00,34.5965,141.5834,25.08,4.8,mb,reviewed,"130 km SE of ?hara, Japan"
2014-05-11 10:32:15.360000+00:00,36.1481,142.3639,32.3,4.7,mb,reviewed,"145 km ENE of Hasaki, Japan"
2014-05-12 23:35:02.310000+00:00,35.5972,140.0595,55.34,5.1,mb,reviewed,"5 km W of Chiba, Japan"
2014-05-13 23:03:23.330000+00:00,41.9765,142.5506,59.18,4.9,mb,reviewed,"42 km SSE of Shizunai-furukawach?, Japan"
2014-05-15 09:48:14.620000+00:00,35.0598,139.2843,126.87,4.8,mb,reviewed,"21 km ENE of It?, Japan"
2014-05-17 00:50:33.220000+00:00,36.3885,142.6791,31.82,4.5,mb,reviewed,"176 km ESE of Iwaki, Japan"
2014-05-19 12:02:29.480000+00:00,40.9759,142.0602,66.1,4.6,mb,reviewed,"65 km ENE of Misawa, Japan"
2014-05-23 07:50:21.110000+00:00,39.5211,143.5711,35.0,4.5,mb,reviewed,"139 km E of Yamada, Japan"
2014-05-25 01:29:30.450000+00:00,32.4778,141.8074,18.52,4.5,mb,reviewed,"Izu Islands, Japan region"
2014-05-26 13:30:21.660000+00:00,34.5658,141.6781,19.51,4.5,mb,reviewed,"139 km ESE of ?hara, Japan"
2014-05-27 16:12:10.480000+00:00,32.5,140.5882,76.79,5.3,mb,reviewed,"283 km SSE of Tateyama, Japan"
2014-05-29 00:17:59.450000+00:00,33.2844,139.3996,30.93,4.7,mb,reviewed,"160 km SSE of Shimoda, Japan"
2014-05-31 07:30:23.460000+00:00,36.2559,144.1691,34.47,4.5,mb,reviewed,"off the east coast of Honshu, Japan"
2014-06-01 15:27:59.230000+00:00,30.5315,131.5586,36.79,4.6,mb,reviewed,"58 km ESE of Nishinoomote, Japan"
2014-06-04 13:15:53.300000+00:00,32.4174,141.5766,47.06,4.9,mb,reviewed,"Izu Islands, Japan region"
2014-06-04 14:08:11.300000+00:00,32.4023,141.772,20.46,4.6,mb,reviewed,"Izu Islands, Japan region"
2014-06-06 15:12:46.050000+00:00,35.6209,141.0874,14.74,4.5,mb,reviewed,"26 km ESE of Hasaki, Japan"
2014-06-08 05:24:33.390000+00:00,39.1635,141.7092,95.61,5.2,mb,reviewed,"10 km N of ?funato, Japan"
2014-06-09 08:58:44.150000+00:00,34.9776,140.1875,53.67,4.8,mb,reviewed,"15 km SSE of Kamogawa, Japan"
2014-06-13 05:50:49.790000+00:00,30.6986,141.8353,47.19,5.0,mb,reviewed,"Izu Islands, Japan region"
2014-06-14 17:31:41.560000+00:00,39.4384,140.9876,92.0,5.5,mww,reviewed,"12 km WNW of Hanamaki, Japan"
2014-06-15 20:14:50.620000+00:00,37.0961,141.1141,45.0,5.6,mww,reviewed,"21 km ENE of Iwaki, Japan"
2014-06-16 17:42:22.530000+00:00,33.8719,139.58,130.28,5.3,mb,reviewed,"106 km SSE of Shimoda, Japan"
2014-06-18 12:40:59.980000+00:00,38.55,141.9331,56.47,4.6,mb,reviewed,"57 km ENE of Ishinomaki, Japan"
2014-06-19 16:43:46.530000+00:00,35.4925,140.0306,65.77,4.7,mb,reviewed,"5 km WSW of Ichihara, Japan"
2014-06-20 16:10:36.940000+00:00,31.2023,131.283,54.98,4.7,mb,reviewed,"31 km S of Kushima, Japan"
2014-06-26 05:47:14.400000+00:00,43.0823,145.5988,55.09,4.8,mb,reviewed,"26 km S of Nemuro, Japan"
2014-06-27 11:10:41.520000+00:00,36.2103,144.1294,35.19,5.0,mb,reviewed,"off the east coast of Honshu, Japan"
2014-06-28 07:11:50.120000+00:00,35.9235,140.9747,39.11,4.8,mb,reviewed,"24 km NNE of Hasaki, Japan"
2014-06-29 16:34:22.060000+00:00,42.4935,146.1009,10.0,4.6,mb,reviewed,"101 km SSE of Nemuro, Japan"
2014-07-01 16:28:14.650000+00:00,31.1584,130.2481,169.03,4.7,mb,reviewed,"13 km SSW of Makurazaki, Japan"
2014-07-02 22:29:49.220000+00:00,35.3716,140.0692,60.38,4.5,mb,reviewed,"12 km E of Kisarazu, Japan"
2014-07-04 22:42:05.070000+00:00,39.648,142.0802,50.31,5.7,mww,reviewed,"11 km E of Miyako, Japan"
2014-07-05 20:22:56.510000+00:00,42.1453,143.0106,59.97,4.8,mb,reviewed,"57 km ESE of Shizunai-furukawach?, Japan"
2014-07-07 18:09:18.750000+00:00,35.4244,140.835,50.37,4.7,mb,reviewed,"34 km S of Hasaki, Japan"
2014-07-08 09:05:22.970000+00:00,42.6676,141.3472,10.0,5.5,mwb,reviewed,"13 km N of Shiraoi, Japan"
2014-07-10 08:58:55.620000+00:00,36.7485,140.5509,19.99,4.7,mb,reviewed,"15 km WNW of Takahagi, Japan"
2014-07-11 19:22:00.820000+00:00,37.0052,142.4525,20.0,6.5,mww,reviewed,"139 km ESE of Namie, Japan"
2014-07-13 13:26:47.860000+00:00,37.0199,143.4241,10.0,4.7,mb,reviewed,"221 km ESE of Namie, Japan"
2014-07-14 14:41:51.330000+00:00,33.1205,141.8942,10.0,4.6,mb,reviewed,"off the east coast of Honshu, Japan"
2014-07-15 20:43:40.590000+00:00,36.7091,142.4669,9.74,4.7,mb,reviewed,"146 km ESE of Iwaki, Japan"
2014-07-18 04:38:50.380000+00:00,37.1007,142.6359,10.0,4.6,mb,reviewed,"151 km ESE of Namie, Japan"
2014-07-20 01:25:33.470000+00:00,36.5102,140.6291,56.37,4.6,mb,reviewed,"7 km NE of Funaishikawa, Japan"
2014-07-21 15:58:02.980000+00:00,35.9561,137.8883,10.0,4.7,mb,reviewed,"10 km WSW of Tatsuno, Japan"
2014-07-25 04:18:16.240000+00:00,41.5694,142.1922,64.06,5.1,mb,reviewed,"86 km S of Shizunai-furukawach?, Japan"
2014-07-27 18:09:10.320000+00:00,35.4823,140.6271,58.01,4.7,mb,reviewed,"23 km SE of Narut?, Japan"
2014-07-28 06:15:37.660000+00:00,34.7231,139.2809,35.0,4.6,mb,reviewed,"31 km E of Shimoda, Japan"
2014-07-29 20:05:16.440000+00:00,35.6281,140.186,69.36,4.8,mb,reviewed,"2 km SE of Yotsukaid?, Japan"
2014-08-01 06:01:22.510000+00:00,30.8371,140.2557,58.15,4.6,mb,reviewed,"Izu Islands, Japan region"
2014-08-02 16:09:56.580000+00:00,33.2997,131.6528,94.87,4.7,mb,reviewed,"7 km NNW of Tsurusaki, Japan"
2014-08-04 05:58:21.380000+00:00,39.2282,142.1889,35.0,4.7,mb,reviewed,"28 km E of Kamaishi, Japan"
2014-08-04 19:36:36.950000+00:00,32.6011,140.6833,68.89,4.7,mb,reviewed,"274 km SSE of Tateyama, Japan"
2014-08-06 15:12:05.080000+00:00,38.9387,142.0765,60.2,4.6,mb,reviewed,"34 km ESE of ?funato, Japan"
2014-08-08 05:47:08.750000+00:00,40.198,143.4825,37.18,4.5,mb,reviewed,"145 km ENE of Miyako, Japan"
2014-08-10 03:43:17.240000+00:00,41.1585,142.1309,41.0,6.1,mww,reviewed,"78 km E of Mutsu, Japan"
2014-08-12 00:47:22.360000+00:00,34.2586,140.3887,86.63,4.7,mb,reviewed,"93 km SSE of Tateyama, Japan"
2014-08-13 22:51:28.660000+00:00,33.8501,131.888,81.85,4.5,mb,reviewed,"12 km SSW of Hikari, Japan"
2014-08-15 20:25:07.900000+00:00,36.7183,142.3365,30.68,4.7,mb,reviewed,"134 km ESE of Iwaki, Japan"
2014-08-16 15:21:18.540000+00:00,40.1212,145.4678,34.27,4.9,mb,reviewed,"off the east coast of Honshu, Japan"
2014-08-17 18:15:53.080000+00:00,36.8289,142.4714,10.0,4.8,mb,reviewed,"143 km E of Iwaki, Japan"
2014-08-19 13:26:23.410000+00:00,42.9675,145.6438,42.89,5.1,mb,reviewed,"39 km S of Nemuro, Japan"
2014-08-20 19:38:25.260000+00:00,33.1969,138.1144,307.89,5.2,mb,reviewed,"156 km S of ?yama, Japan"
2014-08-24 08:26:51.330000+00:00,36.0113,139.7891,82.81,4.7,mb,reviewed,"4 km NE of Kasukabe, Japan"
2014-08-25 18:42:19.280000+00:00,34.353,134.9298,27.59,4.6,mb,reviewed,"3 km ENE of Sumoto, Japan"
2014-08-26 02:22:51.670000+00:00,36.4068,140.3528,116.42,4.8,mb,reviewed,"7 km NE of Tomobe, Japan"
2014-08-27 04:48:58.370000+00:00,41.0699,143.167,26.0,5.4,mwb,reviewed,"154 km ENE of Hachinohe, Japan"
2014-08-28 19:14:35.550000+00:00,32.0864,132.0682,20.0,5.8,mww,reviewed,"53 km E of Takanabe, Japan"
2014-08-29 23:33:45.270000+00:00,42.6175,144.149,59.76,4.6,mb,reviewed,"43 km SSW of Kushiro, Japan"
2014-09-01 01:26:35.990000+00:00,38.2503,142.182,37.3,4.6,mb,reviewed,"79 km ESE of Ishinomaki, Japan"
2014-09-03 07:24:21.920000+00:00,36.8594,139.4288,29.71,5.2,mb,reviewed,"20 km NW of Nikk?, Japan"
2014-09-06 08:31:57.570000+00:00,42.0202,142.5397,66.62,4.8,mb,reviewed,"37 km SSE of Shizunai-furukawach?, Japan"
2014-09-10 01:09:36.410000+00:00,40.1424,141.828,68.69,4.8,mwr,reviewed,"46 km E of Ichinohe, Japan"
2014-09-12 17:03:39.880000+00:00,44.3897,141.4834,250.7,4.5,mb,reviewed,"52 km NNW of Rumoi, Japan"
2014-09-16 03:28:30.310000+00:00,36.0873,139.8502,49.94,5.5,mww,reviewed,"4 km ESE of Sakai, Japan"
2014-09-18 12:39:08.180000+00:00,39.4852,143.5259,19.71,4.5,mb,reviewed,"135 km E of Yamada, Japan"
2014-09-20 14:44:30.600000+00:00,30.0785,130.3546,89.02,4.5,mb,reviewed,"21 km SW of Yudomari, Japan"
2014-09-22 07:13:39.060000+00:00,31.4608,141.8306,10.0,4.7,mb,reviewed,"Izu Islands, Japan region"
2014-09-23 11:04:29.380000+00:00,31.3695,141.7606,10.0,4.8,mb,reviewed,"Izu Islands, Japan region"
2014-09-24 12:45:46.920000+00:00,37.5179,141.3349,50.96,5.2,mww,reviewed,"29 km E of Namie, Japan"
2014-09-26 08:49:45.780000+00:00,41.602,142.0917,67.18,4.5,mb,reviewed,"80 km ENE of Mutsu, Japan"
2014-09-29 01:05:37.990000+00:00,41.9245,144.4174,22.59,4.9,mb,reviewed,"116 km S of Kushiro, Japan"
2014-09-30 00:41:56.040000+00:00,32.3206,141.834,10.0,4.5,mb,reviewed,"Izu Islands, Japan region"
2014-10-03 00:57:30.710000+00:00,40.1565,142.7657,30.0,5.5,mww,reviewed,"90 km NE of Miyako, Japan"
2014-10-05 11:05:29.910000+00:00,38.8972,144.3508,22.26,4.6,mb,reviewed,"216 km ESE of Yamada, Japan"
2014-10-06 06:37:58.700000+00:00,38.2524,142.0632,35.0,4.6,mb,reviewed,"69 km ESE of Ishinomaki, Japan"
2014-10-07 19:07:33.130000+00:00,36.4139,143.2694,34.26,4.8,mb,reviewed,"224 km ESE of Iwaki, Japan"
2014-10-09 12:17:40.810000+00:00,43.6077,139.4959,211.94,4.6,mb,reviewed,"108 km NW of Iwanai, Japan"
2014-10-11 02:35:47.480000+00:00,41.0272,143.1649,22.0,6.1,mww,reviewed,"152 km ENE of Hachinohe, Japan"
2014-10-11 20:28:08.150000+00:00,35.6642,140.8939,22.75,4.5,mb,reviewed,"9 km SE of Hasaki, Japan"
2014-10-13 21:24:58.840000+00:00,40.9721,141.7329,70.88,4.7,mb,reviewed,"42 km NE of Misawa, Japan"
2014-10-14 18:08:45.960000+00:00,40.9297,143.2338,29.32,5.0,mb,reviewed,"154 km ENE of Hachinohe, Japan"
2014-10-15 23:53:02.260000+00:00,31.7863,140.5047,60.0,5.5,mww,reviewed,"Izu Islands, Japan region"
2014-10-17 09:58:31.840000+00:00,36.0186,140.9407,36.67,4.6,mb,reviewed,"27 km ENE of Kashima-shi, Japan"
2014-10-19 08:51:17.840000+00:00,30.9433,141.9129,10.95,4.7,mb,reviewed,"Izu Islands, Japan region"
2014-10-23 19:30:42.020000+00:00,36.4281,141.0169,38.23,4.5,mb,reviewed,"38 km ESE of Hitachi, Japan"
2014-10-27 06:36:24.650000+00:00,35.8148,140.1114,71.67,4.7,mb,reviewed,"4 km ENE of Shiroi, Japan"
2014-10-28 17:37:27.480000+00:00,36.1202,141.1505,17.15,4.5,mb,reviewed,"48 km ENE of Kashima-shi, Japan"
2014-10-31 06:33:32.780000+00:00,40.1652,142.4054,43.34,4.7,mwr,reviewed,"69 km NE of Miyako, Japan"
2014-11-01 07:47:45.250000+00:00,41.9403,142.4703,52.21,4.7,mb,reviewed,"44 km S of Shizunai-furukawach?, Japan"
2014-11-03 00:10:53.150000+00:00,39.9133,143.4297,35.69,4.9,mb,reviewed,"130 km ENE of Miyako, Japan"
2014-11-03 13:34:00.190000+00:00,34.1848,141.0893,42.36,4.6,mb,reviewed,"128 km SSE of Katsuura, Japan"
2014-11-05 14:01:05.650000+00:00,42.6455,145.8045,38.4,4.8,mb,reviewed,"77 km SSE of Nemuro, Japan"
2014-11-07 23:54:22.850000+00:00,37.804,142.299,42.44,5.1,mww,reviewed,"110 km SE of Ishinomaki, Japan"
2014-11-12 00:53:28.190000+00:00,36.1199,140.1107,68.49,4.8,mwr,reviewed,"8 km S of Tsukuba, Japan"
2014-11-12 11:04:48.910000+00:00,33.0208,140.6623,66.24,5.1,mb,reviewed,"229 km SSE of Tateyama, Japan"
2014-11-13 15:56:39.320000+00:00,36.7689,140.7834,39.86,4.5,mb,reviewed,"3 km ESE of Kitaibaraki, Japan"
2014-11-15 00:56:43.860000+00:00,38.1567,142.02,55.26,4.5,mb,reviewed,"69 km ESE of Ishinomaki, Japan"
2014-11-18 15:20:49.640000+00:00,30.0444,131.1233,18.64,5.0,mb,reviewed,"59 km SE of Koseda, Japan"
2014-11-19 14:34:42.850000+00:00,30.6106,131.3516,22.6,5.1,mb,reviewed,"36 km ESE of Nishinoomote, Japan"
2014-11-20 01:51:42.180000+00:00,37.3226,141.6082,32.0,5.6,mww,reviewed,"56 km ESE of Namie, Japan"
2014-11-21 05:47:41.440000+00:00,30.5126,131.4607,10.0,4.5,mb,reviewed,"50 km ESE of Nishinoomote, Japan"
2014-11-22 13:08:18.420000+00:00,36.6408,137.8875,9.0,6.2,mww,reviewed,"6 km SSE of Hakuba, Japan"
2014-11-23 13:34:54.760000+00:00,39.6015,143.2619,18.17,5.0,mb,reviewed,"113 km E of Miyako, Japan"
2014-11-24 21:26:57.220000+00:00,36.7696,138.0384,8.58,4.5,mb,reviewed,"17 km ENE of Hakuba, Japan"
2014-11-28 23:48:21.020000+00:00,39.606,143.2059,36.95,4.7,mb,reviewed,"108 km E of Miyako, Japan"
2014-12-02 16:00:39.550000+00:00,37.0197,140.7509,10.0,4.7,mb,reviewed,"12 km WSW of Iwaki, Japan"
2014-12-04 03:35:24.910000+00:00,35.4972,141.0157,24.54,4.7,mb,reviewed,"30 km SSE of Hasaki, Japan"
2014-12-05 12:35:50.980000+00:00,30.9867,141.8889,10.0,5.0,mb,reviewed,"Izu Islands, Japan region"
2014-12-08 04:05:08.140000+00:00,35.5439,140.3485,56.92,4.6,mb,reviewed,"1 km WSW of T?gane, Japan"
2014-12-09 11:11:29.600000+00:00,36.204,140.9578,33.58,4.6,mb,reviewed,"35 km ESE of ?arai, Japan"
2014-12-12 05:41:54.900000+00:00,39.993,142.0373,66.19,4.6,mb,reviewed,"39 km NNE of Miyako, Japan"
2014-12-13 18:30:22.920000+00:00,37.3894,142.5737,3.23,4.9,mb,reviewed,"139 km E of Namie, Japan"
2014-12-16 10:12:51.080000+00:00,31.1098,141.7797,10.0,5.1,mb,reviewed,"Izu Islands, Japan region"
2014-12-17 18:45:06.440000+00:00,38.9056,141.9804,54.71,4.7,mb,reviewed,"29 km SE of ?funato, Japan"
2014-12-19 04:47:40.250000+00:00,42.7025,145.5103,28.21,5.3,mwb,reviewed,"69 km S of Nemuro, Japan"
2014-12-20 09:29:57.490000+00:00,37.4017,141.5534,31.31,5.9,mww,reviewed,"49 km E of Namie, Japan"
2014-12-21 16:17:06.740000+00:00,36.5993,138.0163,19.95,4.6,mb,reviewed,"15 km WSW of Nagano, Japan"
2014-12-24 23:06:05.470000+00:00,37.2516,141.5576,10.0,5.2,mwb,reviewed,"55 km ESE of Namie, Japan"
2014-12-26 01:49:07.840000+00:00,33.5996,141.2795,39.14,4.8,mb,reviewed,"193 km SSE of Katsuura, Japan"
2014-12-28 11:49:47.180000+00:00,38.3949,144.3947,35.0,5.1,mb,reviewed,"240 km ESE of Kamaishi, Japan"
2014-12-31 08:17:04.580000+00:00,42.8132,146.3293,22.07,4.8,mb,reviewed,"83 km SE of Nemuro, Japan"
2015-01-01 05:01:10.640000+00:00,38.8957,142.0405,41.39,4.8,mb,reviewed,"near the east coast of Honshu, Japan"
2015-01-03 18:51:13.360000+00:00,39.6229,143.3472,24.88,4.9,mb,reviewed,"120 km E of Miyako, Japan"
2015-01-05 15:16:27.830000+00:00,30.6064,142.1941,31.22,5.3,mb,reviewed,"Izu Islands, Japan region"
2015-01-08 18:42:12.240000+00:00,43.6917,144.8685,132.33,5.3,mww,reviewed,"21 km W of Shibetsu, Japan"
2015-01-10 17:24:50.180000+00:00,30.4723,142.1449,18.51,4.8,mb,reviewed,"Izu Islands, Japan region"
2015-01-13 05:26:59.180000+00:00,30.5992,131.432,41.14,5.0,mb,reviewed,"43 km ESE of Nishinoomote, Japan"
2015-01-13 17:46:43.590000+00:00,39.3673,142.0208,43.67,4.8,mwr,reviewed,"10 km E of ?tsuchi, Japan"
2015-01-15 01:34:17.900000+00:00,40.9332,143.0831,35.0,4.5,mb,reviewed,"142 km ENE of Hachinohe, Japan"
2015-01-18 16:15:08.360000+00:00,30.483,142.1626,10.0,5.3,mww,reviewed,"Izu Islands, Japan region"
2015-01-19 22:34:49.010000+00:00,37.2051,138.4549,182.82,4.8,mb,reviewed,"19 km SSW of Kashiwazaki, Japan"
2015-01-21 17:35:31.920000+00:00,42.4997,144.4949,63.45,4.6,mb,reviewed,"53 km S of Kushiro, Japan"
2015-01-23 17:36:38.470000+00:00,34.4104,139.6851,124.03,4.7,mb,reviewed,"65 km SSW of Tateyama, Japan"
2015-01-25 22:20:01.840000+00:00,35.8284,140.5333,34.89,4.9,mwr,reviewed,"6 km SSE of Sawara, Japan"
2015-01-29 16:53:44.650000+00:00,37.3839,141.8355,45.67,4.6,mb,reviewed,"74 km E of Namie, Japan"
2015-01-31 15:42:53.080000+00:00,37.2516,137.1808,33.07,4.6,mb,reviewed,"29 km NE of Nanao, Japan"
2015-02-03 05:07:38.980000+00:00,33.5045,132.7343,52.98,4.5,mb,reviewed,"Shikoku, Japan"
2015-02-06 01:25:11.750000+00:00,33.757,134.3989,10.8,4.7,mwr,reviewed,"29 km SW of Anan, Japan"
2015-02-08 16:29:51.920000+00:00,35.2098,141.9198,22.96,4.6,mb,reviewed,"114 km ESE of Hasaki, Japan"
2015-02-10 19:23:47.400000+00:00,38.2456,141.8279,47.08,4.6,mb,reviewed,"49 km ESE of Ishinomaki, Japan"
2015-02-13 11:28:21.260000+00:00,38.2085,144.5947,27.46,4.8,mb,reviewed,"265 km ESE of Kamaishi, Japan"
2015-02-15 00:14:29.980000+00:00,36.6585,141.0179,30.0,4.7,mb,reviewed,"27 km ESE of Takahagi, Japan"
2015-02-16 23:06:28.270000+00:00,39.8558,142.8808,23.0,6.7,mww,reviewed,"83 km ENE of Miyako, Japan"
2015-02-20 04:25:23.380000+00:00,39.8244,143.5871,10.0,6.2,mww,reviewed,"142 km E of Miyako, Japan"
2015-02-21 10:13:53.290000+00:00,39.8185,143.4861,7.0,6.0,mww,reviewed,"133 km E of Miyako, Japan"
2015-02-22 19:43:32.660000+00:00,39.7592,143.2815,10.0,5.1,mb,reviewed,"115 km E of Miyako, Japan"
2015-02-24 02:28:54.090000+00:00,39.6546,143.1982,20.0,5.8,mww,reviewed,"107 km E of Miyako, Japan"
2015-02-25 07:01:00.930000+00:00,31.0659,141.8201,9.0,5.9,mww,reviewed,"Izu Islands, Japan region"
2015-02-26 19:15:48.580000+00:00,35.9201,142.241,31.83,4.6,mb,reviewed,"128 km E of Hasaki, Japan"
2015-02-28 08:40:39.970000+00:00,35.6537,140.7317,48.39,4.9,mwr,reviewed,"10 km SE of Asahi, Japan"
2015-03-01 19:21:56.240000+00:00,36.6669,137.5007,242.98,4.7,mb,reviewed,"12 km ESE of Kamiichi, Japan"
2015-03-03 15:04:19.990000+00:00,35.3654,136.7511,36.11,4.6,mwr,reviewed,"1 km W of Kasamatsuch?, Japan"
2015-03-05 23:06:00.880000+00:00,42.2711,142.5968,63.06,4.9,mwr,reviewed,"20 km ESE of Shizunai-furukawach?, Japan"
2015-03-08 10:35:25.990000+00:00,39.8947,143.3597,22.25,4.6,mb,reviewed,"124 km ENE of Miyako, Japan"
2015-03-12 11:02:40.160000+00:00,37.3195,141.5104,40.61,4.9,mwr,reviewed,"48 km ESE of Namie, Japan"
2015-03-13 15:12:49.400000+00:00,34.7861,138.4738,216.84,4.5,mb,reviewed,"16 km ESE of Yaizu, Japan"
2015-03-14 15:36:08.750000+00:00,34.2885,141.6586,7.15,5.4,mb,reviewed,"155 km SE of Katsuura, Japan"
2015-03-17 05:45:57.060000+00:00,39.5949,143.4483,32.42,4.5,mb,reviewed,"129 km E of Miyako, Japan"
2015-03-19 01:33:54.470000+00:00,38.4949,141.8223,55.31,4.6,mwr,reviewed,"46 km E of Ishinomaki, Japan"
2015-03-19 23:30:21.220000+00:00,39.6289,143.4761,28.82,4.6,mb,reviewed,"131 km E of Miyako, Japan"
2015-03-21 19:58:32.980000+00:00,37.2904,142.3505,21.58,4.7,mb,reviewed,"121 km E of Namie, Japan"
2015-03-25 00:34:27.980000+00:00,42.2661,143.0823,60.68,4.9,mww,reviewed,"59 km E of Shizunai-furukawach?, Japan"
2015-03-27 03:04:07.300000+00:00,36.3653,143.1197,10.0,5.4,mww,reviewed,"213 km ESE of Iwaki, Japan"
2015-03-28 06:32:24.680000+00:00,34.378,141.701,23.71,4.6,mb,reviewed,"152 km SE of Katsuura, Japan"
2015-04-02 19:04:42.570000+00:00,38.6212,142.0475,59.42,4.5,mb,reviewed,"57 km SSE of ?funato, Japan"
2015-04-03 20:35:03.730000+00:00,37.1602,142.3951,16.65,4.5,mb,reviewed,"128 km ESE of Namie, Japan"
2015-04-06 04:58:41.170000+00:00,42.959,145.29,31.57,4.6,mb,reviewed,"46 km SSW of Nemuro, Japan"
2015-04-08 14:04:28.390000+00:00,42.1007,142.7778,50.78,4.5,mb,reviewed,"42 km SE of Shizunai-furukawach?, Japan"
2015-04-11 07:45:12.780000+00:00,41.0836,142.8632,40.31,4.6,mb,reviewed,"131 km ENE of Misawa, Japan"
2015-04-12 19:25:01.770000+00:00,37.1545,143.8447,10.0,5.1,mwb,reviewed,"254 km E of Namie, Japan"
2015-04-15 19:55:00.590000+00:00,39.3928,143.5274,10.0,5.1,mb,reviewed,"136 km E of Yamada, Japan"
2015-04-16 20:36:25.410000+00:00,30.3994,142.832,28.66,4.6,mb,reviewed,"Izu Islands, Japan region"
2015-04-18 09:34:54.260000+00:00,31.9061,132.0243,35.0,4.5,mb,reviewed,"southeast of Shikoku, Japan"
2015-04-19 12:06:36.500000+00:00,30.4707,142.7886,10.0,5.3,mb,reviewed,"Izu Islands, Japan region"
2015-04-20 13:33:21.820000+00:00,30.1936,141.5683,37.95,4.5,mb,reviewed,"Izu Islands, Japan region"
2015-04-21 14:33:12.640000+00:00,30.4432,142.9071,23.77,4.6,mb,reviewed,"Izu Islands, Japan region"
2015-04-23 14:31:40.590000+00:00,45.7177,142.1055,309.56,5.0,mb,reviewed,"44 km NNE of Makubetsu, Japan"
2015-04-25 06:35:46.330000+00:00,32.8677,140.4075,86.38,5.2,mb,reviewed,"239 km SSE of Tateyama, Japan"
2015-04-29 16:09:51.830000+00:00,40.0485,142.8086,37.3,5.4,mww,reviewed,"86 km ENE of Miyako, Japan"
2015-05-02 16:50:42.990000+00:00,31.5293,140.213,10.0,5.7,mwc,reviewed,"Izu Islands, Japan region"
2015-05-03 04:02:52.550000+00:00,37.5588,141.453,45.35,5.0,mb,reviewed,"40 km ENE of Namie, Japan"
2015-05-04 08:13:42.450000+00:00,41.7007,142.8948,48.58,4.5,mb,reviewed,"82 km SSE of Shizunai-furukawach?, Japan"
2015-05-05 17:11:09.900000+00:00,31.6762,142.2484,27.61,4.6,mb,reviewed,"Izu Islands, Japan region"
2015-05-08 12:11:29.600000+00:00,31.2312,141.954,10.0,4.8,mb,reviewed,"Izu Islands, Japan region"
2015-05-10 21:25:46.440000+00:00,31.2373,142.0157,6.0,6.0,mww,reviewed,"Izu Islands, Japan region"
2015-05-12 21:12:58.890000+00:00,38.9056,142.0317,35.0,6.8,mww,reviewed,"32 km SE of ?funato, Japan"
2015-05-14 08:38:56.400000+00:00,30.6082,141.9399,23.65,4.8,mb,reviewed,"Izu Islands, Japan region"
2015-05-15 03:30:34.360000+00:00,37.0459,141.2026,37.95,5.1,mb,reviewed,"28 km E of Iwaki, Japan"
2015-05-17 16:33:21.510000+00:00,31.9894,138.4162,4.7,4.8,mb,reviewed,"290 km S of ?yama, Japan"
2015-05-18 05:03:40.090000+00:00,31.3113,141.9631,10.0,4.6,mb,reviewed,"Izu Islands, Japan region"
2015-05-19 15:17:21.480000+00:00,39.1381,142.8158,17.98,4.7,mb,reviewed,"83 km ESE of ?tsuchi, Japan"
2015-05-24 00:09:38.400000+00:00,31.2324,130.3868,160.74,4.5,mb,reviewed,"7 km ESE of Makurazaki, Japan"
2015-05-25 05:28:08.100000+00:00,35.995,139.6134,38.74,5.1,mwr,reviewed,"2 km N of Ageoshimo, Japan"
2015-05-27 01:51:26.110000+00:00,31.2919,130.4608,152.22,4.7,mb,reviewed,"14 km ENE of Makurazaki, Japan"
2015-05-29 16:06:47.710000+00:00,36.1052,139.8275,54.91,4.9,mb,reviewed,"2 km ENE of Sakai, Japan"
2015-05-30 18:49:07.340000+00:00,30.7856,142.9722,6.05,6.2,mww,reviewed,"Izu Islands, Japan region"
2015-06-01 15:51:38.920000+00:00,39.8176,143.3145,21.97,4.6,mb,reviewed,"119 km E of Miyako, Japan"
2015-06-03 08:16:06.620000+00:00,31.1617,141.9006,10.0,4.8,mb,reviewed,"Izu Islands, Japan region"
2015-06-06 07:28:15.820000+00:00,33.2758,139.1584,10.0,4.6,mb,reviewed,"156 km S of Shimoda, Japan"
2015-06-08 06:01:08.300000+00:00,41.5615,142.0308,42.0,6.1,mww,reviewed,"74 km ENE of Mutsu, Japan"
2015-06-09 18:44:52.690000+00:00,41.0446,142.9118,27.46,4.7,mb,reviewed,"133 km ENE of Hachinohe, Japan"
2015-06-10 08:33:03.780000+00:00,39.6795,143.319,30.96,5.8,mww,reviewed,"118 km E of Miyako, Japan"
2015-06-12 20:56:00.790000+00:00,38.9796,142.3703,45.5,4.5,mwr,reviewed,"54 km SE of Kamaishi, Japan"
2015-06-22 02:17:55.200000+00:00,38.788,142.2603,35.66,4.7,mwr,reviewed,"56 km SE of ?funato, Japan"
2015-06-22 15:35:16.910000+00:00,41.5201,142.0933,57.02,4.9,mb,reviewed,"77 km ENE of Mutsu, Japan"
2015-06-26 10:38:02.090000+00:00,41.5272,142.0949,56.48,4.6,mwr,reviewed,"78 km ENE of Mutsu, Japan"
2015-06-29 10:07:27.930000+00:00,36.8576,141.1682,47.58,4.7,mb,reviewed,"33 km SE of Iwaki, Japan"
2015-07-02 06:05:43.310000+00:00,38.4988,141.8784,35.0,4.8,mb,reviewed,"51 km E of Ishinomaki, Japan"
2015-07-04 04:23:50.680000+00:00,38.7407,142.0482,23.99,4.8,mb,reviewed,"46 km SE of ?funato, Japan"
2015-07-05 10:41:54.570000+00:00,38.7375,142.1446,32.52,4.7,mb,reviewed,"52 km SE of ?funato, Japan"
2015-07-09 08:27:39.500000+00:00,40.1226,142.6028,38.28,5.2,mww,reviewed,"77 km NE of Miyako, Japan"
2015-07-09 18:32:51.220000+00:00,40.3631,141.4646,81.0,5.5,mww,reviewed,"15 km S of Hachinohe, Japan"
2015-07-11 23:16:30.280000+00:00,33.1961,140.9734,42.55,4.9,mb,reviewed,"223 km SSE of Tateyama, Japan"
2015-07-12 17:52:06.170000+00:00,33.0229,131.7493,53.0,5.5,mww,reviewed,"12 km SSW of Usuki, Japan"
2015-07-13 23:21:58.800000+00:00,30.8901,142.0087,18.11,5.1,mb,reviewed,"Izu Islands, Japan region"
2015-07-16 01:15:09.300000+00:00,41.3872,142.5513,36.46,4.9,mb,reviewed,"106 km S of Shizunai-furukawach?, Japan"
2015-07-16 17:15:51.790000+00:00,33.2913,139.4805,18.18,4.6,mb,reviewed,"161 km SSE of Shimoda, Japan"
2015-07-18 17:13:21.250000+00:00,31.0298,131.4774,27.78,4.7,mwr,reviewed,"55 km SSE of Kushima, Japan"
2015-07-22 04:51:35.840000+00:00,33.6059,141.162,35.81,4.9,mwr,reviewed,"187 km SSE of Katsuura, Japan"
2015-07-23 12:51:49.920000+00:00,37.0407,144.7235,35.57,5.1,mb,reviewed,"off the east coast of Honshu, Japan"
2015-07-24 19:30:57.590000+00:00,35.5434,141.1158,34.78,4.8,mwr,reviewed,"33 km SE of Hasaki, Japan"
2015-08-01 21:51:42.150000+00:00,30.6746,131.4282,34.42,4.8,mb,reviewed,"41 km E of Nishinoomote, Japan"
2015-08-03 05:30:11.290000+00:00,37.7836,141.5287,43.15,5.0,mwr,reviewed,"57 km NE of Namie, Japan"
2015-08-06 09:22:29.530000+00:00,36.4517,140.5954,52.78,5.2,mww,reviewed,"3 km ESE of Funaishikawa, Japan"
2015-08-08 12:57:58.240000+00:00,42.9916,145.7769,39.26,4.5,mb,reviewed,"40 km SSE of Nemuro, Japan"
2015-08-10 02:34:45.720000+00:00,38.8813,141.6603,70.47,4.7,mb,reviewed,"21 km SSW of ?funato, Japan"
2015-08-11 11:05:39.550000+00:00,42.9392,145.493,22.13,4.6,mb,reviewed,"43 km S of Nemuro, Japan"
2015-08-14 04:43:44.730000+00:00,42.6447,143.1818,87.33,5.2,mb,reviewed,"30 km S of Obihiro, Japan"
2015-08-17 11:40:33.820000+00:00,30.8186,131.0266,7.83,5.1,mb,reviewed,"9 km NNE of Nishinoomote, Japan"
2015-08-18 19:16:58.650000+00:00,34.4561,140.4756,78.94,4.6,mb,reviewed,"77 km S of Katsuura, Japan"
2015-08-20 12:57:32.850000+00:00,38.7426,142.1189,46.81,4.6,mb,reviewed,"50 km SE of ?funato, Japan"
2015-08-22 12:14:04.190000+00:00,41.808,142.8143,43.39,4.7,mb,reviewed,"69 km SSE of Shizunai-furukawach?, Japan"
2015-08-24 05:49:45.580000+00:00,37.32,141.1056,12.2,4.8,mb,reviewed,"20 km SSE of Namie, Japan"
2015-08-25 22:51:36.710000+00:00,32.0765,131.733,36.49,5.2,mwr,reviewed,"22 km ESE of Takanabe, Japan"
2015-08-27 03:23:13.520000+00:00,42.7206,142.2235,127.27,4.5,mb,reviewed,"44 km NNW of Shizunai-furukawach?, Japan"
2015-08-28 14:46:20.180000+00:00,36.3989,140.8818,34.97,5.0,mb,reviewed,"28 km ENE of ?arai, Japan"
2015-08-31 13:55:47.410000+00:00,39.754,143.5562,24.73,4.6,mb,reviewed,"139 km E of Miyako, Japan"
2015-09-01 15:25:09.520000+00:00,31.1806,141.6,8.0,6.0,mww,reviewed,"Izu Islands, Japan region"
2015-09-03 10:14:45.860000+00:00,31.1454,141.8178,10.0,4.6,mb,reviewed,"Izu Islands, Japan region"
2015-09-03 16:51:47.750000+00:00,37.1958,143.4691,10.0,5.4,mww,reviewed,"221 km E of Namie, Japan"
2015-09-05 03:13:14.660000+00:00,38.5528,141.8333,52.72,4.7,mb,reviewed,"48 km ENE of Ishinomaki, Japan"
2015-09-06 07:40:48.650000+00:00,31.2807,141.8553,10.0,5.0,mb,reviewed,"Izu Islands, Japan region"
2015-09-08 16:23:51.110000+00:00,30.1296,143.2411,10.0,4.7,mb,reviewed,"Izu Islands, Japan region"
2015-09-10 21:06:54.640000+00:00,31.2085,142.1514,26.33,4.7,mb,reviewed,"Izu Islands, Japan region"
2015-09-12 13:38:01.860000+00:00,41.8968,142.6522,49.0,5.4,mww,reviewed,"53 km SSE of Shizunai-furukawach?, Japan"
2015-09-15 08:12:08.110000+00:00,31.2136,142.0378,32.22,4.8,mb,reviewed,"Izu Islands, Japan region"
2015-09-21 04:11:35.030000+00:00,35.4221,143.5845,22.3,4.7,mb,reviewed,"251 km E of Hasaki, Japan"
2015-09-24 10:04:59.470000+00:00,39.7339,143.3047,22.83,4.9,mb,reviewed,"117 km E of Miyako, Japan"
2015-09-26 09:49:47.390000+00:00,42.2288,142.0037,85.8,5.0,mb,reviewed,"32 km WSW of Shizunai-furukawach?, Japan"
2015-09-29 08:46:50.590000+00:00,40.3094,143.6835,10.0,5.2,mwr,reviewed,"166 km ENE of Miyako, Japan"
2015-09-30 09:07:16.260000+00:00,31.3913,141.8825,10.0,4.8,mb,reviewed,"Izu Islands, Japan region"
2015-10-04 14:23:21.310000+00:00,37.7361,142.9359,10.0,4.5,mb,reviewed,"162 km ESE of Ishinomaki, Japan"
2015-10-06 09:32:07.350000+00:00,38.7091,142.191,32.79,4.7,mwr,reviewed,"57 km SE of ?funato, Japan"
2015-10-08 11:03:28.230000+00:00,39.9188,143.6216,14.82,4.5,mb,reviewed,"147 km ENE of Miyako, Japan"
2015-10-10 18:30:53.590000+00:00,30.8279,142.0504,25.86,4.5,mb,reviewed,"Izu Islands, Japan region"
2015-10-15 15:01:34.510000+00:00,37.0207,143.2682,13.47,4.8,mb,reviewed,"207 km ESE of Namie, Japan"
2015-10-16 10:32:08.280000+00:00,37.1908,144.4065,39.51,4.5,mb,reviewed,"off the east coast of Honshu, Japan"
2015-10-18 00:47:41.030000+00:00,41.5347,142.0078,64.81,4.8,mb,reviewed,"71 km ENE of Mutsu, Japan"
2015-10-20 08:36:45.300000+00:00,39.4465,143.9767,24.2,4.7,mb,reviewed,"174 km E of Yamada, Japan"
2015-10-21 06:04:49.160000+00:00,37.3186,141.0771,24.16,5.3,mww,reviewed,"19 km SSE of Namie, Japan"
2015-10-22 16:18:50.320000+00:00,39.3875,141.9353,45.92,4.8,mwr,reviewed,"3 km NE of ?tsuchi, Japan"
2015-10-24 04:13:56.830000+00:00,35.7075,140.1765,64.5,4.6,mb,reviewed,"near the east coast of Honshu, Japan"
2015-10-25 08:15:25.320000+00:00,35.5319,138.9846,24.88,4.6,mb,reviewed,"9 km S of ?tsuki, Japan"
2015-10-26 12:34:15.870000+00:00,35.4634,135.8335,342.67,4.6,mb,reviewed,"8 km ESE of Obama, Japan"
2015-10-27 20:42:49.710000+00:00,37.1257,142.0087,29.37,4.8,mb,reviewed,"97 km ESE of Namie, Japan"
2015-11-01 03:48:47.450000+00:00,41.5774,141.9855,47.0,5.4,mwb,reviewed,"71 km ENE of Mutsu, Japan"
2015-11-01 12:12:08.980000+00:00,39.0915,142.3476,36.33,4.7,mb,reviewed,"46 km ESE of Kamaishi, Japan"
2015-11-04 13:47:50.300000+00:00,43.3348,146.1094,95.65,5.0,mb,reviewed,"43 km E of Nemuro, Japan"
2015-11-05 18:02:54.050000+00:00,39.427,143.4135,10.0,5.0,mb,reviewed,"126 km E of Yamada, Japan"
2015-11-07 13:44:44.720000+00:00,35.9067,139.9683,107.5,5.0,mww,reviewed,"4 km SW of Moriya, Japan"
2015-11-10 14:12:46.490000+00:00,39.6775,143.0095,29.7,4.8,mb,reviewed,"91 km E of Miyako, Japan"
2015-11-13 05:12:14.240000+00:00,38.9715,141.6055,72.69,4.5,mb,reviewed,"14 km SW of ?funato, Japan"
2015-11-14 10:21:42.400000+00:00,37.9417,143.8515,27.37,5.2,mww,reviewed,"224 km SE of ?funato, Japan"
2015-11-15 17:11:42.550000+00:00,42.4365,143.1909,101.81,4.8,mb,reviewed,"53 km S of Obihiro, Japan"
2015-11-17 00:38:16.760000+00:00,38.4685,144.7801,26.31,4.6,mb,reviewed,"268 km ESE of Kamaishi, Japan"
2015-11-19 09:33:03.260000+00:00,37.5286,141.4337,56.03,4.9,mb,reviewed,"38 km E of Namie, Japan"
2015-11-19 18:25:10.590000+00:00,38.2437,142.5743,29.52,4.5,mb,reviewed,"113 km E of Ishinomaki, Japan"
2015-11-22 00:37:13.450000+00:00,42.8756,146.2574,33.35,4.9,mb,reviewed,"74 km SE of Nemuro, Japan"
2015-11-25 04:46:50.780000+00:00,31.4331,140.1479,124.67,5.0,mb,reviewed,"Izu Islands, Japan region"
2015-11-27 12:51:04.380000+00:00,40.2609,142.1778,35.0,4.6,mb,reviewed,"63 km ESE of Hachinohe, Japan"
2015-12-02 06:48:06.490000+00:00,38.8846,144.7247,22.38,4.8,mb,reviewed,"248 km ESE of Yamada, Japan"
2015-12-07 16:22:35.380000+00:00,36.1457,140.7366,50.6,4.7,mb,reviewed,"21 km NNE of Kashima-shi, Japan"
2015-12-12 21:05:53.150000+00:00,38.9325,141.8626,53.38,4.5,mb,reviewed,"19 km SE of ?funato, Japan"
2015-12-14 20:32:58.130000+00:00,36.3954,142.5381,23.07,4.6,mb,reviewed,"164 km ESE of Iwaki, Japan"
2015-12-15 22:07:20.800000+00:00,42.8282,146.4832,33.05,4.6,mb,reviewed,"92 km SE of Nemuro, Japan"
2015-12-17 18:12:00.420000+00:00,42.8616,146.4181,32.68,4.8,mb,reviewed,"85 km SE of Nemuro, Japan"
2015-12-18 18:41:05.330000+00:00,38.8083,141.7815,60.44,4.6,mb,reviewed,"29 km S of ?funato, Japan"
2015-12-20 00:10:22.480000+00:00,38.4967,144.7694,10.0,4.5,mb,reviewed,"266 km ESE of Kamaishi, Japan"
2015-12-21 16:59:27.670000+00:00,38.1966,141.8479,57.1,4.6,mb,reviewed,"53 km ESE of Ishinomaki, Japan"
2015-12-25 16:42:28.070000+00:00,39.7714,141.292,48.06,4.7,mb,reviewed,"14 km ENE of Morioka, Japan"
2015-12-30 11:53:51.690000+00:00,40.9013,142.7915,51.54,4.5,mb,reviewed,"117 km ENE of Hachinohe, Japan"
2016-01-01 08:46:58.690000+00:00,33.0632,141.5632,10.0,4.6,mb,reviewed,"258 km SSE of Katsuura, Japan"
2016-01-05 02:21:11.340000+00:00,30.6132,132.7337,4.71,5.8,mww,reviewed,"166 km E of Nishinoomote, Japan"
2016-01-07 00:15:20.990000+00:00,42.6207,145.6003,55.69,4.5,mb,reviewed,"78 km S of Nemuro, Japan"
2016-01-11 17:08:03.920000+00:00,44.4761,141.0867,238.81,6.2,mww,reviewed,"74 km NW of Rumoi, Japan"
2016-01-14 03:25:33.640000+00:00,41.9723,142.781,46.0,6.7,mww,reviewed,"52 km SE of Shizunai-furukawach?, Japan"
2016-01-17 13:01:12.220000+00:00,30.6448,132.7969,10.0,4.8,mb,reviewed,"172 km E of Nishinoomote, Japan"
2016-01-20 21:53:41.490000+00:00,43.1102,146.0168,38.44,5.1,mb,reviewed,"43 km ESE of Nemuro, Japan"
2016-01-23 15:57:00.060000+00:00,43.2468,145.6536,100.96,4.8,mb,reviewed,"10 km SE of Nemuro, Japan"
2016-01-26 11:37:43.080000+00:00,38.2347,141.8871,49.17,4.6,mb,reviewed,"55 km ESE of Ishinomaki, Japan"
2016-01-28 20:47:27.800000+00:00,38.1901,141.9192,38.28,4.6,mb,reviewed,"59 km ESE of Ishinomaki, Japan"
2016-02-02 05:31:47.770000+00:00,39.7102,142.9463,12.23,5.3,mww,reviewed,"86 km E of Miyako, Japan"
2016-02-03 17:59:40.830000+00:00,36.8951,141.1963,10.0,4.7,mb,reviewed,"32 km ESE of Iwaki, Japan"
2016-02-05 07:02:19.470000+00:00,36.3763,139.1204,140.31,4.6,mb,reviewed,"4 km SE of Maebashi, Japan"
2016-02-07 01:09:48.700000+00:00,36.7648,140.5468,4.9,4.6,mb,reviewed,"16 km WNW of Takahagi, Japan"
2016-02-14 18:09:26.290000+00:00,30.2966,138.8823,410.0,5.7,mww,reviewed,"Izu Islands, Japan region"
2016-02-19 13:13:52.380000+00:00,37.2534,142.2432,18.86,5.1,mww,reviewed,"113 km ESE of Namie, Japan"
2016-02-21 18:03:26.920000+00:00,37.4664,141.7496,14.15,4.8,mb,reviewed,"66 km E of Namie, Japan"
2016-02-24 16:10:50.690000+00:00,38.2908,141.875,39.93,4.5,mwr,reviewed,"52 km ESE of Ishinomaki, Japan"
2016-02-26 19:58:17.490000+00:00,37.6008,142.0147,19.41,4.8,mb,reviewed,"90 km E of Namie, Japan"
2016-02-29 08:11:58.350000+00:00,30.4573,139.1626,10.0,4.7,mb,reviewed,"Izu Islands, Japan region"
2016-03-03 07:11:16.090000+00:00,31.7483,131.4272,55.49,5.3,mb,reviewed,"17 km NNE of Nichinan, Japan"
2016-03-05 00:33:21.930000+00:00,41.6536,144.2304,14.06,5.1,mb,reviewed,"147 km S of Kushiro, Japan"
2016-03-06 09:08:23.410000+00:00,36.7073,141.7336,31.36,4.5,mb,reviewed,"84 km ESE of Iwaki, Japan"
2016-03-12 00:24:08.440000+00:00,32.1842,141.8631,31.5,4.6,mb,reviewed,"Izu Islands, Japan region"
2016-03-13 02:07:37.420000+00:00,42.0204,142.5316,58.47,4.6,mb,reviewed,"37 km SSE of Shizunai-furukawach?, Japan"
2016-03-15 05:05:23.890000+00:00,39.4546,143.3736,13.31,4.8,mb,reviewed,"122 km E of Yamada, Japan"
2016-03-16 16:15:15.330000+00:00,41.0237,141.924,59.02,4.5,mb,reviewed,"58 km NE of Misawa, Japan"
2016-03-17 18:59:22.650000+00:00,39.4698,142.2424,51.42,4.7,mb,reviewed,"25 km E of Yamada, Japan"
2016-03-20 07:46:23.730000+00:00,31.0208,141.4019,72.76,4.5,mb,reviewed,"Izu Islands, Japan region"
2016-03-22 05:34:22.030000+00:00,36.8213,140.6071,10.0,4.8,mb,reviewed,"13 km WNW of Kitaibaraki, Japan"
2016-03-24 07:57:38.060000+00:00,43.3095,145.4071,98.83,4.7,mb,reviewed,"Hokkaido, Japan region"
2016-03-25 21:43:04.420000+00:00,31.5235,140.0249,55.93,4.7,mb,reviewed,"Izu Islands, Japan region"
2016-03-27 07:35:47.360000+00:00,33.5331,141.118,47.67,4.5,mb,reviewed,"193 km SSE of Katsuura, Japan"
2016-03-30 05:09:58.960000+00:00,42.9194,144.6956,54.16,4.8,mb,reviewed,"26 km ESE of Kushiro, Japan"
2016-04-01 02:39:08.050000+00:00,33.3807,136.3901,14.0,5.9,mww,reviewed,"54 km SE of Shing?, Japan"
2016-04-03 15:34:23.860000+00:00,36.5503,142.5338,10.0,4.7,mb,reviewed,"157 km ESE of Iwaki, Japan"
2016-04-06 06:31:49.770000+00:00,39.1548,144.2494,27.32,4.5,mb,reviewed,"201 km E of Yamada, Japan"
2016-04-09 00:22:13.690000+00:00,38.5866,147.5573,10.0,4.7,mb,reviewed,"off the east coast of Honshu, Japan"
2016-04-10 08:48:27.030000+00:00,31.9464,142.3384,10.0,4.5,mb,reviewed,"Izu Islands, Japan region"
2016-04-11 10:23:47.630000+00:00,32.1192,141.7638,27.34,4.7,mb,reviewed,"Izu Islands, Japan region"
2016-04-13 04:46:39.390000+00:00,37.1127,141.9738,23.22,4.6,mb,reviewed,"95 km ESE of Namie, Japan"
2016-04-14 12:26:35.730000+00:00,32.788,130.7042,9.0,6.2,mww,reviewed,"2 km SSE of Kumamoto, Japan"
2016-04-15 16:25:06.220000+00:00,32.7906,130.7543,10.0,7.0,mww,reviewed,"6 km ESE of Kumamoto, Japan"
2016-04-17 10:23:41.130000+00:00,32.6991,130.5764,3.47,4.7,mb,reviewed,"8 km WNW of Uto, Japan"
2016-04-18 11:42:00.220000+00:00,33.0143,131.0991,10.46,5.5,mww,reviewed,"8 km NNE of Aso, Japan"
2016-04-19 08:52:14.800000+00:00,32.5574,130.6136,5.4,5.3,mww,reviewed,"6 km NNE of Honmachi, Japan"
2016-04-20 12:19:43.950000+00:00,37.8013,141.6216,33.11,5.9,mww,reviewed,"65 km ENE of Namie, Japan"
2016-04-22 05:28:25.100000+00:00,40.5462,144.6922,29.25,4.5,mb,reviewed,"254 km ENE of Miyako, Japan"
2016-04-24 21:51:23.110000+00:00,38.913,142.0351,40.63,4.5,mb,reviewed,"32 km ESE of ?funato, Japan"
2016-04-26 15:01:24.830000+00:00,38.2124,141.6444,43.98,5.0,mb,reviewed,"37 km SE of Ishinomaki, Japan"
2016-04-28 06:30:52.390000+00:00,32.7625,130.4733,10.0,4.9,mb,reviewed,"10 km ESE of Shimabara, Japan"
2016-04-29 20:10:12.710000+00:00,33.1143,140.4294,64.65,4.6,mb,reviewed,"213 km SSE of Tateyama, Japan"
2016-05-02 07:26:52.300000+00:00,39.8936,144.9225,28.94,4.9,mb,reviewed,"256 km E of Miyako, Japan"
2016-05-04 16:10:20.630000+00:00,38.5152,141.7505,46.06,4.6,mwr,reviewed,"40 km ENE of Ishinomaki, Japan"
2016-05-12 17:43:39.570000+00:00,37.5473,141.8511,34.96,4.7,mb,reviewed,"75 km E of Namie, Japan"
2016-05-15 01:10:45.070000+00:00,39.3322,142.0906,54.97,4.7,mb,reviewed,"16 km ESE of ?tsuchi, Japan"
2016-05-16 12:23:02.500000+00:00,36.023,139.806,44.51,5.4,mww,reviewed,"6 km NE of Kasukabe, Japan"
2016-05-17 11:36:56.750000+00:00,30.7743,142.1614,10.0,4.7,mb,reviewed,"Izu Islands, Japan region"
2016-05-21 06:06:42.150000+00:00,30.9561,140.0808,124.52,5.5,mww,reviewed,"Izu Islands, Japan region"
2016-05-24 09:48:03.510000+00:00,40.1302,141.9534,35.0,4.6,mb,reviewed,"53 km N of Miyako, Japan"
2016-05-25 05:22:47.020000+00:00,41.0398,142.2019,54.89,4.9,mb,reviewed,"78 km ENE of Misawa, Japan"
2016-05-26 20:07:51.690000+00:00,41.1621,142.9061,50.51,4.5,mb,reviewed,"137 km SSE of Shizunai-furukawach?, Japan"
2016-05-28 09:01:26.450000+00:00,33.7551,139.7363,150.18,4.6,mb,reviewed,"125 km SE of Shimoda, Japan"
2016-06-08 00:56:39.650000+00:00,30.0364,131.1389,19.42,4.8,mb,reviewed,"61 km SE of Koseda, Japan"
2016-06-09 05:54:31.290000+00:00,32.7173,141.9288,10.0,4.9,mb,reviewed,"Izu Islands, Japan region"
2016-06-10 12:07:03.840000+00:00,38.3646,144.5763,35.0,5.0,mww,reviewed,"256 km ESE of Kamaishi, Japan"
2016-06-11 22:54:22.410000+00:00,35.9783,139.9693,34.71,5.0,mb,reviewed,"4 km SSW of Mitsukaid?, Japan"
2016-06-13 16:01:09.810000+00:00,32.4364,141.5353,14.04,4.5,mb,reviewed,"Izu Islands, Japan region"
2016-06-16 05:21:29.270000+00:00,41.9836,140.9353,14.3,5.2,mww,reviewed,"22 km ENE of Honch?, Japan"
2016-06-18 11:46:55.880000+00:00,32.677,130.584,9.43,4.8,mb,reviewed,"7 km W of Uto, Japan"
2016-06-20 15:10:08.980000+00:00,41.9926,141.0478,12.95,4.6,mb,reviewed,"31 km ENE of Honch?, Japan"
2016-06-23 18:44:31.630000+00:00,37.7451,144.8921,11.33,4.6,mb,reviewed,"off the east coast of Honshu, Japan"
2016-06-25 04:51:58.880000+00:00,36.8031,137.9357,10.0,4.6,mb,reviewed,"13 km NNE of Hakuba, Japan"
2016-06-26 22:57:06.150000+00:00,36.9968,142.2226,12.82,5.7,mww,reviewed,"119 km E of Iwaki, Japan"
2016-06-29 18:12:38.310000+00:00,39.7272,144.8774,10.0,5.0,mb,reviewed,"252 km E of Miyako, Japan"
2016-07-01 05:39:58.300000+00:00,33.5263,131.7613,78.9,4.9,mb,reviewed,"17 km NE of Kitsuki, Japan"
2016-07-04 00:55:04.170000+00:00,42.7636,145.4803,50.37,4.6,mb,reviewed,"62 km S of Nemuro, Japan"
2016-07-05 03:46:12.830000+00:00,35.755,141.0072,39.21,4.5,mb,reviewed,"near the east coast of Honshu, Japan"
2016-07-09 00:54:37.750000+00:00,37.1676,141.3063,45.46,4.5,mb,reviewed,"39 km ENE of Iwaki, Japan"
2016-07-11 20:54:19.730000+00:00,33.4277,139.3565,10.0,4.8,mb,reviewed,"143 km SSE of Shimoda, Japan"
2016-07-12 21:24:53.480000+00:00,33.3348,139.2983,10.49,4.6,mb,reviewed,"152 km SSE of Shimoda, Japan"
2016-07-14 02:17:25.900000+00:00,33.4441,139.362,10.0,4.8,mwr,reviewed,"142 km SSE of Shimoda, Japan"
2016-07-17 04:24:01.860000+00:00,36.0052,139.9227,40.22,5.0,mb,reviewed,"5 km SSE of Iwai, Japan"
2016-07-17 15:08:12.390000+00:00,36.8496,141.9506,21.06,4.5,mb,reviewed,"97 km ESE of Iwaki, Japan"
2016-07-19 22:25:32.210000+00:00,35.9914,140.0323,39.28,5.0,mb,reviewed,"5 km ESE of Mitsukaid?, Japan"
2016-07-21 10:00:02.390000+00:00,32.645,139.8944,123.42,4.5,mb,reviewed,"241 km SSE of Shimoda, Japan"
2016-07-24 02:51:19.350000+00:00,42.9362,143.2121,87.2,4.8,mww,reviewed,"2 km NNE of Obihiro, Japan"
2016-07-25 16:58:22.320000+00:00,32.4161,141.8303,10.0,4.7,mb,reviewed,"Izu Islands, Japan region"
2016-07-27 14:47:17.010000+00:00,36.492,140.7576,46.0,5.3,mww,reviewed,"15 km SE of Hitachi, Japan"
2016-08-02 16:10:34.060000+00:00,35.3774,140.4533,18.9,4.6,mb,reviewed,"15 km ESE of Mobara, Japan"
2016-08-04 12:01:17.370000+00:00,39.0858,142.3567,55.21,4.5,mb,reviewed,"47 km ESE of Kamaishi, Japan"
2016-08-13 20:15:07.190000+00:00,34.5221,140.3732,38.44,5.2,mb,reviewed,"68 km SSE of Kamogawa, Japan"
2016-08-15 07:04:41.020000+00:00,37.4115,141.7203,33.0,5.6,mww,reviewed,"64 km E of Namie, Japan"
2016-08-20 09:01:26.210000+00:00,40.3942,143.6796,10.0,6.0,mww,reviewed,"170 km ENE of Miyako, Japan"
2016-08-20 15:58:04.590000+00:00,40.3135,143.7281,11.0,5.8,mww,reviewed,"169 km ENE of Miyako, Japan"
2016-08-21 23:13:09.630000+00:00,39.7547,143.637,5.79,5.3,mww,reviewed,"145 km E of Miyako, Japan"
2016-08-25 17:04:43.270000+00:00,30.6141,137.8537,456.0,5.9,mww,reviewed,"Izu Islands, Japan region"
2016-08-27 13:46:28.190000+00:00,36.0602,139.8829,44.3,4.5,mb,reviewed,"1 km NW of Iwai, Japan"
2016-08-30 08:07:39.750000+00:00,37.4056,141.6863,45.55,4.8,mb,reviewed,"61 km E of Namie, Japan"
2016-08-30 20:04:47.850000+00:00,36.3307,141.7889,23.07,4.9,mb,reviewed,"105 km ESE of Takahagi, Japan"
2016-08-31 21:33:49.530000+00:00,32.7389,130.5806,9.74,4.6,mwr,reviewed,"10 km NW of Uto, Japan"
2016-09-02 13:29:37.300000+00:00,34.4547,141.4975,10.0,5.3,mb,reviewed,"132 km SE of Katsuura, Japan"
2016-09-03 12:26:43.460000+00:00,31.4495,138.4886,326.69,5.0,mb,reviewed,"Izu Islands, Japan region"
2016-09-05 16:24:17.290000+00:00,34.4522,141.6378,24.51,4.6,mb,reviewed,"143 km ESE of Katsuura, Japan"
2016-09-07 09:42:03.470000+00:00,42.3797,142.638,112.09,5.0,mb,reviewed,"22 km ENE of Shizunai-furukawach?, Japan"
2016-09-08 05:10:45.340000+00:00,31.2445,138.4459,358.15,4.7,mb,reviewed,"Izu Islands, Japan region"
2016-09-09 11:53:15.470000+00:00,36.3925,141.1259,32.09,5.4,mww,reviewed,"48 km ESE of Hitachi, Japan"
2016-09-11 02:55:34.670000+00:00,34.4556,141.7336,10.0,4.6,mb,reviewed,"150 km ESE of Katsuura, Japan"
2016-09-12 16:46:35.650000+00:00,34.7501,140.6896,39.68,4.7,mb,reviewed,"55 km SE of Katsuura, Japan"
2016-09-13 10:12:26.500000+00:00,35.8978,139.7844,74.0,5.0,mww,reviewed,"near the south coast of Honshu, Japan"
2016-09-14 20:16:05.520000+00:00,34.5183,141.5402,10.0,4.6,mb,reviewed,"131 km ESE of Katsuura, Japan"
2016-09-17 13:39:45.300000+00:00,38.6524,142.2755,38.05,4.6,mb,reviewed,"67 km SE of ?funato, Japan"
2016-09-20 16:21:16.550000+00:00,30.5017,142.0478,9.0,6.1,mww,reviewed,"Izu Islands, Japan region"
2016-09-23 00:14:34.700000+00:00,34.4619,141.6368,10.0,6.2,mww,reviewed,"142 km ESE of Katsuura, Japan"
2016-09-23 15:05:17.090000+00:00,30.4921,141.7943,35.0,5.1,mww,reviewed,"Izu Islands, Japan region"
2016-09-24 10:52:07.190000+00:00,34.5403,141.5769,10.0,4.9,mb,reviewed,"133 km ESE of Katsuura, Japan"
2016-09-26 05:13:25.570000+00:00,41.699,143.0782,33.73,5.3,mww,reviewed,"91 km SE of Shizunai-furukawach?, Japan"
2016-09-27 19:22:24.960000+00:00,34.6211,141.7212,21.0,4.6,mb,reviewed,"139 km ESE of ?hara, Japan"
2016-09-29 23:21:01.710000+00:00,34.523,141.792,10.0,5.1,mww,reviewed,"151 km ESE of ?hara, Japan"
2016-10-01 09:40:22.780000+00:00,34.7322,141.688,10.0,4.9,mb,reviewed,"131 km ESE of ?hara, Japan"
2016-10-02 23:54:34.540000+00:00,34.7174,142.0957,29.72,4.6,mb,reviewed,"160 km SE of Hasaki, Japan"
2016-10-04 12:13:49.040000+00:00,34.7267,141.4434,19.44,5.2,mww,reviewed,"111 km ESE of ?hara, Japan"
2016-10-05 21:26:33.840000+00:00,34.698,141.8264,10.0,4.9,mb,reviewed,"144 km ESE of ?hara, Japan"
2016-10-07 00:14:21.290000+00:00,42.0042,142.5215,58.02,4.5,mwr,reviewed,"38 km SSE of Shizunai-furukawach?, Japan"
2016-10-08 18:36:26.920000+00:00,42.7916,144.0383,103.78,4.5,mb,reviewed,"34 km SW of Kushiro, Japan"
2016-10-10 16:00:42.440000+00:00,37.8732,141.7661,48.29,4.6,mb,reviewed,"72 km SE of Ishinomaki, Japan"
2016-10-11 19:02:26.480000+00:00,42.2516,143.0788,58.9,4.9,mww,reviewed,"59 km E of Shizunai-furukawach?, Japan"
2016-10-12 16:09:53.490000+00:00,30.5811,142.128,10.0,4.7,mb,reviewed,"Izu Islands, Japan region"
2016-10-13 18:07:27.970000+00:00,36.7415,142.91,10.0,4.5,mb,reviewed,"183 km ESE of Iwaki, Japan"
2016-10-14 18:34:26.570000+00:00,41.4276,142.4225,62.43,4.6,mb,reviewed,"100 km S of Shizunai-furukawach?, Japan"
2016-10-16 06:14:25.530000+00:00,37.8801,140.5109,130.54,4.7,mb,reviewed,"7 km NNW of Hobaramachi, Japan"
2016-10-20 02:49:53.120000+00:00,35.8196,140.5082,18.91,5.3,mww,reviewed,"7 km S of Sawara, Japan"
2016-10-21 05:07:22.990000+00:00,35.3743,133.8092,5.63,6.2,mww,reviewed,"6 km S of Kurayoshi, Japan"
2016-10-24 00:28:57.390000+00:00,40.214,143.9299,34.7,4.8,mb,reviewed,"181 km ENE of Miyako, Japan"
2016-10-25 01:24:15.530000+00:00,34.3419,141.7932,30.68,4.6,mb,reviewed,"off the east coast of Honshu, Japan"
2016-10-29 07:17:13.030000+00:00,39.3539,143.4306,14.16,4.7,mwr,reviewed,"128 km E of Yamada, Japan"
2016-11-01 13:37:43.800000+00:00,33.2318,140.8317,53.09,4.7,mb,reviewed,"213 km SSE of Tateyama, Japan"
2016-11-01 22:37:32.790000+00:00,37.5171,141.7017,14.4,5.0,mb,reviewed,"62 km E of Namie, Japan"
2016-11-03 16:35:09.900000+00:00,39.0099,143.3438,10.0,4.5,mb,reviewed,"130 km ESE of Yamada, Japan"
2016-11-05 07:57:30.430000+00:00,31.7707,131.8507,10.0,4.6,mb,reviewed,"44 km ESE of Miyazaki, Japan"
2016-11-06 15:18:47.910000+00:00,38.8637,140.4624,108.81,4.5,mb,reviewed,"18 km NE of Shinj?, Japan"
2016-11-08 04:30:37.490000+00:00,30.7233,142.2316,31.4,4.5,mb,reviewed,"Izu Islands, Japan region"
2016-11-09 22:20:41.640000+00:00,38.7262,142.1618,48.21,5.0,mww,reviewed,"54 km SE of ?funato, Japan"
2016-11-11 21:42:59.650000+00:00,38.4973,141.5658,42.4,6.1,mww,reviewed,"24 km ENE of Ishinomaki, Japan"
2016-11-13 04:53:47.660000+00:00,31.2744,142.0219,34.1,4.5,mb,reviewed,"Izu Islands, Japan region"
2016-11-14 16:15:47.390000+00:00,35.8883,140.8529,40.08,4.7,mww,reviewed,"17 km N of Hasaki, Japan"
2016-11-19 02:48:01.660000+00:00,33.8144,135.42,41.96,5.3,mww,reviewed,"10 km NNE of Tanabe, Japan"
2016-11-20 21:59:26.990000+00:00,35.9162,140.9682,18.66,5.0,mb,reviewed,"23 km NNE of Hasaki, Japan"
2016-11-21 20:59:49.270000+00:00,37.3931,141.387,9.0,6.9,mww,reviewed,"35 km ESE of Namie, Japan"
2016-11-22 18:45:20.440000+00:00,34.5397,140.0511,113.02,4.9,mb,reviewed,"52 km SSE of Tateyama, Japan"
2016-11-23 21:23:36.900000+00:00,37.2143,141.3209,9.0,5.9,mww,reviewed,"41 km SE of Namie, Japan"
2016-11-25 00:20:02.150000+00:00,37.2907,141.4059,13.6,4.7,mb,reviewed,"41 km ESE of Namie, Japan"
2016-11-26 06:56:16.480000+00:00,30.5921,142.0468,24.78,4.8,mb,reviewed,"Izu Islands, Japan region"
2016-11-27 10:17:55.540000+00:00,37.3555,141.3438,17.0,4.6,mb,reviewed,"33 km ESE of Namie, Japan"
2016-11-29 00:26:24.200000+00:00,39.8228,143.2026,21.8,4.5,mwr,reviewed,"109 km E of Miyako, Japan"
2016-12-02 20:16:24.720000+00:00,35.5798,140.105,73.18,4.7,mb,reviewed,"2 km SSW of Chiba, Japan"
2016-12-04 05:36:11.830000+00:00,37.2609,141.412,14.87,4.9,mb,reviewed,"44 km SE of Namie, Japan"
2016-12-05 16:11:15.170000+00:00,33.9937,142.516,10.0,4.7,mb,reviewed,"239 km ESE of Katsuura, Japan"
2016-12-08 08:15:48.870000+00:00,37.4108,141.5448,8.72,4.6,mwr,reviewed,"48 km E of Namie, Japan"
2016-12-10 04:44:57.310000+00:00,40.179,142.3854,52.02,5.0,mb,reviewed,"70 km NNE of Miyako, Japan"
2016-12-11 13:45:18.580000+00:00,36.5953,144.0493,10.0,4.8,mww,reviewed,"286 km E of Iwaki, Japan"
2016-12-12 20:22:54.520000+00:00,35.7144,144.0854,17.8,4.6,mb,reviewed,"294 km E of Hasaki, Japan"
2016-12-15 17:49:00.410000+00:00,37.3022,141.4909,40.33,4.6,mb,reviewed,"47 km ESE of Namie, Japan"
2016-12-19 16:41:12.080000+00:00,37.3989,141.5612,10.0,5.1,mww,reviewed,"50 km E of Namie, Japan"
2016-12-23 17:25:02.600000+00:00,36.7164,142.0023,23.49,5.1,mb,reviewed,"106 km ESE of Iwaki, Japan"
2016-12-24 09:21:13.670000+00:00,36.8641,141.8251,43.42,4.7,mb,reviewed,"86 km ESE of Iwaki, Japan"
2016-12-25 19:52:42.180000+00:00,35.9812,139.9356,53.9,4.7,mb,reviewed,"5 km SW of Mitsukaid?, Japan"
2016-12-27 11:48:35.530000+00:00,36.4143,141.3259,32.99,4.6,mb,reviewed,"63 km ESE of Hitachi, Japan"
2016-12-28 12:38:49.650000+00:00,36.8604,140.4421,7.0,5.9,mww,reviewed,"13 km NE of Daigo, Japan"
2016-12-30 20:08:26.820000+00:00,37.3732,141.459,9.09,5.1,mww,reviewed,"42 km ESE of Namie, Japan"
2017-01-03 04:38:38.750000+00:00,30.5247,131.1366,32.13,4.8,mb,reviewed,"26 km SSE of Nishinoomote, Japan"
2017-01-04 17:53:20.710000+00:00,37.1515,141.3125,10.0,5.3,mww,reviewed,"39 km ENE of Iwaki, Japan"
2017-01-05 17:39:11.690000+00:00,38.6598,142.3334,31.16,4.6,mb,reviewed,"70 km SE of ?funato, Japan"
2017-01-12 17:04:59.820000+00:00,41.7468,132.9867,497.86,5.4,mww,reviewed,Sea of Japan
2017-01-13 03:25:30.740000+00:00,35.6593,140.772,49.46,5.0,mww,reviewed,"9 km SW of Hasaki, Japan"
2017-01-14 15:19:39.550000+00:00,33.5065,138.217,284.75,4.5,mb,reviewed,"121 km S of ?yama, Japan"
2017-01-16 14:21:49.180000+00:00,40.1945,142.2767,54.29,4.6,mb,reviewed,"67 km NNE of Miyako, Japan"
2017-01-18 08:19:27.010000+00:00,36.4792,140.6508,59.22,4.5,mb,reviewed,"7 km E of Funaishikawa, Japan"
2017-01-21 11:54:32.860000+00:00,40.6446,142.4026,38.71,4.8,mb,reviewed,"78 km ENE of Hachinohe, Japan"
2017-01-22 15:36:43.110000+00:00,32.3472,141.6428,10.0,4.6,mb,reviewed,"Izu Islands, Japan region"
2017-01-24 13:12:08.720000+00:00,40.3769,143.1249,24.91,4.7,mb,reviewed,"129 km NE of Miyako, Japan"
2017-01-26 08:06:30.210000+00:00,40.2435,142.434,42.4,5.1,mww,reviewed,"78 km NNE of Miyako, Japan"
2017-01-28 13:40:29.150000+00:00,39.777,140.7051,146.79,4.9,mww,reviewed,"23 km NNE of Kakunodatemachi, Japan"
2017-01-31 18:43:01.340000+00:00,38.2792,142.3718,17.2,4.6,mb,reviewed,"94 km E of Ishinomaki, Japan"
2017-02-03 14:15:33.960000+00:00,37.3693,141.3087,24.95,4.8,mb,reviewed,"30 km ESE of Namie, Japan"
2017-02-06 11:58:06.700000+00:00,33.6378,142.4697,16.87,5.0,mb,reviewed,"259 km SE of Katsuura, Japan"
2017-02-07 11:03:59.970000+00:00,36.7597,140.5787,35.84,4.6,mb,reviewed,"13 km WNW of Takahagi, Japan"
2017-02-10 21:05:26.550000+00:00,37.2748,141.7038,6.78,5.2,mww,reviewed,"66 km ESE of Namie, Japan"
2017-02-12 13:36:55.050000+00:00,40.2182,142.3081,43.59,5.0,mb,reviewed,"70 km NNE of Miyako, Japan"
2017-02-13 19:18:56.370000+00:00,41.9521,142.3478,64.57,4.6,mb,reviewed,"42 km S of Shizunai-furukawach?, Japan"
2017-02-15 19:41:00.930000+00:00,37.196,135.2654,367.36,4.5,mb,reviewed,Sea of Japan
2017-02-19 09:19:31.080000+00:00,35.6621,140.7523,42.0,5.4,mww,reviewed,"10 km SW of Hasaki, Japan"
2017-02-23 23:54:51.720000+00:00,39.9021,143.1389,26.51,4.5,mb,reviewed,"off the east coast of Honshu, Japan"
2017-02-25 16:03:44.260000+00:00,31.1548,140.3244,100.69,4.9,mb,reviewed,"Izu Islands, Japan region"
2017-02-27 04:32:42.570000+00:00,31.6255,141.7465,11.04,4.9,mb,reviewed,"Izu Islands, Japan region"
2017-02-28 07:49:02.860000+00:00,37.5666,141.3347,47.0,5.7,mww,reviewed,"30 km ENE of Namie, Japan"
2017-03-01 06:43:05.520000+00:00,37.5691,141.411,53.9,5.0,mb,reviewed,"37 km ENE of Namie, Japan"
2017-03-02 14:53:42.590000+00:00,32.6336,132.1018,44.42,5.3,mww,reviewed,"39 km SSE of Saiki, Japan"
2017-03-03 17:46:58.260000+00:00,30.779,141.8316,28.31,4.5,mb,reviewed,"Izu Islands, Japan region"
2017-03-05 01:18:54.450000+00:00,35.6617,140.8647,44.03,4.8,mwr,reviewed,"8 km SSE of Hasaki, Japan"
2017-03-07 16:08:19.040000+00:00,41.5149,141.9022,56.0,5.7,mww,reviewed,"62 km ENE of Mutsu, Japan"
2017-03-07 19:51:54.500000+00:00,39.8478,143.073,26.53,4.7,mb,reviewed,"99 km ENE of Miyako, Japan"
2017-03-09 02:25:25.840000+00:00,34.5531,140.5047,55.11,4.8,mb,reviewed,"68 km SSE of Katsuura, Japan"
2017-03-11 18:48:41.030000+00:00,30.9973,130.3866,138.29,5.3,mww,reviewed,"30 km SSE of Makurazaki, Japan"
2017-03-14 03:56:48.500000+00:00,42.7204,142.6763,90.15,4.7,mwr,reviewed,"48 km WSW of Obihiro, Japan"
2017-03-14 06:56:38.670000+00:00,31.6332,141.733,10.0,4.7,mb,reviewed,"Izu Islands, Japan region"
2017-03-17 06:57:11.750000+00:00,30.436,130.6569,63.5,4.9,mwr,reviewed,"5 km N of Koseda, Japan"
2017-03-19 11:35:43.650000+00:00,35.6863,140.2471,60.47,4.5,mb,reviewed,"3 km SSE of Sakura, Japan"
2017-03-22 00:21:02.180000+00:00,37.3984,141.5444,14.24,4.6,mb,reviewed,"49 km E of Namie, Japan"
2017-03-24 02:43:50.970000+00:00,36.1744,142.4942,10.0,4.8,mb,reviewed,"157 km ENE of Hasaki, Japan"
2017-03-27 22:31:21.050000+00:00,42.0424,138.5495,5.19,5.1,mww,reviewed,"175 km W of Kamiiso, Japan"
2017-04-01 09:14:02.640000+00:00,33.4349,140.8802,49.41,4.6,mb,reviewed,"195 km SSE of Tateyama, Japan"
2017-04-02 18:15:03.010000+00:00,31.0876,141.7113,20.05,4.5,mb,reviewed,"Izu Islands, Japan region"
2017-04-05 10:42:53.300000+00:00,31.1342,141.9411,24.71,4.7,mb,reviewed,"Izu Islands, Japan region"
2017-04-08 22:20:13.970000+00:00,37.5583,141.5641,42.61,4.8,mwr,reviewed,"50 km E of Namie, Japan"
2017-04-09 18:10:39.380000+00:00,38.3016,141.8625,55.19,4.5,mb,reviewed,"50 km ESE of Ishinomaki, Japan"
2017-04-11 18:10:49.200000+00:00,36.162,140.1848,63.27,4.8,mb,reviewed,"7 km WSW of Ishioka, Japan"
2017-04-14 14:01:22.750000+00:00,36.8616,138.5658,10.0,4.5,mb,reviewed,"17 km E of Iiyama, Japan"
2017-04-17 17:39:01.520000+00:00,34.5749,140.4045,76.58,4.7,mb,reviewed,"63 km S of Katsuura, Japan"
2017-04-19 17:15:34.560000+00:00,37.3094,141.8,38.46,5.0,mb,reviewed,"73 km ESE of Namie, Japan"
2017-04-29 12:32:34.130000+00:00,30.815,131.4147,31.0,5.7,mww,reviewed,"40 km ENE of Nishinoomote, Japan"
2017-04-30 14:42:35.390000+00:00,42.308,142.9945,57.98,5.3,mww,reviewed,"51 km E of Shizunai-furukawach?, Japan"
2017-05-04 04:44:29.390000+00:00,30.8082,131.4164,30.77,4.8,mb,reviewed,"40 km ENE of Nishinoomote, Japan"
2017-05-06 14:23:17.380000+00:00,33.16,140.7457,63.57,4.9,mb,reviewed,"217 km SSE of Tateyama, Japan"
2017-05-11 11:21:26.450000+00:00,32.7276,130.6055,10.0,4.8,mb,reviewed,"7 km NW of Uto, Japan"
2017-05-20 11:26:28.220000+00:00,39.952,143.555,11.19,4.9,mww,reviewed,"142 km ENE of Miyako, Japan"
2017-05-23 14:16:54.400000+00:00,30.8323,131.386,21.22,4.6,mb,reviewed,"38 km ENE of Nishinoomote, Japan"
2017-05-24 14:35:00.450000+00:00,32.4132,131.061,126.35,4.5,mb,reviewed,"36 km NE of Hitoyoshi, Japan"
2017-05-25 17:33:23.150000+00:00,42.0205,142.663,66.3,4.6,mb,reviewed,"42 km SE of Shizunai-furukawach?, Japan"
2017-05-27 13:50:04.350000+00:00,35.9757,135.5339,10.0,4.8,mb,reviewed,"53 km W of Asahi, Japan"
2017-06-02 00:55:21.550000+00:00,32.5115,140.7479,63.27,4.6,mwr,reviewed,"286 km SSE of Tateyama, Japan"
2017-06-04 00:56:12.910000+00:00,35.3526,140.4756,22.39,4.5,mb,reviewed,"13 km NNE of ?hara, Japan"
2017-06-08 00:25:29.910000+00:00,35.5875,140.6855,38.97,4.9,mwr,reviewed,"14 km SSE of Asahi, Japan"
2017-06-09 14:36:26.290000+00:00,32.9925,130.0692,11.87,4.7,mb,reviewed,"12 km S of Kashima, Japan"
2017-06-12 19:04:22.900000+00:00,35.7423,140.1308,70.24,4.5,mb,reviewed,"8 km SE of Shiroi, Japan"
2017-06-16 13:39:52.710000+00:00,31.8692,131.7773,31.36,4.7,mb,reviewed,"34 km E of Miyazaki, Japan"
2017-06-18 20:51:28.630000+00:00,37.0751,140.643,10.0,4.5,mb,reviewed,"19 km ESE of Ishikawa, Japan"
2017-06-22 22:04:35.440000+00:00,32.4684,141.4367,35.44,4.9,mb,reviewed,"Izu Islands, Japan region"
2017-06-24 22:02:16.970000+00:00,35.8637,137.5681,10.0,5.2,mww,reviewed,"31 km ENE of Gero, Japan"
2017-07-01 14:45:53.440000+00:00,42.814,141.9263,36.73,5.3,mb,reviewed,"22 km E of Chitose, Japan"
2017-07-06 06:42:26.080000+00:00,38.2917,143.3363,10.0,5.0,mb,reviewed,"165 km ESE of ?funato, Japan"
2017-07-07 12:48:36.330000+00:00,37.7857,141.1235,63.77,4.8,mww,reviewed,"34 km ESE of Marumori, Japan"
2017-07-09 17:02:13.990000+00:00,31.2287,131.071,59.06,4.5,mb,reviewed,"27 km SE of Kanoya, Japan"
2017-07-11 02:56:36.980000+00:00,31.3883,130.6243,23.91,5.3,mb,reviewed,"12 km SW of Tarumizu, Japan"
2017-07-12 19:48:07.810000+00:00,40.8551,131.6637,545.0,5.9,mww,reviewed,"179 km ESE of Hoemul-li, North Korea"
2017-07-14 10:13:51.840000+00:00,34.5387,141.5937,10.0,4.7,mb,reviewed,"134 km ESE of Katsuura, Japan"
2017-07-16 11:16:02.470000+00:00,41.576,142.9361,41.07,4.5,mb,reviewed,"96 km SSE of Shizunai-furukawach?, Japan"
2017-07-20 00:11:24.830000+00:00,37.417,141.5859,31.0,5.8,mww,reviewed,"52 km E of Namie, Japan"
2017-07-21 07:07:45.320000+00:00,35.776,140.208,64.07,4.6,mb,reviewed,"6 km NNW of Sakura, Japan"
2017-07-22 01:46:47.020000+00:00,40.0618,143.2573,29.78,4.9,mb,reviewed,"121 km ENE of Miyako, Japan"
2017-07-23 15:35:40.930000+00:00,40.0387,143.4878,10.0,5.6,mww,reviewed,"139 km ENE of Miyako, Japan"
2017-07-25 16:55:20.730000+00:00,42.3941,145.5571,25.5,4.6,mb,reviewed,"103 km S of Nemuro, Japan"
2017-07-28 07:16:28.090000+00:00,36.2612,142.0354,12.91,4.7,mwr,reviewed,"123 km ENE of Hasaki, Japan"
2017-07-30 12:45:04.990000+00:00,36.261,143.7218,6.43,5.3,mww,reviewed,"266 km ENE of Hasaki, Japan"
2017-08-01 17:02:05.450000+00:00,36.7759,140.6801,8.33,5.2,mww,reviewed,"6 km W of Kitaibaraki, Japan"
2017-08-02 12:23:54.910000+00:00,42.3939,143.3017,103.52,4.5,mb,reviewed,"58 km S of Obihiro, Japan"
2017-08-04 09:49:07.540000+00:00,32.3789,142.014,10.0,4.7,mb,reviewed,"Izu Islands, Japan region"
2017-08-10 00:36:30.690000+00:00,35.7086,140.1416,61.61,5.1,mww,reviewed,"6 km NNW of Yotsukaid?, Japan"
2017-08-12 18:23:43.850000+00:00,30.001,131.1298,21.08,5.3,mww,reviewed,"62 km ESE of Koshima, Japan"
2017-08-14 03:06:00.130000+00:00,39.5702,143.521,10.0,4.9,mb,reviewed,"135 km E of Yamada, Japan"
2017-08-15 19:38:56.120000+00:00,33.8658,132.0971,58.11,4.5,mb,reviewed,"11 km S of Yanai, Japan"
2017-08-19 08:14:59.010000+00:00,30.2605,142.3033,10.0,4.7,mb,reviewed,"Izu Islands, Japan region"
2017-08-20 04:47:31.890000+00:00,40.2585,143.8399,10.0,4.7,mb,reviewed,"175 km ENE of Miyako, Japan"
2017-08-21 22:37:54.780000+00:00,38.9742,142.2838,28.81,4.6,mb,reviewed,"49 km SE of Kamaishi, Japan"
2017-08-24 17:18:53.430000+00:00,37.4746,141.6268,42.12,4.6,mb,reviewed,"55 km E of Namie, Japan"
2017-08-25 19:20:28.750000+00:00,37.0637,140.5222,6.37,4.8,mb,reviewed,"11 km SE of Ishikawa, Japan"
2017-08-27 15:35:27.020000+00:00,36.1358,141.127,35.0,4.7,mb,reviewed,"47 km ENE of Kashima-shi, Japan"
2017-08-28 09:12:17.400000+00:00,32.951,140.3869,134.69,4.5,mb,reviewed,"230 km SSE of Tateyama, Japan"
2017-09-03 09:01:48.690000+00:00,37.1498,143.5414,10.0,4.8,mb,reviewed,"228 km E of Namie, Japan"
2017-09-04 15:50:28.790000+00:00,41.6422,145.4831,8.64,4.9,mb,reviewed,"173 km SSE of Kushiro, Japan"
2017-09-08 13:23:20.620000+00:00,39.5355,140.4519,14.54,4.9,mb,reviewed,"9 km NNW of ?magari, Japan"
2017-09-10 08:44:24.540000+00:00,41.7813,142.8932,45.0,5.5,mww,reviewed,"75 km SE of Shizunai-furukawach?, Japan"
2017-09-14 00:27:24.030000+00:00,35.821,139.595,53.24,4.6,mwr,reviewed,"1 km SE of Shiki, Japan"
2017-09-17 09:25:02.130000+00:00,37.3415,141.2485,54.96,4.9,mb,reviewed,"27 km SE of Namie, Japan"
2017-09-20 16:37:16.360000+00:00,37.9814,144.6601,11.0,6.1,mww,reviewed,"282 km ESE of Kamaishi, Japan"
2017-09-22 23:49:32.060000+00:00,31.3308,140.9508,48.21,5.2,mww,reviewed,"Izu Islands, Japan region"
2017-09-23 12:25:19.350000+00:00,31.1823,142.1923,10.0,4.6,mb,reviewed,"Izu Islands, Japan region"
2017-09-24 23:31:38.490000+00:00,31.244,130.39,158.92,4.6,mb,reviewed,"7 km ESE of Makurazaki, Japan"
2017-09-26 20:22:11.640000+00:00,40.335,142.3424,37.0,5.8,mww,reviewed,"73 km ESE of Hachinohe, Japan"
2017-09-28 07:11:29.840000+00:00,37.4088,141.4881,51.99,4.8,mb,reviewed,"43 km E of Namie, Japan"
2017-10-01 01:25:07.650000+00:00,36.9153,140.6213,10.0,4.9,mb,reviewed,"18 km NW of Kitaibaraki, Japan"
2017-10-06 07:59:32.880000+00:00,37.5033,144.0201,9.0,6.2,mww,reviewed,"259 km ESE of Ishinomaki, Japan"
2017-10-08 14:54:25.460000+00:00,35.9965,140.2939,70.78,4.6,mb,reviewed,"5 km NNW of Inashiki, Japan"
2017-10-09 14:47:19.200000+00:00,38.3005,141.6589,48.96,4.8,mb,reviewed,"33 km ESE of Ishinomaki, Japan"
2017-10-12 06:12:38.050000+00:00,36.7443,142.0711,15.55,5.0,mww,reviewed,"111 km ESE of Iwaki, Japan"
2017-10-13 04:47:16.420000+00:00,33.9362,136.73,358.04,4.5,mb,reviewed,"51 km ESE of Owase, Japan"
2017-10-14 23:34:09.380000+00:00,30.9307,130.3087,148.09,5.0,mww,reviewed,"37 km S of Makurazaki, Japan"
2017-10-16 12:47:23.330000+00:00,31.1763,141.8945,10.0,4.9,mb,reviewed,"Izu Islands, Japan region"
2017-10-17 23:48:53.330000+00:00,41.9905,142.5284,62.3,4.9,mb,reviewed,"40 km SSE of Shizunai-furukawach?, Japan"
2017-10-19 12:50:30.410000+00:00,37.1167,141.0283,51.49,4.6,mb,reviewed,"14 km ENE of Iwaki, Japan"
2017-10-21 16:25:52.180000+00:00,37.3804,141.8757,35.48,4.9,mb,reviewed,"78 km E of Namie, Japan"
2017-10-24 03:27:46.610000+00:00,36.0406,141.8164,13.13,4.7,mb,reviewed,"95 km ENE of Hasaki, Japan"
2017-10-25 10:50:22.160000+00:00,40.4635,143.813,10.0,4.6,mb,reviewed,"183 km ENE of Miyako, Japan"
2017-10-26 12:51:02.360000+00:00,40.3052,142.4207,48.4,4.5,mb,reviewed,"81 km ESE of Hachinohe, Japan"
2017-10-30 10:06:41.870000+00:00,32.1625,141.8039,35.26,4.8,mb,reviewed,"Izu Islands, Japan region"
2017-10-30 23:00:54.850000+00:00,42.8265,146.5446,45.77,4.7,mb,reviewed,"96 km SE of Nemuro, Japan"
2017-11-02 00:26:20.620000+00:00,37.4425,141.6404,42.94,4.5,mb,reviewed,"56 km E of Namie, Japan"
2017-11-03 03:45:12.410000+00:00,42.5995,143.828,54.76,4.9,mww,reviewed,"61 km SW of Kushiro, Japan"
2017-11-04 04:45:36.610000+00:00,31.4446,141.2768,44.04,4.8,mb,reviewed,"Izu Islands, Japan region"
2017-11-06 04:40:27.710000+00:00,32.5335,141.6387,26.11,4.5,mb,reviewed,"Izu Islands, Japan region"
2017-11-09 07:42:11.020000+00:00,32.5208,141.438,12.0,6.0,mww,reviewed,"Izu Islands, Japan region"
2017-11-09 18:45:45.340000+00:00,32.4554,141.5139,14.98,5.4,mww,reviewed,"Izu Islands, Japan region"
2017-11-12 22:24:06.840000+00:00,37.9353,144.9308,10.2,5.9,mww,reviewed,"off the east coast of Honshu, Japan"
2017-11-16 09:43:33.860000+00:00,32.2203,140.5499,59.0,5.8,mww,reviewed,"Izu Islands, Japan region"
2017-11-18 09:00:34.020000+00:00,31.7068,139.599,17.13,4.8,mb,reviewed,"Izu Islands, Japan region"
2017-11-19 16:38:29.120000+00:00,31.7208,139.9019,10.0,4.9,mb,reviewed,"Izu Islands, Japan region"
2017-11-23 00:35:19.930000+00:00,31.7381,141.7003,16.53,4.5,mb,reviewed,"Izu Islands, Japan region"
2017-11-28 02:08:22.530000+00:00,32.2491,141.1206,31.82,4.7,mb,reviewed,"Izu Islands, Japan region"
2017-11-30 09:18:23.770000+00:00,38.312,133.7328,435.49,4.9,mb,reviewed,Sea of Japan
2017-12-01 20:48:01.210000+00:00,42.0784,142.4531,60.97,4.8,mww,reviewed,"29 km SSE of Shizunai-furukawach?, Japan"
2017-12-02 16:17:37.820000+00:00,36.1038,141.0999,46.1,4.5,mb,reviewed,"43 km ENE of Kashima-shi, Japan"
2017-12-04 07:42:02.740000+00:00,38.896,142.5101,43.7,4.6,mb,reviewed,"69 km SE of Kamaishi, Japan"
2017-12-05 15:13:49.710000+00:00,36.3969,137.9329,2.87,5.1,mww,reviewed,"7 km NE of Hotaka, Japan"
2017-12-11 03:01:01.720000+00:00,31.5484,141.8447,10.0,4.9,mb,reviewed,"Izu Islands, Japan region"
2017-12-12 03:47:28.680000+00:00,39.7472,141.6758,71.56,4.5,mb,reviewed,"25 km WNW of Miyako, Japan"
2017-12-15 17:58:41.900000+00:00,39.6987,141.9361,30.11,5.2,mb,reviewed,"5 km N of Miyako, Japan"
2017-12-17 21:09:55.470000+00:00,38.8438,142.0708,48.64,4.5,mb,reviewed,"39 km SE of ?funato, Japan"
2017-12-18 23:28:29.240000+00:00,30.7011,132.044,15.36,5.2,mb,reviewed,"100 km E of Nishinoomote, Japan"
2017-12-20 13:40:54.570000+00:00,30.6154,132.0779,10.0,5.5,mww,reviewed,"104 km E of Nishinoomote, Japan"
2017-12-22 00:35:36.560000+00:00,36.1355,140.0164,80.31,4.7,mb,reviewed,"4 km ENE of Ishige, Japan"
2017-12-26 15:50:10.050000+00:00,34.714,141.2781,25.23,4.6,mb,reviewed,"100 km SE of ?hara, Japan"
2017-12-27 13:05:30.480000+00:00,35.4602,140.0077,69.34,4.8,mb,reviewed,"9 km SW of Ichihara, Japan"
2017-12-28 21:14:52.990000+00:00,41.652,143.7744,30.13,4.9,mww,reviewed,"139 km ESE of Shizunai-furukawach?, Japan"
2017-12-30 14:34:41.930000+00:00,43.1775,145.1986,104.07,4.5,mb,reviewed,"34 km WSW of Nemuro, Japan"
2017-12-31 19:42:41.250000+00:00,35.8275,140.9963,46.84,4.6,mb,reviewed,"18 km NE of Hasaki, Japan"
2018-01-02 10:48:39.800000+00:00,35.5756,140.0338,42.22,4.5,mb,reviewed,"7 km NW of Ichihara, Japan"
2018-01-05 15:54:14.400000+00:00,35.582,140.0131,73.41,4.8,mwr,reviewed,"9 km WSW of Chiba, Japan"
2018-01-08 20:52:08.090000+00:00,33.7236,132.1526,58.94,4.6,mb,reviewed,"27 km S of Yanai, Japan"
2018-01-09 22:30:19.090000+00:00,35.3367,141.199,18.93,5.4,mb,reviewed,"55 km SE of Hasaki, Japan"
2018-01-12 09:51:05.670000+00:00,30.6844,131.8873,10.0,4.9,mb,reviewed,"85 km E of Nishinoomote, Japan"
2018-01-14 09:07:32.210000+00:00,41.8465,143.2019,46.22,4.9,mb,reviewed,"87 km SE of Shizunai-furukawach?, Japan"
2018-01-15 20:41:39.270000+00:00,30.5516,132.0594,19.68,4.5,mww,reviewed,"103 km ESE of Nishinoomote, Japan"
2018-01-24 10:51:19.090000+00:00,41.1034,142.4323,31.0,6.3,mww,reviewed,"99 km ENE of Misawa, Japan"
2018-01-27 19:43:30.670000+00:00,40.1907,142.319,51.7,4.8,mww,reviewed,"68 km NNE of Miyako, Japan"
2018-01-29 03:59:59.080000+00:00,41.022,142.3731,50.32,4.8,mb,reviewed,"90 km ENE of Misawa, Japan"
2018-01-31 01:15:24.890000+00:00,36.3073,141.0725,47.25,4.8,mb,reviewed,"43 km E of ?arai, Japan"
2018-02-01 15:37:53.290000+00:00,37.1964,142.0206,23.81,4.5,mb,reviewed,"95 km ESE of Namie, Japan"
2018-02-07 17:33:26.700000+00:00,41.4786,144.1878,10.0,4.6,mb,reviewed,"Hokkaido, Japan region"
2018-02-11 07:31:02.470000+00:00,32.3277,140.4019,10.0,4.8,mb,reviewed,"293 km SSE of Shimoda, Japan"
2018-02-12 20:05:15.510000+00:00,38.7344,144.6161,10.0,4.5,mb,reviewed,"244 km ESE of Yamada, Japan"
2018-02-16 16:46:36.050000+00:00,33.0003,140.1304,137.3,4.5,mb,reviewed,"215 km SSE of Shimoda, Japan"
2018-02-18 18:31:36.430000+00:00,32.802,132.1368,42.04,5.0,mww,reviewed,"27 km SE of Saiki, Japan"
2018-02-24 08:35:42.900000+00:00,34.5766,141.7403,8.0,5.0,mb,reviewed,"143 km ESE of ?hara, Japan"
2018-02-25 16:28:39.540000+00:00,37.5968,141.7329,30.57,5.6,mww,reviewed,"65 km E of Namie, Japan"
2018-02-27 22:57:32.470000+00:00,37.6542,141.669,47.95,4.6,mb,reviewed,"62 km ENE of Namie, Japan"
2018-03-02 22:36:07.960000+00:00,33.4383,140.8098,92.35,4.5,mb,reviewed,"192 km SSE of Tateyama, Japan"
2018-03-08 06:44:50.970000+00:00,30.0743,141.4927,10.0,4.7,mb,reviewed,"Izu Islands, Japan region"
2018-03-09 09:15:51.150000+00:00,41.1296,141.2932,94.28,4.8,mb,reviewed,"18 km SSE of Mutsu, Japan"
2018-03-12 06:40:05.570000+00:00,41.2079,142.6431,39.07,4.9,mwr,reviewed,"119 km E of Mutsu, Japan"
2018-03-13 06:46:31.010000+00:00,35.6791,140.8646,40.56,4.9,mb,reviewed,"6 km SSE of Hasaki, Japan"
2018-03-14 20:40:55.920000+00:00,38.2829,141.8747,40.81,4.5,mb,reviewed,"52 km ESE of Ishinomaki, Japan"
2018-03-19 02:45:10.020000+00:00,35.2872,141.092,30.54,4.9,mwr,reviewed,"54 km SSE of Hasaki, Japan"
2018-03-22 21:32:20.580000+00:00,38.8556,142.1143,39.74,4.8,mwr,reviewed,"41 km SE of ?funato, Japan"
2018-03-23 12:16:32.300000+00:00,30.0307,142.4863,10.0,4.9,mb,reviewed,"Izu Islands, Japan region"
2018-03-25 14:37:23.170000+00:00,32.5916,140.6901,50.0,5.7,mww,reviewed,"276 km SSE of Tateyama, Japan"
2018-03-29 23:17:33.180000+00:00,36.4375,140.7736,40.16,5.0,mwr,reviewed,"18 km E of Funaishikawa, Japan"
2018-04-02 19:10:21.010000+00:00,30.0222,131.1771,40.63,4.8,mb,reviewed,"65 km SE of Koseda, Japan"
2018-04-04 07:37:03.520000+00:00,37.3857,141.7787,36.05,4.5,mb,reviewed,"69 km E of Namie, Japan"
2018-04-08 16:32:31.520000+00:00,35.2588,132.5528,10.34,5.7,mww,reviewed,"8 km NNE of ?dach?-?da, Japan"
2018-04-09 20:09:22.650000+00:00,31.115,131.3314,48.89,4.5,mb,reviewed,"42 km SSE of Kushima, Japan"
2018-04-12 07:56:53.070000+00:00,43.6748,139.5377,216.57,5.3,mwb,reviewed,"110 km NW of Iwanai, Japan"
2018-04-13 19:00:00.530000+00:00,43.1867,145.8728,47.65,5.2,mww,reviewed,"28 km ESE of Nemuro, Japan"
2018-04-14 06:13:28.860000+00:00,34.8484,137.1366,10.0,4.5,mb,reviewed,"8 km ESE of Nishio, Japan"
2018-04-16 18:09:01.770000+00:00,32.7926,139.106,194.55,4.9,mb,reviewed,"209 km S of Shimoda, Japan"
2018-04-19 11:38:25.350000+00:00,40.1954,142.4739,38.67,4.9,mb,reviewed,"76 km NE of Miyako, Japan"
2018-04-19 13:16:50.710000+00:00,38.9357,144.3892,10.0,4.5,mb,reviewed,"218 km ESE of Yamada, Japan"
2018-04-21 09:47:18.210000+00:00,35.5014,141.0884,21.69,5.1,mww,reviewed,"34 km SE of Hasaki, Japan"
2018-04-22 20:49:34.680000+00:00,34.1319,139.1043,10.0,4.6,mb,reviewed,"62 km SSE of Shimoda, Japan"
2018-04-24 08:53:21.860000+00:00,43.3482,145.7259,83.0,5.5,mww,reviewed,"12 km ENE of Nemuro, Japan"
2018-04-28 04:27:14.490000+00:00,31.7679,132.1058,10.0,4.5,mb,reviewed,"67 km ESE of Miyazaki, Japan"
2018-05-03 17:07:09.990000+00:00,35.6104,140.2558,60.76,4.5,mb,reviewed,"7 km SW of Yachimata, Japan"
2018-05-05 03:59:27.910000+00:00,30.6642,131.3943,38.81,4.6,mb,reviewed,"38 km ESE of Nishinoomote, Japan"
2018-05-06 06:03:59.330000+00:00,31.4438,140.1932,10.0,5.4,mww,reviewed,"Izu Islands, Japan region"
2018-05-10 10:57:13.250000+00:00,37.8161,141.6406,37.22,4.8,mb,reviewed,"67 km ENE of Namie, Japan"
2018-05-12 01:29:29.810000+00:00,36.643,137.9022,9.94,5.1,mb,reviewed,"7 km SSE of Hakuba, Japan"
2018-05-14 10:31:19.820000+00:00,40.0942,142.6787,40.33,5.0,mb,reviewed,"80 km NE of Miyako, Japan"
2018-05-17 18:42:13.240000+00:00,42.6846,145.586,30.0,5.7,mww,reviewed,"70 km S of Nemuro, Japan"
2018-05-22 12:55:38.540000+00:00,35.6324,140.8261,35.0,4.7,mb,reviewed,"11 km S of Hasaki, Japan"
2018-05-25 12:13:42.320000+00:00,36.9333,138.6062,10.0,4.9,mb,reviewed,"23 km ENE of Iiyama, Japan"
2018-05-26 14:01:34.390000+00:00,37.8709,141.7377,49.28,4.7,mb,reviewed,"71 km SSE of Ishinomaki, Japan"
2018-05-28 15:47:04.440000+00:00,38.3019,141.869,44.19,4.6,mb,reviewed,"51 km ESE of Ishinomaki, Japan"
2018-06-02 17:20:58.840000+00:00,35.5395,140.2868,63.67,4.5,mb,reviewed,"3 km NW of ?ami, Japan"
2018-06-04 16:06:19.370000+00:00,36.5547,142.1138,24.3,4.6,mb,reviewed,"122 km ESE of Iwaki, Japan"
2018-06-07 12:18:03.960000+00:00,35.7724,140.8425,46.19,4.6,mb,reviewed,"4 km N of Hasaki, Japan"
2018-06-10 15:25:40.560000+00:00,30.4455,131.3552,10.0,4.5,mb,reviewed,"46 km SE of Nishinoomote, Japan"
2018-06-11 19:54:21.270000+00:00,31.295,131.3679,30.0,5.4,mww,reviewed,"24 km SSE of Kushima, Japan"
2018-06-13 03:44:52.960000+00:00,30.078,140.954,91.39,4.7,mb,reviewed,"Izu Islands, Japan region"
2018-06-16 02:09:10.870000+00:00,35.2647,140.4852,35.0,4.7,mb,reviewed,"8 km ENE of ?hara, Japan"
2018-06-17 22:58:34.770000+00:00,34.8246,135.6389,10.34,5.5,mww,reviewed,"near the south coast of western Honshu, Japan"
2018-06-18 15:31:24.860000+00:00,34.788,135.61,10.0,4.6,mb,reviewed,"2 km NNW of Neyagawa, Japan"
2018-06-26 08:00:14.240000+00:00,34.8713,132.816,35.34,4.6,mb,reviewed,"8 km NNW of Miyoshi, Japan"
2018-06-29 05:05:25.280000+00:00,34.9902,140.2975,32.36,4.6,mb,reviewed,"17 km S of Katsuura, Japan"
2018-07-02 11:53:21.290000+00:00,41.2557,142.7104,37.82,5.2,mb,reviewed,"123 km SSE of Shizunai-furukawach?, Japan"
2018-07-03 11:38:48.190000+00:00,32.4682,132.0448,40.21,4.5,mb,reviewed,"37 km ESE of Nobeoka, Japan"
2018-07-07 11:23:50.050000+00:00,35.1073,140.6424,40.0,5.9,mww,reviewed,"27 km SE of ?hara, Japan"
2018-07-08 21:07:02.130000+00:00,32.2573,141.9467,10.0,4.7,mb,reviewed,"Izu Islands, Japan region"
2018-07-10 04:55:56.040000+00:00,41.563,142.0908,51.06,4.9,mwr,reviewed,"79 km ENE of Mutsu, Japan"
2018-07-12 08:39:23.390000+00:00,38.2054,142.2318,35.18,4.7,mwr,reviewed,"84 km ESE of Ishinomaki, Japan"
2018-07-15 17:13:39.430000+00:00,42.2875,143.0264,59.34,4.9,mww,reviewed,"54 km E of Shizunai-furukawach?, Japan"
2018-07-16 19:34:11.990000+00:00,36.4291,140.7671,45.06,4.9,mb,reviewed,"18 km ESE of Funaishikawa, Japan"
2018-07-18 07:44:51.630000+00:00,35.7832,141.5061,37.04,4.6,mb,reviewed,"61 km E of Hasaki, Japan"
2018-07-19 11:52:06.120000+00:00,37.1264,141.1818,53.62,4.5,mb,reviewed,"27 km ENE of Iwaki, Japan"
2018-07-25 17:46:06.320000+00:00,37.5147,141.2729,52.55,4.5,mb,reviewed,"24 km E of Namie, Japan"
2018-07-28 00:50:07.160000+00:00,30.6506,141.752,22.15,4.9,mb,reviewed,"Izu Islands, Japan region"
2018-07-29 00:58:48.300000+00:00,36.9244,139.7469,10.0,4.5,mb,reviewed,"21 km NW of Yaita, Japan"
2018-07-31 08:42:20.550000+00:00,37.1788,141.0967,10.9,5.5,mww,reviewed,"23 km NE of Iwaki, Japan"
2018-08-03 13:07:03.220000+00:00,30.3775,137.1884,494.33,4.6,mb,reviewed,"Izu Islands, Japan region"
2018-08-05 22:50:08.080000+00:00,40.2263,143.4144,18.39,4.7,mb,reviewed,"141 km ENE of Miyako, Japan"
2018-08-06 10:56:05.320000+00:00,35.5093,141.1921,37.28,4.7,mb,reviewed,"40 km SE of Hasaki, Japan"
2018-08-07 15:12:57.530000+00:00,37.8857,144.0549,14.47,5.5,mww,reviewed,"242 km ESE of ?funato, Japan"
2018-08-10 21:11:17.040000+00:00,37.2213,141.1065,13.15,4.7,mwr,reviewed,"27 km NE of Iwaki, Japan"
2018-08-12 15:33:31.360000+00:00,41.9949,142.7105,69.01,4.5,mb,reviewed,"47 km SE of Shizunai-furukawach?, Japan"
2018-08-13 19:09:01.300000+00:00,30.5992,142.686,10.0,4.6,mb,reviewed,"Izu Islands, Japan region"
2018-08-19 02:00:29.610000+00:00,44.6762,144.2457,231.53,4.5,mb,reviewed,"72 km N of Abashiri, Japan"
2018-08-21 07:46:00.940000+00:00,32.819,140.7641,59.12,4.6,mb,reviewed,"254 km SSE of Tateyama, Japan"
2018-08-22 15:06:27.380000+00:00,41.4025,142.5438,41.27,5.0,mb,reviewed,"104 km S of Shizunai-furukawach?, Japan"
2018-08-24 14:15:55.910000+00:00,41.1252,142.6273,43.25,5.3,mb,reviewed,"115 km ENE of Misawa, Japan"
2018-08-30 15:38:16.250000+00:00,40.9248,143.1512,38.72,4.5,mb,reviewed,"147 km ENE of Hachinohe, Japan"
2018-09-01 13:37:34.260000+00:00,36.0507,141.2251,20.92,4.5,mb,reviewed,"49 km NE of Hasaki, Japan"
2018-09-02 21:47:50.490000+00:00,34.5324,131.3736,21.28,4.5,mb,reviewed,"15 km NNW of Hagi, Japan"
2018-09-05 18:07:59.150000+00:00,42.6861,141.9294,35.0,6.6,mww,reviewed,"27 km ESE of Chitose, Japan"
2018-09-05 21:11:28.920000+00:00,42.6827,142.0003,29.28,5.3,mww,reviewed,"32 km ESE of Chitose, Japan"
2018-09-07 04:25:25.480000+00:00,42.7397,141.9312,42.72,4.7,mb,reviewed,"24 km ESE of Chitose, Japan"
2018-09-09 13:55:11.960000+00:00,42.785,141.9702,20.79,4.7,mww,reviewed,"26 km E of Chitose, Japan"
2018-09-11 13:25:58.380000+00:00,41.2526,142.3943,45.26,4.9,mww,reviewed,"98 km E of Mutsu, Japan"
2018-09-11 15:08:49.030000+00:00,30.4041,131.0237,35.0,4.8,mb,reviewed,"36 km E of Koseda, Japan"
2018-09-12 16:33:59.120000+00:00,42.634,142.0047,22.41,4.5,mb,reviewed,"32 km E of Tomakomai, Japan"
2018-09-14 05:35:24.470000+00:00,36.8176,140.6565,7.87,4.6,mwr,reviewed,"8 km WNW of Kitaibaraki, Japan"
2018-09-16 17:51:29.210000+00:00,42.6789,141.8707,13.88,4.8,mb,reviewed,"22 km ENE of Tomakomai, Japan"
2018-09-18 16:21:49.100000+00:00,38.4621,141.5577,56.52,5.1,mww,reviewed,"23 km ENE of Ishinomaki, Japan"
2018-09-20 07:44:26.370000+00:00,39.8823,143.1136,36.43,4.7,mb,reviewed,"103 km ENE of Miyako, Japan"
2018-09-23 13:29:50.500000+00:00,35.2249,141.1966,26.58,4.8,mb,reviewed,"65 km SSE of Hasaki, Japan"
2018-09-25 03:50:12.340000+00:00,41.9449,141.1385,104.3,4.5,mb,reviewed,"37 km E of Honch?, Japan"
2018-09-27 19:32:25.390000+00:00,37.148,141.0743,49.03,4.5,mb,reviewed,"20 km ENE of Iwaki, Japan"
2018-09-30 08:54:05.100000+00:00,42.5608,142.0029,35.0,4.9,mww,reviewed,"33 km ESE of Tomakomai, Japan"
2018-10-01 02:22:03.950000+00:00,42.893,141.9909,33.53,4.8,mb,reviewed,"28 km ENE of Chitose, Japan"
2018-10-02 10:25:28.940000+00:00,37.6683,141.7129,35.0,4.6,mb,reviewed,"66 km ENE of Namie, Japan"
2018-10-03 15:15:32.490000+00:00,35.7891,140.9937,30.59,4.9,mb,reviewed,"15 km ENE of Hasaki, Japan"
2018-10-04 23:58:48.760000+00:00,42.5988,142.0359,16.92,5.0,mww,reviewed,"35 km E of Tomakomai, Japan"
2018-10-07 01:14:19.750000+00:00,35.0158,137.4893,40.22,4.8,mb,reviewed,"12 km N of Shinshiro, Japan"
2018-10-08 19:52:02.310000+00:00,37.3655,141.5211,35.0,4.7,mb,reviewed,"47 km ESE of Namie, Japan"
2018-10-09 19:58:38.840000+00:00,39.0221,142.4627,22.81,4.6,mb,reviewed,"58 km ESE of Kamaishi, Japan"
2018-10-12 04:15:47.790000+00:00,35.7549,140.7582,34.51,5.2,mww,reviewed,"7 km WNW of Hasaki, Japan"
2018-10-13 11:33:45.780000+00:00,39.3602,143.4791,10.0,4.6,mb,reviewed,"132 km E of Yamada, Japan"
2018-10-15 00:12:55.680000+00:00,32.6162,130.6042,10.0,4.5,mb,reviewed,"6 km WSW of Matsubase, Japan"
2018-10-18 05:18:22.660000+00:00,35.5209,140.9905,35.02,4.9,mb,reviewed,"27 km SSE of Hasaki, Japan"
2018-10-19 17:30:31.520000+00:00,42.3707,142.9248,42.66,4.6,mb,reviewed,"46 km E of Shizunai-furukawach?, Japan"
2018-10-22 10:47:18.210000+00:00,37.5457,141.4753,43.05,5.0,mb,reviewed,"42 km E of Namie, Japan"
2018-10-23 11:06:20.190000+00:00,38.2873,141.9099,34.95,4.6,mwr,reviewed,"55 km ESE of Ishinomaki, Japan"
2018-10-25 18:36:09.090000+00:00,38.3158,141.785,40.0,5.7,mww,reviewed,"43 km ESE of Ishinomaki, Japan"
2018-10-27 00:08:02.860000+00:00,36.9011,141.2901,9.7,4.8,mww,reviewed,"near the east coast of Honshu, Japan"
2018-10-27 11:39:13.970000+00:00,40.1961,142.3206,53.57,4.8,mww,reviewed,"69 km NNE of Miyako, Japan"
2018-10-29 01:27:44.280000+00:00,31.6133,140.2515,94.0,5.5,mww,reviewed,"Izu Islands, Japan region"
2018-10-30 02:29:57.220000+00:00,37.3956,141.6489,41.84,4.9,mb,reviewed,"58 km E of Namie, Japan"
2018-10-30 17:59:26.920000+00:00,42.2963,141.0014,126.86,4.5,mb,reviewed,"2 km SSE of Muroran, Japan"
2018-11-02 07:53:54.390000+00:00,33.6719,135.1475,28.2,5.4,mww,reviewed,"21 km WSW of Tanabe, Japan"
2018-11-04 13:08:27.270000+00:00,41.8346,141.4836,105.19,4.7,mb,reviewed,"62 km E of Hakodate, Japan"
2018-11-06 14:06:55.430000+00:00,31.3464,130.2914,153.81,4.5,mb,reviewed,"8 km SSW of Kaseda-shirakame, Japan"
2018-11-09 18:08:35.810000+00:00,31.3809,141.591,10.0,4.9,mb,reviewed,"Izu Islands, Japan region"
2018-11-11 08:26:37.710000+00:00,31.429,141.9255,10.0,4.9,mb,reviewed,"Izu Islands, Japan region"
2018-11-14 04:09:40.670000+00:00,34.7542,139.9641,100.44,4.8,mb,reviewed,"26 km SSE of Tateyama, Japan"
2018-11-15 09:09:15.760000+00:00,37.7656,144.1298,36.11,4.6,mb,reviewed,"255 km SE of ?funato, Japan"
2018-11-18 01:51:22.260000+00:00,30.8056,141.9543,10.0,4.8,mb,reviewed,"Izu Islands, Japan region"
2018-11-20 19:09:48.840000+00:00,30.42,130.0667,123.0,5.5,mww,reviewed,"34 km W of Nagata, Japan"
2018-11-23 14:30:14.720000+00:00,37.1407,141.2093,47.95,4.8,mww,reviewed,"30 km ENE of Iwaki, Japan"
2018-11-25 09:19:05.270000+00:00,33.9248,134.4666,45.58,4.6,mb,reviewed,"13 km SW of Komatsushimach?, Japan"
2018-11-26 23:33:51.410000+00:00,36.0703,139.7598,54.19,4.8,mwr,reviewed,"3 km E of Satte, Japan"
2018-11-28 02:23:24.910000+00:00,41.3642,143.1793,9.0,5.4,mww,reviewed,"127 km SSE of Shizunai-furukawach?, Japan"
2018-12-03 19:15:18.680000+00:00,39.1122,142.3927,26.16,4.7,mb,reviewed,"48 km ESE of Kamaishi, Japan"
2018-12-05 12:09:01.160000+00:00,36.3102,142.0096,18.13,4.5,mwr,reviewed,"123 km ENE of Hasaki, Japan"
2018-12-08 01:54:03.630000+00:00,37.0808,141.3255,40.52,4.9,mww,reviewed,"39 km E of Iwaki, Japan"
2018-12-09 15:21:41.540000+00:00,33.1843,137.9254,342.24,4.9,mb,reviewed,"159 km S of ?yama, Japan"
2018-12-11 08:55:03.600000+00:00,37.3481,144.2965,10.0,4.8,mb,reviewed,"289 km ESE of Ishinomaki, Japan"
2018-12-12 08:49:56.580000+00:00,36.5368,140.617,57.47,4.7,mb,reviewed,"7 km SSW of Hitachi, Japan"
2018-12-14 08:04:33.620000+00:00,37.8962,142.5482,28.45,4.8,mww,reviewed,"123 km ESE of Ishinomaki, Japan"
2018-12-15 16:28:17.540000+00:00,39.2222,141.7921,60.61,4.7,mb,reviewed,"8 km SW of Kamaishi, Japan"
2018-12-24 00:18:07.020000+00:00,34.0702,141.6992,13.04,5.6,mww,reviewed,"174 km SE of Katsuura, Japan"
2018-12-26 16:48:53.620000+00:00,38.7422,142.0967,42.33,4.9,mb,reviewed,"49 km SE of ?funato, Japan"
2018-12-29 19:08:30.410000+00:00,42.3513,143.079,52.0,5.2,mww,reviewed,"58 km E of Shizunai-furukawach?, Japan"
2018-12-31 14:10:25.440000+00:00,37.4904,141.4337,44.89,5.1,mww,reviewed,"38 km E of Namie, Japan"
2019-01-03 09:10:28.440000+00:00,33.0514,130.4705,10.0,4.7,mb,reviewed,"2 km NE of ?muta, Japan"
2019-01-05 06:32:18.170000+00:00,31.2327,130.7241,115.3,4.6,mb,reviewed,"7 km E of Ibusuki, Japan"
2019-01-06 08:34:10.220000+00:00,38.7217,141.4426,99.75,4.7,mb,reviewed,"33 km NE of Wakuya, Japan"
2019-01-08 12:39:30.950000+00:00,30.5872,131.0441,35.0,6.3,mww,reviewed,"16 km SSE of Nishinoomote, Japan"
2019-01-14 04:23:41.040000+00:00,36.1902,139.8748,53.43,5.0,mb,reviewed,"11 km NW of Ishige, Japan"
2019-01-15 11:27:08.570000+00:00,33.7155,141.1944,35.0,4.5,mwr,reviewed,"178 km SSE of Katsuura, Japan"
2019-01-17 02:23:37.060000+00:00,42.0217,142.5733,63.72,4.8,mb,reviewed,"38 km SSE of Shizunai-furukawach?, Japan"
2019-01-18 12:46:24.200000+00:00,35.8998,140.5698,49.97,5.1,mww,reviewed,"4 km SSE of Itako, Japan"
2019-01-25 04:48:21.220000+00:00,30.0438,131.1545,10.0,4.9,mww,reviewed,"61 km SE of Koseda, Japan"
2019-01-26 08:23:03.140000+00:00,40.3332,142.2224,48.24,5.5,mww,reviewed,"64 km ESE of Hachinohe, Japan"
2019-01-29 03:42:26.710000+00:00,34.9588,141.0902,35.0,5.2,mww,reviewed,"71 km ESE of ?hara, Japan"
2019-02-02 19:10:12.770000+00:00,35.5563,141.106,32.83,5.0,mb,reviewed,"31 km SE of Hasaki, Japan"
2019-02-05 16:59:47.130000+00:00,30.9281,131.8165,10.0,4.9,mb,reviewed,"81 km ENE of Nishinoomote, Japan"
2019-02-07 07:57:52.519000+00:00,41.7156,143.932,15.18,4.9,mww,reviewed,"144 km SSW of Kushiro, Japan"
2019-02-11 23:26:49.130000+00:00,31.0219,142.3814,10.0,4.9,mb,reviewed,"Izu Islands, Japan region"
2019-02-14 01:45:45.750000+00:00,33.8388,137.0948,359.0,4.5,mb,reviewed,"75 km SSE of Toba, Japan"
2019-02-17 19:21:23.441000+00:00,36.394,141.9953,20.17,4.8,mww,reviewed,"119 km ESE of Kitaibaraki, Japan"
2019-02-19 12:04:12.260000+00:00,36.4612,137.7487,10.0,4.6,mb,reviewed,"11 km WSW of ?machi, Japan"
2019-02-21 12:22:40.100000+00:00,42.76,141.9473,28.0,5.4,mww,reviewed,"25 km ESE of Chitose, Japan"
2019-02-27 00:55:52.290000+00:00,38.2916,142.0529,35.0,4.9,mb,reviewed,"67 km ESE of Ishinomaki, Japan"
2019-02-28 14:17:25.710000+00:00,35.5184,141.0626,36.5,4.5,mb,reviewed,"31 km SE of Hasaki, Japan"
2019-03-02 03:22:54.088000+00:00,41.9469,146.894,18.73,5.9,mww,reviewed,"187 km SE of Nemuro, Japan"
2019-03-06 19:26:01.270000+00:00,38.7072,141.6366,65.54,4.9,mb,reviewed,"41 km S of ?funato, Japan"
2019-03-09 03:07:01.760000+00:00,30.5325,142.0933,10.0,4.8,mb,reviewed,"Izu Islands, Japan region"
2019-03-10 17:10:52.490000+00:00,36.8322,142.3585,13.0,5.7,mww,reviewed,"133 km E of Iwaki, Japan"
2019-03-13 04:48:49.334000+00:00,33.8114,134.8565,37.25,5.2,mww,reviewed,"22 km ESE of Anan, Japan"
2019-03-15 04:51:14.382000+00:00,37.2243,141.2274,35.0,4.5,mb,reviewed,"35 km SE of Namie, Japan"
2019-03-16 05:40:01.860000+00:00,30.828,142.0884,10.0,4.9,mb,reviewed,"Izu Islands, Japan region"
2019-03-17 14:27:20.600000+00:00,36.5456,142.9408,10.0,4.7,mb,reviewed,"191 km ESE of Iwaki, Japan"
2019-03-22 03:57:44.687000+00:00,36.8798,143.6639,10.0,4.5,mb,reviewed,"245 km ESE of Namie, Japan"
2019-03-25 18:30:21.149000+00:00,37.4211,140.3141,99.44,4.6,mb,reviewed,"6 km WNW of K?riyama, Japan"
2019-03-27 06:38:03.640000+00:00,32.1507,132.1049,19.0,5.3,mww,reviewed,"57 km E of Takanabe, Japan"
2019-03-28 02:16:59.500000+00:00,42.4238,143.6578,82.83,4.8,mb,reviewed,"66 km SE of Obihiro, Japan"
2019-03-29 20:55:42.225000+00:00,30.6159,131.023,27.26,5.1,mww,reviewed,"13 km S of Nishinoomote, Japan"
2019-04-02 20:29:09.427000+00:00,41.9712,142.5667,66.8,4.5,mwr,reviewed,"43 km SSE of Shizunai-furukawach?, Japan"
2019-04-05 09:56:52.723000+00:00,30.4095,138.6839,383.0,5.9,mww,reviewed,"Izu Islands, Japan region"
2019-04-08 13:22:03.558000+00:00,41.9562,142.3146,68.23,4.6,mb,reviewed,"42 km S of Shizunai-furukawach?, Japan"
2019-04-11 08:18:21.380000+00:00,40.4096,143.2985,18.0,6.0,mww,reviewed,"143 km NE of Miyako, Japan"
2019-04-12 09:28:37.964000+00:00,30.5797,132.0621,10.0,4.5,mb,reviewed,"103 km E of Nishinoomote, Japan"
2019-04-14 20:28:30.721000+00:00,42.4819,144.8206,40.41,5.0,mww,reviewed,"65 km SSE of Kushiro, Japan"
2019-04-17 21:07:58.682000+00:00,42.7884,146.0562,39.87,4.5,mb,reviewed,"71 km SSE of Nemuro, Japan"
2019-04-19 07:05:57.564000+00:00,42.5761,141.581,130.67,4.6,mb,reviewed,"7 km SSW of Tomakomai, Japan"
2019-04-21 04:02:43.837000+00:00,39.214,140.4584,139.47,4.5,mb,reviewed,"6 km NW of Yuzawa, Japan"
2019-04-22 17:45:18.131000+00:00,40.6623,143.6948,10.0,5.4,mww,reviewed,"186 km E of Hachinohe, Japan"
2019-04-25 12:00:01.820000+00:00,38.4959,141.6725,56.3,4.5,mb,reviewed,"33 km ENE of Ishinomaki, Japan"
2019-04-27 17:24:45.654000+00:00,42.4547,142.8191,110.52,5.4,mww,reviewed,"39 km ENE of Shizunai-furukawach?, Japan"
2019-04-29 05:24:01.008000+00:00,34.5525,137.5372,313.28,4.5,mb,reviewed,"24 km SW of Hamamatsu, Japan"
2019-04-30 15:43:46.066000+00:00,36.5396,140.7863,55.98,4.5,mb,reviewed,"13 km ESE of Hitachi, Japan"
2019-05-04 00:19:03.599000+00:00,39.0476,142.2482,50.79,4.8,mb,reviewed,"41 km SE of Kamaishi, Japan"
2019-05-07 14:42:23.155000+00:00,35.3217,142.6237,10.0,4.8,mww,reviewed,"168 km ESE of Hasaki, Japan"
2019-05-09 23:48:42.779000+00:00,31.7772,131.8483,22.0,6.2,mww,reviewed,"43 km ESE of Miyazaki, Japan"
2019-05-10 23:59:41.068000+00:00,32.6908,132.3375,35.0,4.8,mww,reviewed,"45 km SW of Sukumo, Japan"
2019-05-13 05:01:50.113000+00:00,30.4352,143.1814,10.0,4.9,mb,reviewed,"Izu Islands, Japan region"
2019-05-13 09:59:35.733000+00:00,37.212,141.2367,10.0,4.6,mb,reviewed,"36 km ENE of Iwaki, Japan"
2019-05-18 01:18:03.160000+00:00,38.9596,141.6795,75.21,4.8,mb,reviewed,"12 km SSW of ?funato, Japan"
2019-05-19 01:59:51.308000+00:00,31.6524,131.8515,35.0,4.5,mb,reviewed,"46 km E of Nichinan, Japan"
2019-05-24 03:40:17.053000+00:00,36.0091,139.3309,110.56,4.6,mb,reviewed,"7 km SE of Ogawa, Japan"
2019-05-25 06:20:46.279000+00:00,35.3002,140.3329,30.01,4.9,mww,reviewed,"7 km NW of ?hara, Japan"
2019-05-26 19:04:15.830000+00:00,36.7627,140.6833,20.11,4.5,mb,reviewed,"5 km NNW of Takahagi, Japan"
2019-05-30 22:33:10.339000+00:00,36.2337,141.9393,10.0,4.5,mb,reviewed,"114 km ENE of Hasaki, Japan"
2019-05-31 22:58:10.553000+00:00,35.2909,140.3966,33.25,4.5,mwr,reviewed,"4 km N of ?hara, Japan"
2019-06-06 03:14:02.126000+00:00,39.4629,143.2764,26.27,4.6,mb,reviewed,"114 km E of Yamada, Japan"
2019-06-08 21:39:07.083000+00:00,31.9974,141.7303,10.0,4.8,mb,reviewed,"Izu Islands, Japan region"
2019-06-11 01:21:18.538000+00:00,38.4823,141.6243,58.45,4.6,mb,reviewed,"29 km ENE of Ishinomaki, Japan"
2019-06-13 00:56:13.728000+00:00,41.041,144.0896,18.93,4.8,mww,reviewed,"202 km SE of Shizunai-furukawach?, Japan"
2019-06-15 04:47:46.394000+00:00,39.0148,142.7391,30.29,4.8,mb,reviewed,"80 km ESE of Kamaishi, Japan"
2019-06-16 23:00:09.949000+00:00,36.5419,140.7375,73.81,4.9,mww,reviewed,"10 km SE of Hitachi, Japan"
2019-06-18 13:22:19.010000+00:00,38.6391,139.4769,12.0,6.4,mww,reviewed,"31 km WSW of Tsuruoka, Japan"
2019-06-19 16:55:48.240000+00:00,34.9906,140.2244,71.19,4.7,mb,reviewed,"16 km SE of Kamogawa, Japan"
2019-06-22 14:23:00.664000+00:00,30.0968,142.731,19.61,4.7,mb,reviewed,"Izu Islands, Japan region"
2019-06-24 00:11:45.089000+00:00,34.9288,140.01,46.43,5.2,mww,reviewed,"14 km ESE of Tateyama, Japan"
2019-07-01 00:37:36.037000+00:00,41.2155,142.125,44.45,5.2,mww,reviewed,"76 km E of Mutsu, Japan"
2019-07-03 18:06:33.887000+00:00,43.4204,146.0563,70.56,4.5,mb,reviewed,"40 km ENE of Nemuro, Japan"
2019-07-07 22:00:47.315000+00:00,30.5972,142.0971,10.0,4.5,mb,reviewed,"Izu Islands, Japan region"
2019-07-10 20:19:15.276000+00:00,38.8489,142.0833,40.19,4.5,mb,reviewed,"40 km SE of ?funato, Japan"
2019-07-16 16:26:02.467000+00:00,30.5551,141.8413,10.0,4.8,mb,reviewed,"Izu Islands, Japan region"
2019-07-18 20:55:55.636000+00:00,30.097,142.7966,10.0,4.8,mb,reviewed,"Izu Islands, Japan region"
2019-07-21 22:46:40.852000+00:00,30.0734,142.9402,10.0,4.8,mb,reviewed,"Izu Islands, Japan region"
2019-07-24 22:14:22.388000+00:00,35.1339,140.6881,44.67,5.0,mww,reviewed,"29 km ESE of ?hara, Japan"
2019-07-26 17:11:50.053000+00:00,31.6807,131.8421,34.12,4.6,mb,reviewed,"45 km E of Nichinan, Japan"
2019-07-27 18:31:07.540000+00:00,33.1492,137.3029,367.0,6.3,mww,reviewed,"138 km ESE of Shing?, Japan"
2019-07-29 20:37:43.551000+00:00,32.8383,140.569,59.14,5.8,mww,reviewed,"246 km SSE of Tateyama, Japan"
2019-08-02 02:24:52.054000+00:00,30.211,142.6619,10.0,4.5,mb,reviewed,"Izu Islands, Japan region"
2019-08-04 10:23:03.726000+00:00,37.7594,141.6031,38.0,6.3,mww,reviewed,"61 km ENE of Namie, Japan"
2019-08-07 12:10:46.819000+00:00,37.3458,141.2468,35.0,4.5,mb,reviewed,"26 km SE of Namie, Japan"
2019-08-13 22:02:50.638000+00:00,38.8225,142.4076,38.88,4.5,mb,reviewed,"65 km ESE of ?funato, Japan"
2019-08-15 05:32:53.142000+00:00,40.8275,141.2441,86.0,5.4,mww,reviewed,"19 km NW of Misawa, Japan"
2019-08-17 22:28:37.868000+00:00,30.9286,142.554,10.0,5.0,mb,reviewed,"Izu Islands, Japan region"
2019-08-21 03:35:25.077000+00:00,42.4166,143.0999,23.59,4.5,mb,reviewed,"56 km S of Obihiro, Japan"
2019-08-24 04:52:46.518000+00:00,37.3338,142.5014,11.6,5.1,mww,reviewed,"133 km E of Namie, Japan"
2019-08-24 18:51:03.035000+00:00,41.4851,142.0232,57.9,4.7,mb,reviewed,"70 km ENE of Mutsu, Japan"
2019-08-26 15:13:31.117000+00:00,35.4875,139.0518,19.43,4.6,mb,reviewed,"15 km SSW of Uenohara, Japan"
2019-08-28 23:46:40.132000+00:00,41.0682,142.9955,23.77,5.9,mww,reviewed,"141 km ENE of Hachinohe, Japan"
2019-09-03 12:39:42.487000+00:00,32.754,139.9826,94.91,4.6,mb,reviewed,"233 km SSE of Shimoda, Japan"
2019-09-05 11:15:56.434000+00:00,36.9034,143.3154,10.0,4.6,mb,reviewed,"215 km ESE of Namie, Japan"
2019-09-07 09:35:50.975000+00:00,41.5937,142.0583,56.79,5.2,mww,reviewed,"78 km ENE of Mutsu, Japan"
2019-09-09 00:59:00.586000+00:00,32.2335,139.9009,133.09,4.5,mb,reviewed,"285 km SSE of Shimoda, Japan"
2019-09-14 02:54:38.354000+00:00,35.5866,140.2413,55.43,4.6,mb,reviewed,"near the east coast of Honshu, Japan"
2019-09-15 03:02:40.280000+00:00,39.3025,142.0202,47.48,4.7,mb,reviewed,"12 km SE of ?tsuchi, Japan"
2019-09-16 12:43:59.104000+00:00,39.4353,142.6474,43.66,4.7,mb,reviewed,"60 km E of Yamada, Japan"
2019-09-17 13:17:34.145000+00:00,33.1823,140.7818,51.88,4.5,mb,reviewed,"216 km SSE of Tateyama, Japan"
2019-09-18 23:49:28.292000+00:00,36.4379,140.7375,46.97,4.5,mb,reviewed,"15 km ESE of Funaishikawa, Japan"
2019-09-21 23:52:47.990000+00:00,31.2987,140.5468,29.27,4.7,mb,reviewed,"Izu Islands, Japan region"
2019-09-23 02:33:08.744000+00:00,36.9496,142.0663,34.87,4.5,mb,reviewed,"105 km E of Iwaki, Japan"
2019-09-25 08:28:49.142000+00:00,39.3072,142.0371,53.13,4.9,mb,reviewed,"13 km ESE of ?tsuchi, Japan"
2019-09-27 03:32:29.139000+00:00,42.0069,144.54,36.8,4.6,mb,reviewed,"108 km S of Kushiro, Japan"
2019-09-29 16:02:32.291000+00:00,36.5322,140.6042,56.12,4.9,mb,reviewed,"8 km NNE of Funaishikawa, Japan"
2019-10-02 01:43:14.822000+00:00,39.0662,144.4714,10.0,4.8,mb,reviewed,"222 km ESE of Yamada, Japan"
2019-10-02 14:58:49.150000+00:00,32.1683,140.3065,78.89,4.5,mb,reviewed,"Izu Islands, Japan region"
2019-10-05 19:27:52.948000+00:00,32.0887,140.3626,77.35,4.6,mb,reviewed,"Izu Islands, Japan region"
2019-10-06 23:02:31.426000+00:00,33.8149,132.269,50.17,4.6,mb,reviewed,"21 km SE of Yanai, Japan"
2019-10-08 19:58:30.741000+00:00,35.7128,140.1115,70.17,4.6,mb,reviewed,"8 km NW of Yotsukaid?, Japan"
2019-10-12 09:21:53.070000+00:00,34.7248,140.6235,48.04,5.3,mww,reviewed,"54 km SSE of Katsuura, Japan"
2019-10-15 15:50:38.032000+00:00,30.5451,142.5395,10.0,4.6,mb,reviewed,"Izu Islands, Japan region"
2019-10-17 19:50:58.615000+00:00,42.6578,141.7955,121.47,4.5,mb,reviewed,"15 km E of Tomakomai, Japan"
2019-10-19 09:08:46.828000+00:00,38.6369,142.2055,40.38,4.7,mb,reviewed,"64 km SE of ?funato, Japan"
2019-10-20 22:53:32.157000+00:00,38.5676,142.1823,35.0,4.5,mb,reviewed,"69 km SE of ?funato, Japan"
2019-10-23 03:43:20.067000+00:00,39.7661,141.7643,58.12,4.7,mb,reviewed,"20 km NW of Miyako, Japan"
2019-10-23 08:26:36.390000+00:00,38.4408,142.1777,41.97,4.5,mb,reviewed,"76 km E of Ishinomaki, Japan"
2019-10-25 19:23:38.209000+00:00,30.1175,139.6596,10.0,4.6,mb,reviewed,"Izu Islands, Japan region"
2019-10-28 11:26:25.215000+00:00,40.3878,145.4485,10.0,4.8,mb,reviewed,"off the east coast of Honshu, Japan"
2019-10-31 02:06:33.581000+00:00,35.6826,140.158,64.95,4.6,mb,reviewed,"3 km NNW of Yotsukaid?, Japan"
2019-11-03 01:47:08.603000+00:00,36.4699,142.6505,10.0,4.7,mww,reviewed,"170 km ESE of Iwaki, Japan"
2019-11-03 05:02:44.384000+00:00,37.3423,141.7503,35.28,4.7,mb,reviewed,"68 km ESE of Namie, Japan"
2019-11-05 15:41:27.980000+00:00,42.341,143.1438,60.46,4.7,mb,reviewed,"64 km E of Shizunai-furukawach?, Japan"
2019-11-06 22:03:12.552000+00:00,40.994,142.654,39.01,4.8,mb,reviewed,"near the east coast of Honshu, Japan"
2019-11-08 21:23:52.409000+00:00,41.4681,142.1417,58.36,4.6,mb,reviewed,"79 km ENE of Mutsu, Japan"
2019-11-10 10:46:05.040000+00:00,40.2548,143.9904,10.0,5.2,mww,reviewed,"187 km ENE of Miyako, Japan"
2019-11-12 12:55:38.794000+00:00,36.4989,141.0367,42.93,4.6,mb,reviewed,"36 km ESE of Hitachi, Japan"
2019-11-14 07:30:31.535000+00:00,36.4588,142.6352,10.0,4.6,mb,reviewed,"169 km ESE of Iwaki, Japan"
2019-11-16 02:51:49.789000+00:00,34.038,141.7119,10.0,4.9,mww,reviewed,"177 km SE of Katsuura, Japan"
2019-11-17 11:05:33.690000+00:00,34.6027,139.0643,16.35,4.8,mb,reviewed,"13 km SE of Shimoda, Japan"
2019-11-22 09:05:08.723000+00:00,31.9093,131.9497,35.0,5.1,mww,reviewed,"49 km ESE of Takanabe, Japan"
2019-11-25 01:41:00.523000+00:00,37.9201,141.9323,35.0,4.5,mb,reviewed,"78 km SE of Ishinomaki, Japan"
2019-11-26 09:29:08.837000+00:00,33.1073,141.9334,10.0,4.7,mb,reviewed,"270 km SSE of Katsuura, Japan"
2019-11-29 04:01:40.285000+00:00,39.1619,143.017,19.0,5.4,mww,reviewed,"off the east coast of Honshu, Japan"
2019-12-02 23:25:19.779000+00:00,40.2972,141.8249,57.13,4.6,mb,reviewed,"35 km SE of Hachinohe, Japan"
2019-12-04 01:38:55.815000+00:00,36.8425,140.4263,26.94,5.0,mb,reviewed,"10 km NE of Daigo, Japan"
2019-12-05 14:54:11.747000+00:00,31.1177,131.3745,39.28,4.9,mb,reviewed,"42 km SSE of Kushima, Japan"
2019-12-07 03:33:51.478000+00:00,37.4621,141.775,35.0,4.7,mb,reviewed,"68 km E of Namie, Japan"
2019-12-09 08:41:20.776000+00:00,33.0631,140.5624,67.57,4.7,mb,reviewed,"222 km SSE of Tateyama, Japan"
2019-12-10 17:05:02.138000+00:00,30.7269,141.7195,11.0,5.8,mww,reviewed,"Izu Islands, Japan region"
2019-12-11 23:38:35.955000+00:00,30.7484,141.9185,10.0,4.9,mb,reviewed,"Izu Islands, Japan region"
2019-12-13 18:24:04.709000+00:00,35.0095,139.5629,34.58,4.6,mb,reviewed,"15 km SSW of Miura, Japan"
2019-12-15 19:13:50.535000+00:00,35.1224,140.833,49.96,4.7,mb,reviewed,"42 km ESE of ?hara, Japan"
2019-12-19 06:21:33.362000+00:00,40.5559,142.066,49.32,5.1,mww,reviewed,"48 km E of Hachinohe, Japan"
2019-12-20 19:40:52.538000+00:00,32.8613,142.6603,10.0,5.2,mww,reviewed,"Izu Islands, Japan region"
2019-12-20 20:54:33.707000+00:00,32.9406,142.4768,10.0,4.6,mb,reviewed,"Izu Islands, Japan region"
2019-12-21 21:43:19.104000+00:00,32.361,142.4477,10.0,4.7,mb,reviewed,"Izu Islands, Japan region"
2019-12-25 08:58:03.061000+00:00,31.4928,139.9304,118.59,5.0,mb,reviewed,"Izu Islands, Japan region"
2019-12-26 09:26:40.564000+00:00,38.6213,141.6612,65.02,4.9,mb,reviewed,"38 km NE of Ishinomaki, Japan"
2019-12-31 17:10:14.848000+00:00,30.106,142.4452,10.0,4.7,mb,reviewed,"Izu Islands, Japan region"
2020-01-02 18:23:53.135000+00:00,35.8098,141.249,31.0,5.7,mww,reviewed,"38 km ENE of Hasaki, Japan"
2020-01-05 12:25:50.011000+00:00,31.3217,133.1148,10.0,4.8,mww,reviewed,"168 km E of Nichinan, Japan"
2020-01-08 02:57:49.420000+00:00,37.1555,142.0191,23.17,4.9,mb,reviewed,"97 km ESE of Namie, Japan"
2020-01-08 15:24:57.051000+00:00,36.4981,142.9929,10.0,4.5,mb,reviewed,"198 km ESE of Iwaki, Japan"
2020-01-11 05:45:00.422000+00:00,30.8656,141.8487,10.0,4.7,mb,reviewed,"Izu Islands, Japan region"
2020-01-13 19:53:48.042000+00:00,36.0821,139.9162,40.94,5.0,mb,reviewed,"3 km NNE of Iwai, Japan"
2020-01-15 11:31:34.840000+00:00,42.9468,145.2356,77.95,5.0,mb,reviewed,"50 km SSW of Nemuro, Japan"
2020-01-21 10:17:54.906000+00:00,36.5451,140.6589,47.81,4.6,mb,reviewed,"6 km S of Hitachi, Japan"
2020-01-24 03:44:31.491000+00:00,37.0208,142.0169,29.62,4.6,mb,reviewed,"100 km E of Iwaki, Japan"
2020-01-25 11:01:20.107000+00:00,36.5122,141.855,35.0,4.7,mb,reviewed,"103 km ESE of Kitaibaraki, Japan"
2020-01-28 01:36:03.649000+00:00,43.5274,145.911,91.0,5.4,mww,reviewed,"35 km NE of Nemuro, Japan"
2020-01-31 17:07:46.302000+00:00,35.884,140.0639,64.0,5.3,mww,reviewed,"2 km SW of Toride, Japan"
2020-02-02 06:28:08.815000+00:00,35.5343,138.7864,183.9,4.7,mb,reviewed,"10 km ENE of Fujikawaguchiko, Japan"
2020-02-05 01:00:49.970000+00:00,43.3158,146.1061,61.28,4.7,mb,reviewed,"43 km E of Nemuro, Japan"
2020-02-06 11:19:56.405000+00:00,36.2822,141.8024,10.0,5.3,mww,reviewed,"106 km NE of Hasaki, Japan"
2020-02-08 21:58:38.568000+00:00,34.0063,138.1414,14.11,4.6,mb,reviewed,"66 km S of ?yama, Japan"
2020-02-10 10:11:07.709000+00:00,36.4145,144.123,31.84,4.8,mb,reviewed,"297 km ESE of Iwaki, Japan"
2020-02-12 10:37:18.660000+00:00,37.3216,141.3807,77.87,5.2,mww,reviewed,"38 km ESE of Namie, Japan"
2020-02-14 06:22:26.278000+00:00,30.0463,142.4704,10.0,4.7,mb,reviewed,"Izu Islands, Japan region"
2020-02-15 18:52:47.208000+00:00,40.8796,144.9676,10.0,4.5,mb,reviewed,"237 km SSE of Kushiro, Japan"
2020-02-17 03:40:52.968000+00:00,35.8956,140.1472,56.98,4.6,mb,reviewed,"3 km W of Ry?gasaki, Japan"
2020-02-18 03:45:32.010000+00:00,30.5218,131.13,35.0,4.7,mb,reviewed,"26 km SSE of Nishinoomote, Japan"
2020-02-19 15:50:33.807000+00:00,43.284,143.8159,23.95,4.7,mb,reviewed,"56 km NW of Kushiro, Japan"
2020-02-23 10:03:35.999000+00:00,33.685,141.3439,10.0,4.7,mb,reviewed,"187 km SSE of Katsuura, Japan"
2020-02-25 06:39:47.533000+00:00,39.4197,143.2941,28.19,4.7,mb,reviewed,"115 km E of Yamada, Japan"
2020-03-02 00:47:34.701000+00:00,39.35,144.6548,10.0,4.8,mb,reviewed,"233 km E of Yamada, Japan"
2020-03-03 09:31:14.048000+00:00,30.5148,131.0045,51.2,4.8,mb,reviewed,"24 km S of Nishinoomote, Japan"
2020-03-08 19:28:44.689000+00:00,33.3291,131.9925,57.64,4.9,mb,reviewed,"28 km NE of Usuki, Japan"
2020-03-10 06:39:54.378000+00:00,31.8019,141.5858,10.0,4.5,mb,reviewed,"Izu Islands, Japan region"
2020-03-12 17:18:46.197000+00:00,37.2745,136.878,10.0,5.3,mww,reviewed,"26 km NNW of Nanao, Japan"
2020-03-17 15:10:32.414000+00:00,42.3191,138.3524,230.25,5.0,mb,reviewed,"191 km WSW of Iwanai, Japan"
2020-03-21 09:03:11.305000+00:00,37.1433,141.3843,37.12,4.5,mb,reviewed,"45 km ENE of Iwaki, Japan"
2020-03-24 19:04:06.519000+00:00,30.5203,140.2516,10.0,4.8,mb,reviewed,"Izu Islands, Japan region"
2020-03-28 00:57:51.769000+00:00,41.9481,142.3364,54.92,4.9,mww,reviewed,"42 km S of Shizunai-furukawach?, Japan"
2020-03-31 11:24:00.075000+00:00,36.3855,141.1553,36.14,4.9,mb,reviewed,"51 km ESE of Hitachi, Japan"
2020-04-02 09:13:16.793000+00:00,40.6891,143.8454,10.0,4.5,mb,reviewed,"199 km NE of Miyako, Japan"
2020-04-07 05:12:03.027000+00:00,32.5444,132.1008,44.69,4.8,mb,reviewed,"40 km E of Nobeoka, Japan"
2020-04-08 12:32:10.372000+00:00,37.6187,140.5661,88.57,4.5,mb,reviewed,"12 km ENE of Nihommatsu, Japan"
2020-04-10 10:22:56.983000+00:00,41.939,142.3391,59.52,4.5,mb,reviewed,"43 km S of Shizunai-furukawach?, Japan"
2020-04-11 15:44:47.876000+00:00,36.214,140.0096,58.13,4.8,mww,reviewed,"8 km W of Tsukuba, Japan"
2020-04-16 02:18:01.618000+00:00,37.0392,141.2857,35.0,4.6,mb,reviewed,"35 km E of Iwaki, Japan"
2020-04-19 20:39:05.639000+00:00,38.8953,142.0049,38.0,6.3,mww,reviewed,"31 km SE of ?funato, Japan"
2020-04-23 04:44:23.106000+00:00,36.1663,137.7785,10.0,5.2,mww,reviewed,"18 km WNW of Shiojiri, Japan"
2020-04-26 14:02:13.797000+00:00,42.1306,144.9447,10.0,5.0,mb,reviewed,"104 km SSE of Kushiro, Japan"
2020-04-28 13:15:30.222000+00:00,42.0297,142.6084,53.98,4.5,mb,reviewed,"39 km SSE of Shizunai-furukawach?, Japan"
2020-04-30 03:15:21.414000+00:00,40.9219,142.7766,36.18,5.2,mww,reviewed,"117 km ENE of Hachinohe, Japan"
2020-05-04 13:07:48.414000+00:00,35.6865,140.8749,42.42,5.6,mww,reviewed,"6 km SE of Hasaki, Japan"
2020-05-05 16:57:08.845000+00:00,35.5589,140.0548,71.19,5.1,mww,reviewed,"5 km NNW of Ichihara, Japan"
2020-05-08 00:33:29.063000+00:00,31.0275,141.9969,10.0,4.9,mww,reviewed,"Izu Islands, Japan region"
2020-05-09 01:32:10.345000+00:00,42.2251,143.6587,58.32,4.6,mb,reviewed,"85 km SSE of Obihiro, Japan"
2020-05-10 23:58:33.700000+00:00,36.3571,141.1273,31.0,5.8,mww,reviewed,"49 km E of ?arai, Japan"
2020-05-12 02:44:33.184000+00:00,42.7922,145.5859,35.0,4.5,mb,reviewed,"59 km S of Nemuro, Japan"
2020-05-13 05:56:28.624000+00:00,42.7419,139.0038,192.61,5.0,mww,reviewed,"125 km WSW of Iwanai, Japan"
2020-05-14 21:40:15.526000+00:00,38.7472,142.1266,35.85,4.5,mb,reviewed,"50 km SE of ?funato, Japan"
2020-05-18 03:00:38.394000+00:00,38.2166,141.676,46.75,5.0,mww,reviewed,"39 km SE of Ishinomaki, Japan"
2020-05-19 04:12:59.967000+00:00,36.2846,137.6865,10.0,5.2,mww,reviewed,"18 km WSW of Hotaka, Japan"
2020-05-20 11:45:27.503000+00:00,32.6978,141.1044,41.52,4.5,mb,reviewed,"278 km SSE of Tateyama, Japan"
2020-05-23 07:42:47.857000+00:00,33.6417,137.1798,354.08,4.8,mww,reviewed,"98 km SSE of Toba, Japan"
2020-05-24 09:36:14.771000+00:00,31.3991,140.0975,120.78,5.2,mww,reviewed,"Izu Islands, Japan region"
2020-05-26 05:57:58.530000+00:00,34.1313,141.5869,10.0,5.0,mww,reviewed,"162 km SE of Katsuura, Japan"
2020-05-27 06:32:02.983000+00:00,34.0997,141.5975,10.0,4.7,mb,reviewed,"165 km SE of Katsuura, Japan"
2020-05-29 10:05:17.538000+00:00,36.2341,137.7537,10.0,5.1,mww,reviewed,"15 km WSW of Toyoshina, Japan"
2020-05-30 18:13:48.078000+00:00,42.4803,143.8087,89.0,5.6,mww,reviewed,"69 km SE of Obihiro, Japan"
2020-05-31 21:02:11.329000+00:00,36.2034,140.3648,98.61,5.2,mww,reviewed,"9 km ENE of Ishioka, Japan"
2020-06-02 15:41:15.738000+00:00,37.637,144.5055,10.0,5.0,mww,reviewed,"291 km SE of ?funato, Japan"
2020-06-03 20:31:20.007000+00:00,36.4761,140.659,59.62,4.9,mb,reviewed,"8 km E of Funaishikawa, Japan"
2020-06-07 00:26:33.890000+00:00,35.608,140.7982,46.64,4.5,mb,reviewed,"14 km SSW of Hasaki, Japan"
2020-06-09 15:22:39.774000+00:00,33.2849,133.4007,17.81,4.8,mb,reviewed,"15 km SE of Susaki, Japan"
2020-06-12 11:30:37.591000+00:00,32.6312,132.187,47.59,4.6,mb,reviewed,"44 km SE of Saiki, Japan"
2020-06-12 19:16:24.757000+00:00,39.2774,143.8977,53.64,4.7,mb,reviewed,"169 km E of Yamada, Japan"
2020-06-15 16:55:00.977000+00:00,37.8227,141.6938,73.13,4.5,mb,reviewed,"71 km ENE of Namie, Japan"
2020-06-17 06:03:03.480000+00:00,35.2969,136.4659,10.0,4.5,mb,reviewed,"9 km SW of Tarui, Japan"
2020-06-24 19:47:45.011000+00:00,35.4711,141.0738,29.05,5.9,mww,reviewed,"36 km SE of Hasaki, Japan"
2020-06-27 21:17:51.263000+00:00,33.8758,141.5992,10.0,4.7,mb,reviewed,"183 km SE of Katsuura, Japan"
2020-06-29 09:52:49.620000+00:00,33.8765,141.7348,10.0,5.3,mww,reviewed,"191 km SE of Katsuura, Japan"
2020-06-30 12:56:53.838000+00:00,33.8292,141.6381,10.0,4.9,mb,reviewed,"190 km SE of Katsuura, Japan"
2020-07-01 09:25:02.620000+00:00,35.3453,140.5209,46.4,4.7,mb,reviewed,"15 km NE of ?hara, Japan"
2020-07-03 05:12:55.798000+00:00,37.5258,141.6285,45.54,4.9,mb,reviewed,"55 km E of Namie, Japan"
2020-07-06 18:19:09.971000+00:00,31.5275,138.1263,388.56,5.7,mww,reviewed,"Izu Islands, Japan region"
2020-07-08 21:05:30.164000+00:00,36.04,139.7529,65.24,4.6,mwr,reviewed,"2 km ENE of Sugito, Japan"
2020-07-12 09:32:26.200000+00:00,41.0273,143.0465,41.23,4.9,mb,reviewed,"143 km ENE of Hachinohe, Japan"
2020-07-13 01:42:49.713000+00:00,41.1378,142.6686,52.68,4.8,mww,reviewed,"118 km ENE of Misawa, Japan"
2020-07-16 20:03:09.371000+00:00,30.3192,136.7827,499.68,5.1,mww,reviewed,"southeast of Shikoku, Japan"
2020-07-19 18:02:44.689000+00:00,36.7227,142.0712,18.41,4.7,mb,reviewed,"111 km ESE of Iwaki, Japan"
2020-07-21 08:54:25.504000+00:00,30.1267,131.0476,32.61,4.8,mb,reviewed,"48 km SE of Koseda, Japan"
2020-07-23 13:19:08.245000+00:00,36.7573,142.2047,35.0,4.6,mb,reviewed,"122 km ESE of Iwaki, Japan"
2020-07-25 12:25:53.126000+00:00,32.3178,141.7674,10.0,4.8,mb,reviewed,"Izu Islands, Japan region"
2020-07-28 20:33:26.070000+00:00,35.875,140.7072,34.09,4.6,mb,reviewed,"8 km ENE of Omigawa, Japan"
2020-07-30 00:35:56.884000+00:00,30.6287,141.7721,14.25,5.8,mww,reviewed,"Izu Islands, Japan region"
2020-07-31 05:16:29.362000+00:00,30.6329,141.9556,10.0,4.9,mww,reviewed,"Izu Islands, Japan region"
2020-08-02 16:49:00.621000+00:00,39.206,142.4922,56.09,4.5,mb,reviewed,"54 km ESE of ?tsuchi, Japan"
2020-08-04 11:21:36.914000+00:00,34.4743,140.3786,75.02,5.0,mb,reviewed,"73 km SE of Tateyama, Japan"
2020-08-05 17:54:02.336000+00:00,36.1405,141.8415,28.0,5.3,mww,reviewed,"101 km ENE of Hasaki, Japan"
2020-08-06 15:34:44.170000+00:00,33.7517,136.7776,376.26,5.2,mww,reviewed,"63 km ESE of Owase, Japan"
2020-08-10 00:24:41.798000+00:00,35.2889,140.3152,46.39,4.6,mb,reviewed,"8 km WNW of ?hara, Japan"
2020-08-12 23:31:57.185000+00:00,41.3898,142.6436,49.43,4.6,mb,reviewed,"107 km SSE of Shizunai-furukawach?, Japan"
2020-08-18 09:05:35.329000+00:00,30.9045,141.4366,40.72,4.6,mb,reviewed,"Izu Islands, Japan region"
2020-08-20 19:51:39.579000+00:00,42.7427,145.3927,27.48,4.6,mb,reviewed,"66 km SSW of Nemuro, Japan"
2020-08-22 10:31:22.685000+00:00,31.0513,141.7219,10.0,5.2,mww,reviewed,"Izu Islands, Japan region"
2020-08-25 03:39:13.668000+00:00,33.6333,141.4357,10.0,4.6,mb,reviewed,"196 km SSE of Katsuura, Japan"
2020-08-27 00:48:42.860000+00:00,38.8359,142.2447,43.51,4.5,mb,reviewed,"52 km ESE of ?funato, Japan"
2020-08-30 05:37:44.001000+00:00,36.1931,139.7615,78.97,4.5,mb,reviewed,"4 km ENE of Koga, Japan"
2020-09-01 04:37:08.918000+00:00,42.493,143.4788,65.79,4.8,mb,reviewed,"52 km SSE of Obihiro, Japan"
2020-09-02 10:35:44.364000+00:00,43.135,145.7946,55.67,5.0,mb,reviewed,"27 km SE of Nemuro, Japan"
2020-09-03 21:45:09.203000+00:00,37.1282,142.5643,35.0,5.3,mww,reviewed,"144 km ESE of Namie, Japan"
2020-09-06 21:33:49.084000+00:00,36.6583,141.5674,31.19,5.1,mww,reviewed,"74 km ESE of Kitaibaraki, Japan"
2020-09-08 13:01:20.947000+00:00,38.3669,144.6424,10.0,4.8,mb,reviewed,"261 km ESE of Kamaishi, Japan"
2020-09-12 02:44:11.224000+00:00,38.7482,142.2446,34.0,6.1,mww,reviewed,"58 km SE of ?funato, Japan"
2020-09-13 10:44:43.323000+00:00,40.7214,142.7113,41.18,4.8,mb,reviewed,"105 km ENE of Hachinohe, Japan"
2020-09-15 06:07:00.623000+00:00,35.9422,140.5827,41.81,4.6,mb,reviewed,"3 km ENE of Itako, Japan"
2020-09-17 00:18:01.991000+00:00,39.4968,141.8805,64.77,4.7,mb,reviewed,"6 km WNW of Yamada, Japan"
2020-09-20 10:48:34.862000+00:00,34.974,140.2494,73.56,4.8,mb,reviewed,"19 km SE of Kamogawa, Japan"
2020-09-21 10:28:39.760000+00:00,40.337,142.9465,40.48,4.6,mb,reviewed,"115 km NE of Miyako, Japan"
2020-09-25 16:46:45.610000+00:00,33.2155,139.7823,122.26,4.8,mww,reviewed,"179 km SSE of Shimoda, Japan"
2020-09-27 04:13:41.993000+00:00,35.1077,137.7678,45.14,4.9,mww,reviewed,"33 km NE of Shinshiro, Japan"
2020-09-30 13:58:44.756000+00:00,38.7988,142.141,43.03,4.8,mb,reviewed,"48 km SE of Ōfunato, Japan"
2020-10-03 09:31:31.262000+00:00,33.4766,140.9412,28.85,5.8,mww,reviewed,"193 km SSE of Katsuura, Japan"
2020-10-05 02:32:24.532000+00:00,36.3103,140.8244,83.69,4.9,mb,reviewed,"21 km E of ?arai, Japan"
2020-10-06 06:27:35.081000+00:00,39.4056,141.969,95.75,4.6,mb,reviewed,"6 km SSE of Yamada, Japan"
2020-10-11 13:58:42.930000+00:00,42.0298,142.6571,68.32,4.5,mb,reviewed,"41 km SE of Shizunai-furukawach?, Japan"
2020-10-13 13:16:03.261000+00:00,33.4822,141.0612,47.7,4.8,mb,reviewed,"196 km SSE of Katsuura, Japan"
2020-10-22 06:21:22.806000+00:00,37.8446,144.6787,10.0,4.6,mb,reviewed,"292 km SE of Kamaishi, Japan"
2020-10-25 15:12:57.567000+00:00,31.0596,140.1633,142.86,4.5,mb,reviewed,"Izu Islands, Japan region"
2020-10-28 06:58:31.256000+00:00,35.712,140.1665,64.85,4.8,mb,reviewed,"6 km W of Sakura, Japan"
2020-10-28 11:38:32.924000+00:00,30.0837,139.8772,10.0,4.6,mb,reviewed,"Izu Islands, Japan region"
2020-10-29 19:56:22.283000+00:00,36.1591,141.8838,38.63,4.5,mb,reviewed,"105 km ENE of Hasaki, Japan"
2020-11-06 08:56:38.063000+00:00,40.9903,143.255,12.0,5.5,mww,reviewed,"157 km ENE of Hachinohe, Japan"
2020-11-07 21:30:44.700000+00:00,32.3486,141.6979,9.28,5.2,mww,reviewed,"Izu Islands, Japan region"
2020-11-18 01:00:45.231000+00:00,32.1835,137.8951,366.31,5.1,mww,reviewed,"247 km SE of Shing?, Japan"
2020-11-20 18:01:26.356000+00:00,40.2349,142.354,55.14,4.9,mb,reviewed,"74 km NNE of Miyako, Japan"
2020-11-22 10:05:53.849000+00:00,36.5889,141.1105,33.0,5.5,mww,reviewed,"37 km ESE of Takahagi, Japan"
2020-11-24 22:17:38.082000+00:00,30.4425,138.4432,438.01,4.5,mb,reviewed,"Izu Islands, Japan region"
2020-11-26 19:31:36.382000+00:00,35.6483,141.017,33.15,4.5,mb,reviewed,"19 km ESE of Hasaki, Japan"
2020-11-29 12:41:34.489000+00:00,31.3944,140.3217,10.0,4.6,mb,reviewed,"Izu Islands, Japan region"
2020-12-01 17:11:56.402000+00:00,39.2325,143.0736,31.52,4.5,mb,reviewed,"100 km ESE of Yamada, Japan"
2020-12-06 04:06:50.698000+00:00,33.5896,141.1882,48.79,4.9,mww,reviewed,"190 km SSE of Katsuura, Japan"
2020-12-12 07:18:54.231000+00:00,40.1213,142.0551,44.0,5.5,mww,reviewed,"53 km N of Miyako, Japan"
2020-12-14 13:47:06.555000+00:00,35.8521,140.519,42.85,4.7,mb,reviewed,"3 km SSE of Sawara, Japan"
2020-12-16 01:28:07.061000+00:00,42.7117,144.1756,50.14,5.0,mww,reviewed,"33 km SSW of Kushiro, Japan"
2020-12-17 07:42:44.372000+00:00,35.9994,140.0038,48.56,4.6,mwr,reviewed,"2 km SE of Mitsukaid?, Japan"
2020-12-18 09:09:56.345000+00:00,34.4463,139.3713,10.0,4.9,mww,reviewed,"46 km ESE of Shimoda, Japan"
2020-12-20 17:23:22.668000+00:00,40.8667,142.5814,35.0,6.3,mww,reviewed,"100 km ENE of Hachinohe, Japan"
2020-12-22 17:04:07.714000+00:00,37.2332,141.283,29.1,4.8,mb,reviewed,"37 km SE of Namie, Japan"
2020-12-24 20:38:30.311000+00:00,30.8104,130.4111,114.09,4.9,mb,reviewed,"45 km NNW of Miyanoura, Japan"
2020-12-26 19:42:58.426000+00:00,37.5232,143.8807,10.0,4.5,mb,reviewed,"247 km ESE of Ishinomaki, Japan"
2020-12-28 19:23:21.550000+00:00,33.1914,135.7922,441.93,4.7,mb,reviewed,"62 km SSW of Shing?, Japan"
2020-12-30 00:35:27.718000+00:00,36.4858,140.6097,43.47,5.0,mww,reviewed,"4 km ENE of Funaishikawa, Japan"
2020-12-31 16:53:35.980000+00:00,34.4191,139.2766,15.48,4.9,mb,reviewed,"41 km SE of Shimoda, Japan"
2021-01-02 00:45:00.272000+00:00,33.4333,141.4589,10.0,4.6,mb,reviewed,"217 km SSE of Katsuura, Japan"
2021-01-05 02:16:14.914000+00:00,32.4746,141.7225,10.0,4.5,mb,reviewed,"Izu Islands, Japan region"
2021-01-06 19:13:29.760000+00:00,39.8411,143.3322,26.75,4.9,mb,reviewed,"121 km E of Miyako, Japan"
2021-01-09 05:36:33.842000+00:00,37.8559,142.6165,34.87,4.6,mb,reviewed,"131 km ESE of Ishinomaki, Japan"
2021-01-10 06:38:19.291000+00:00,37.767,141.6933,43.85,4.5,mb,reviewed,"68 km ENE of Namie, Japan"
2021-01-12 02:39:43.421000+00:00,43.7004,139.9863,214.0,5.9,mww,reviewed,"84 km NW of Yoichi, Japan"
2021-01-15 13:38:19.475000+00:00,33.867,137.213,359.74,5.2,mww,reviewed,"76 km SSE of Toba, Japan"
2021-01-18 17:12:14.951000+00:00,36.6565,141.8259,35.67,4.6,mb,reviewed,"94 km ESE of Iwaki, Japan"
2021-01-21 03:04:04.243000+00:00,30.2979,140.1535,105.77,4.5,mb,reviewed,"Izu Islands, Japan region"
2021-01-23 05:39:18.366000+00:00,42.322,142.6196,108.19,5.0,mb,reviewed,"20 km E of Shizunai-furukawach?, Japan"
2021-01-24 18:24:03.732000+00:00,42.0854,144.9208,10.0,4.9,mww,reviewed,"108 km SSE of Kushiro, Japan"
2021-01-25 23:25:21.091000+00:00,36.4439,140.6498,69.24,4.6,mb,reviewed,"7 km ESE of Funaishikawa, Japan"
2021-01-27 05:06:53.279000+00:00,42.7117,141.9609,115.63,5.2,mww,reviewed,"27 km ESE of Chitose, Japan"
2021-01-28 19:24:26.918000+00:00,40.0825,141.6975,69.17,4.6,mb,reviewed,"37 km ESE of Ichinohe, Japan"
2021-02-01 08:34:45.955000+00:00,37.3523,141.8861,34.92,4.6,mb,reviewed,"79 km E of Namie, Japan"
2021-02-09 07:07:57.310000+00:00,31.3061,140.7048,64.51,5.3,mww,reviewed,"Izu Islands, Japan region"
2021-02-10 15:24:09.187000+00:00,31.3114,140.0506,115.39,4.5,mb,reviewed,"Izu Islands, Japan region"
2021-02-12 04:52:25.972000+00:00,30.0411,131.1297,37.21,4.9,mb,reviewed,"Kyushu, Japan"
2021-02-13 14:07:49.797000+00:00,37.7265,141.7751,43.98,7.1,mww,reviewed,"73 km ENE of Namie, Japan"
2021-02-15 12:26:17.164000+00:00,37.5475,141.3336,30.18,5.4,mww,reviewed,"30 km ENE of Namie, Japan"
2021-02-16 22:07:22.425000+00:00,38.3386,141.9324,41.44,4.6,mb,reviewed,"55 km E of Ishinomaki, Japan"
2021-02-19 01:07:11.219000+00:00,37.6557,141.7382,49.09,4.8,mb,reviewed,"67 km ENE of Namie, Japan"
2021-02-19 16:16:27.337000+00:00,40.7273,142.7148,32.27,5.0,mww,reviewed,"105 km ENE of Hachinohe, Japan"
2021-02-21 00:57:36.850000+00:00,34.0842,141.376,10.0,4.5,mb,reviewed,"152 km SE of Katsuura, Japan"
2021-02-26 04:04:24.748000+00:00,37.5961,141.6489,56.65,4.6,mb,reviewed,"58 km ENE of Namie, Japan"
2021-02-28 14:30:15.934000+00:00,30.1656,131.1,30.18,5.1,mb,reviewed,"49 km ESE of Koseda, Japan"
2021-03-05 06:14:07.255000+00:00,42.0318,142.4684,62.24,4.6,mb,reviewed,"34 km SSE of Shizunai-furukawach?, Japan"
2021-03-07 14:21:25.394000+00:00,42.0856,142.3906,49.99,4.5,mb,reviewed,"27 km S of Shizunai-furukawach?, Japan"
2021-03-08 23:30:00.089000+00:00,38.7899,141.5555,83.29,4.9,mb,reviewed,"34 km SSW of ?funato, Japan"
2021-03-13 17:16:56.477000+00:00,40.267,142.3387,51.85,4.9,mb,reviewed,"75 km ESE of Hachinohe, Japan"
2021-03-15 19:56:17.642000+00:00,36.1742,139.7703,56.38,5.0,mb,reviewed,"4 km ESE of Koga, Japan"
2021-03-17 08:28:48.740000+00:00,37.6781,141.6127,45.92,5.0,mww,reviewed,"58 km ENE of Namie, Japan"
2021-03-20 09:09:43.966000+00:00,38.4515,141.6477,43.0,7.0,mww,reviewed,"30 km E of Ishinomaki, Japan"
2021-03-21 15:30:50.003000+00:00,35.7096,140.4525,56.66,4.5,mb,reviewed,"8 km W of Y?kaichiba, Japan"
2021-03-28 00:26:55.783000+00:00,33.6313,140.2781,40.0,5.7,mww,reviewed,"154 km SSE of Tateyama, Japan"
2021-03-30 11:11:10.102000+00:00,36.2312,141.9429,35.0,4.6,mb,reviewed,"114 km ENE of Hasaki, Japan"
2021-04-01 04:30:03.407000+00:00,41.523,142.0404,47.68,4.8,mb,reviewed,"73 km ENE of Mutsu, Japan"
2021-04-03 12:58:26.514000+00:00,38.9269,142.1217,41.84,4.6,mb,reviewed,"38 km ESE of ?funato, Japan"
2021-04-05 00:31:48.113000+00:00,33.3896,140.5657,67.43,4.6,mb,reviewed,"188 km SSE of Tateyama, Japan"
2021-04-06 16:44:15.647000+00:00,43.058,145.6071,53.07,4.6,mb,reviewed,"29 km S of Nemuro, Japan"
2021-04-11 18:59:30.889000+00:00,36.1374,140.0881,73.42,4.7,mb,reviewed,"7 km S of Tsukuba, Japan"
2021-04-16 11:51:37.879000+00:00,38.3078,142.0674,51.72,4.5,mb,reviewed,"68 km E of Ishinomaki, Japan"
2021-04-18 00:29:11.489000+00:00,38.3481,141.95,41.0,5.6,mww,reviewed,"57 km E of Ishinomaki, Japan"
2021-04-19 04:06:21.751000+00:00,38.0695,141.4995,56.37,4.9,mb,reviewed,"42 km SSE of Ishinomaki, Japan"
2021-04-20 17:39:58.443000+00:00,36.3374,138.5331,169.27,4.8,mb,reviewed,"9 km ENE of Komoro, Japan"
2021-04-23 02:19:31.571000+00:00,31.632,140.9907,61.29,4.6,mb,reviewed,"Izu Islands, Japan region"
2021-04-24 09:35:13.093000+00:00,39.9659,142.0031,66.49,4.6,mb,reviewed,"35 km N of Miyako, Japan"
2021-05-01 01:27:27.215000+00:00,38.1997,141.5973,43.0,6.9,mww,reviewed,"30 km SSE of Onagawa Ch?, Japan"
2021-05-03 07:55:03.553000+00:00,30.4453,131.4185,35.0,4.6,mb,reviewed,"51 km SE of Nishinoomote, Japan"
2021-05-04 18:10:43.134000+00:00,37.1861,141.8522,9.5,5.0,mww,reviewed,"82 km ESE of Namie, Japan"
2021-05-08 04:19:07.784000+00:00,31.9824,140.3369,87.97,5.1,mww,reviewed,"Izu Islands, Japan region"
2021-05-12 03:46:56.821000+00:00,32.4961,141.4927,35.0,4.9,mb,reviewed,"Izu Islands, Japan region"
2021-05-13 23:58:14.041000+00:00,37.7169,141.8167,32.0,6.0,mww,reviewed,"76 km ENE of Namie, Japan"
2021-05-16 03:23:53.371000+00:00,42.0159,144.4738,9.0,5.7,mww,reviewed,"106 km S of Kushiro, Japan"
2021-05-18 15:48:33.391000+00:00,42.1049,144.0354,48.01,4.7,mb,reviewed,"100 km SSW of Kushiro, Japan"
2021-05-21 05:01:26.804000+00:00,44.5604,148.2276,67.91,4.9,mb,reviewed,Kuril Islands
2021-05-24 03:52:16.913000+00:00,33.2268,139.3771,10.0,4.7,mb,reviewed,"165 km SSE of Shimoda, Japan"
2021-05-25 10:51:41.650000+00:00,33.1474,139.4799,10.0,4.6,mb,reviewed,"176 km SSE of Shimoda, Japan"
2021-05-26 21:04:03.539000+00:00,40.5175,143.1582,38.17,4.8,mb,reviewed,"140 km E of Hachinohe, Japan"
2021-05-29 01:02:41.087000+00:00,36.3105,141.9873,12.04,5.5,mww,reviewed,"122 km ENE of Hasaki, Japan"
2021-05-30 19:48:46.884000+00:00,31.75,140.3537,91.32,4.9,mb,reviewed,"Izu Islands, Japan region"
2021-05-31 22:04:42.354000+00:00,33.1624,142.6369,10.0,5.2,mww,reviewed,"off the east coast of Honshu, Japan"
2021-06-02 03:36:19.136000+00:00,30.8714,142.2203,10.0,4.5,mb,reviewed,"Izu Islands, Japan region"
2021-06-06 18:11:07.095000+00:00,34.5639,140.2966,85.66,5.0,mww,reviewed,"60 km SE of Tateyama, Japan"
2021-06-08 15:29:01.059000+00:00,36.4075,143.0603,10.0,5.3,mww,reviewed,"207 km ESE of Iwaki, Japan"
2021-06-09 13:05:55.860000+00:00,40.1213,142.3654,42.51,5.0,mww,reviewed,"63 km NE of Miyako, Japan"
2021-06-10 09:56:04.724000+00:00,41.0007,142.2853,56.68,4.8,mb,reviewed,"83 km ENE of Misawa, Japan"
2021-06-15 06:18:34.913000+00:00,33.6404,138.6055,10.0,4.5,mb,reviewed,"112 km SSE of ?yama, Japan"
2021-06-17 08:59:34.009000+00:00,34.8992,141.7647,10.0,4.5,mb,reviewed,"125 km SE of Hasaki, Japan"
2021-06-18 22:39:13.136000+00:00,33.5055,132.5646,41.87,4.9,mb,reviewed,"1 km ENE of ?zu, Japan"
2021-06-20 11:08:24.615000+00:00,43.5582,142.6172,151.93,5.3,mww,reviewed,"29 km NE of Shimo-furano, Japan"
2021-06-23 12:35:14.893000+00:00,37.8229,144.4386,10.0,4.6,mb,reviewed,"275 km ESE of ?funato, Japan"
2021-06-29 05:55:51.020000+00:00,31.7709,131.7087,49.86,5.0,mb,reviewed,"32 km ESE of Miyazaki, Japan"
2021-06-30 13:18:09.474000+00:00,39.5924,140.4231,135.56,4.5,mb,reviewed,"eastern Honshu, Japan"
2021-07-06 06:29:46.952000+00:00,44.7187,141.9308,242.35,4.5,mb,reviewed,"58 km NW of Nayoro, Japan"
2021-07-08 11:17:27.109000+00:00,31.9596,143.6793,10.0,5.2,mb,reviewed,"Izu Islands, Japan region"
2021-07-09 20:23:44.792000+00:00,37.2826,143.7541,19.07,5.3,mww,reviewed,"244 km E of Namie, Japan"
2021-07-12 13:48:29.406000+00:00,32.0222,141.8193,10.0,4.7,mb,reviewed,"Izu Islands, Japan region"
2021-07-13 23:58:49.210000+00:00,31.1049,141.5498,19.28,4.5,mb,reviewed,"Izu Islands, Japan region"
2021-07-16 04:19:57.961000+00:00,33.2825,139.5273,11.53,5.4,mww,reviewed,"163 km SSE of Shimoda, Japan"
2021-07-17 11:49:59.304000+00:00,33.6171,131.825,63.64,5.2,mww,reviewed,"29 km NE of Kitsuki, Japan"
2021-07-18 21:56:17.283000+00:00,32.2432,141.7377,10.0,4.6,mb,reviewed,"Izu Islands, Japan region"
2021-07-19 23:41:23.404000+00:00,36.9628,142.3738,35.0,4.5,mb,reviewed,"133 km E of Iwaki, Japan"
2021-07-26 02:16:15.813000+00:00,41.4815,142.0615,55.88,5.2,mww,reviewed,"73 km ENE of Mutsu, Japan"
2021-07-27 04:39:18.530000+00:00,36.616,140.9679,46.82,4.6,mb,reviewed,"25 km ESE of Takahagi, Japan"
2021-07-29 07:17:15.436000+00:00,36.6841,141.5677,42.87,4.6,mb,reviewed,"73 km SE of Iwaki, Japan"
2021-07-30 04:05:12.738000+00:00,40.1664,142.4207,40.48,4.5,mb,reviewed,"70 km NE of Miyako, Japan"
2021-07-31 05:26:05.128000+00:00,43.3488,141.6214,167.77,5.0,mww,reviewed,"16 km NNE of T?betsu, Japan"
2021-08-03 10:29:17.615000+00:00,36.1948,141.9343,16.99,5.0,mww,reviewed,"111 km ENE of Hasaki, Japan"
2021-08-03 20:33:34.791000+00:00,36.0981,142.1045,27.0,5.8,mww,reviewed,"121 km ENE of Hasaki, Japan"
2021-08-05 21:10:12.831000+00:00,36.2666,141.5916,35.0,4.5,mb,reviewed,"90 km NE of Hasaki, Japan"
2021-08-12 11:36:11.153000+00:00,34.9341,140.3363,66.81,4.6,mb,reviewed,"23 km S of Katsuura, Japan"
2021-08-17 07:59:45.987000+00:00,32.7517,141.9307,10.0,4.8,mb,reviewed,"Izu Islands, Japan region"
2021-08-22 02:24:35.187000+00:00,37.582,141.7748,56.96,5.3,mb,reviewed,"69 km E of Namie, Japan"
2021-08-23 01:24:22.465000+00:00,40.7181,145.072,10.0,4.7,mb,reviewed,"257 km SSE of Kushiro, Japan"
2021-08-26 20:49:04.823000+00:00,36.4405,141.2803,26.49,5.0,mww,reviewed,"59 km ESE of Takahagi, Japan"
2021-08-29 02:17:53.053000+00:00,35.9253,143.1154,10.0,4.5,mb,reviewed,"207 km E of Hasaki, Japan"
2021-09-01 19:17:07.386000+00:00,37.7211,141.6871,65.05,4.6,mb,reviewed,"66 km ENE of Namie, Japan"
2021-09-05 05:48:59.275000+00:00,41.2635,142.5583,48.51,4.6,mb,reviewed,"112 km E of Mutsu, Japan"
2021-09-06 14:50:02.419000+00:00,42.697,145.0948,49.73,4.7,mb,reviewed,"66 km ESE of Kushiro, Japan"
2021-09-08 02:31:57.426000+00:00,30.6161,141.912,14.12,4.6,mb,reviewed,"Izu Islands, Japan region"
2021-09-12 02:17:04.596000+00:00,33.0546,132.0425,49.05,4.5,mb,reviewed,"16 km E of Tsukumiura, Japan"
2021-09-13 22:46:06.357000+00:00,32.4784,137.8572,370.0,5.8,mww,reviewed,"223 km SE of Shing?, Japan"
2021-09-16 09:42:29.509000+00:00,37.4707,137.2472,10.0,4.9,mww,reviewed,"52 km NNE of Nanao, Japan"
2021-09-17 03:16:11.342000+00:00,37.7637,141.6016,47.97,4.5,mb,reviewed,"61 km ENE of Namie, Japan"
2021-09-19 08:18:32.645000+00:00,36.2633,137.7364,10.0,5.1,mww,reviewed,"15 km WSW of Toyoshina, Japan"
2021-09-24 04:44:15.824000+00:00,38.1509,141.8037,62.51,4.5,mb,reviewed,"53 km SE of Ishinomaki, Japan"
2021-09-25 21:46:37.948000+00:00,30.6821,131.2671,38.37,4.5,mb,reviewed,"26 km ESE of Nishinoomote, Japan"
2021-09-27 10:58:49.791000+00:00,38.5989,142.0474,59.21,4.6,mb,reviewed,"59 km SSE of ?funato, Japan"
2021-09-29 08:37:05.619000+00:00,38.8893,135.4527,364.0,6.1,mww,reviewed,"243 km NNW of Nanao, Japan"
2021-09-30 08:45:31.183000+00:00,38.5137,141.9969,67.62,4.6,mb,reviewed,"61 km E of Ishinomaki, Japan"
2021-10-02 04:01:37.924000+00:00,38.4927,142.1025,38.68,4.8,mb,reviewed,"70 km E of Ishinomaki, Japan"
2021-10-03 08:11:18.354000+00:00,32.3267,141.346,36.95,4.6,mb,reviewed,"Izu Islands, Japan region"
2021-10-05 17:46:02.970000+00:00,40.0529,142.141,55.0,5.7,mww,reviewed,"48 km NNE of Miyako, Japan"
2021-10-06 08:12:53.588000+00:00,31.1971,131.4859,24.46,5.4,mww,reviewed,"39 km SE of Kushima, Japan"
2021-10-07 13:41:24.528000+00:00,35.5736,140.0705,62.0,5.9,mww,reviewed,"5 km SW of Chiba, Japan"
2021-10-09 05:31:59.595000+00:00,40.0765,142.2057,52.66,5.0,mb,reviewed,"52 km NNE of Miyako, Japan"
2021-10-10 14:16:15.940000+00:00,42.3455,143.0753,61.69,4.9,mb,reviewed,"58 km E of Shizunai-furukawach?, Japan"
2021-10-12 03:19:00.597000+00:00,30.1428,142.8307,10.0,4.9,mww,reviewed,"Izu Islands, Japan region"
2021-10-13 17:00:49.084000+00:00,32.4545,133.1539,12.63,4.6,mb,reviewed,"62 km SSE of Nakamura, Japan"
2021-10-16 15:30:53.689000+00:00,32.6091,140.8246,81.66,4.5,mb,reviewed,"277 km SSE of Tateyama, Japan"
2021-10-17 15:49:31.360000+00:00,40.9682,142.1452,67.87,4.8,mb,reviewed,"near the east coast of Honshu, Japan"
2021-10-19 12:36:37.809000+00:00,41.5122,142.8248,38.37,5.3,mww,reviewed,"98 km SSE of Shizunai-furukawach?, Japan"
2021-10-21 08:36:47.973000+00:00,32.1131,138.1614,335.78,5.5,mww,reviewed,"271 km SE of Shing?, Japan"
2021-10-24 06:45:37.595000+00:00,31.5285,140.2493,34.68,4.6,mb,reviewed,"Izu Islands, Japan region"
2021-10-26 16:27:55.146000+00:00,37.2597,142.2418,22.51,4.9,mb,reviewed,"112 km ESE of Namie, Japan"
2021-10-31 21:14:47.630000+00:00,36.5337,140.5277,55.3,5.2,mww,reviewed,"8 km NNW of Funaishikawa, Japan"
2021-11-02 15:00:11.748000+00:00,36.0259,143.0997,10.0,4.6,mb,reviewed,"207 km E of Hasaki, Japan"
2021-11-05 04:55:56.390000+00:00,33.7858,137.4955,341.34,4.9,mb,reviewed,"98 km SE of Toba, Japan"
2021-11-06 19:40:59.298000+00:00,36.007,139.8559,58.54,4.5,mb,reviewed,"6 km SW of Iwai, Japan"
2021-11-08 16:15:01.611000+00:00,37.0912,140.5069,35.96,4.7,mb,reviewed,"8 km SE of Ishikawa, Japan"
2021-11-11 03:21:27.905000+00:00,36.3835,141.2171,31.83,4.5,mb,reviewed,"56 km ESE of Hitachi, Japan"
2021-11-13 04:45:06.661000+00:00,31.2283,130.373,151.46,4.9,mb,reviewed,"6 km SE of Makurazaki, Japan"
2021-11-14 13:08:47.690000+00:00,41.6233,141.5305,89.23,4.6,mb,reviewed,"45 km NE of Mutsu, Japan"
2021-11-17 06:24:41.223000+00:00,36.9207,141.4113,38.63,4.5,mb,reviewed,"49 km ESE of Iwaki, Japan"
2021-11-19 23:57:23.470000+00:00,35.7987,139.5146,109.49,4.6,mb,reviewed,"4 km E of Tokorozawa, Japan"
2021-11-23 09:48:42.439000+00:00,38.8975,142.217,50.53,4.8,mb,reviewed,"47 km ESE of ?funato, Japan"
2021-11-29 12:40:44.400000+00:00,31.196,142.5026,11.0,6.3,mww,reviewed,"Izu Islands, Japan region"
2021-11-30 06:53:34.578000+00:00,31.217,142.4377,20.07,5.5,mww,reviewed,"Izu Islands, Japan region"
2021-12-01 16:58:36.635000+00:00,36.1875,140.0911,51.68,5.0,mww,reviewed,"1 km SSW of Tsukuba, Japan"
2021-12-03 00:28:28.249000+00:00,33.8337,135.0775,12.08,5.2,mww,reviewed,"10 km WSW of Gob?, Japan"
2021-12-03 10:17:25.264000+00:00,31.2267,142.281,10.0,4.5,mb,reviewed,"Izu Islands, Japan region"
2021-12-04 22:03:37.871000+00:00,31.1111,142.4267,10.0,4.6,mb,reviewed,"Izu Islands, Japan region"
2021-12-06 14:33:21.369000+00:00,41.4212,142.0596,57.43,4.9,mb,reviewed,"72 km ENE of Mutsu, Japan"
2021-12-08 07:22:18.697000+00:00,37.7511,141.6418,54.16,5.1,mb,reviewed,"63 km ENE of Namie, Japan"
2021-12-09 08:57:49.541000+00:00,31.12,142.53,10.0,4.7,mb,reviewed,"Izu Islands, Japan region"
2021-12-12 03:30:58.804000+00:00,36.1384,139.7873,55.92,4.9,mww,reviewed,"4 km NNW of Sakai, Japan"
2021-12-13 18:36:14.039000+00:00,31.0386,142.343,10.0,4.6,mb,reviewed,"Izu Islands, Japan region"
2021-12-15 00:40:58.583000+00:00,31.0028,142.2508,10.0,4.9,mb,reviewed,"Izu Islands, Japan region"
2021-12-16 03:51:59.254000+00:00,31.4987,142.3322,10.0,4.8,mb,reviewed,"Izu Islands, Japan region"
2021-12-17 08:40:01.040000+00:00,31.5001,142.3733,10.0,4.7,mb,reviewed,"Izu Islands, Japan region"
2021-12-19 01:51:51.012000+00:00,31.4701,142.2915,10.0,4.5,mb,reviewed,"Izu Islands, Japan region"
2021-12-20 16:05:25.749000+00:00,42.3918,142.6649,40.84,5.1,mb,reviewed,"25 km ENE of Shizunai-furukawach?, Japan"
2021-12-21 16:42:40.753000+00:00,31.2206,142.2798,10.0,5.1,mww,reviewed,"Izu Islands, Japan region"
2021-12-23 08:45:22.308000+00:00,35.6223,141.1246,42.76,4.5,mb,reviewed,"29 km ESE of Hasaki, Japan"
2021-12-26 06:51:55.228000+00:00,31.2058,142.2465,10.0,4.8,mb,reviewed,"Izu Islands, Japan region"
2021-12-27 10:30:03.399000+00:00,31.2093,142.2194,10.0,4.5,mb,reviewed,"Izu Islands, Japan region"
2021-12-30 03:59:17.646000+00:00,39.7509,141.9686,64.39,4.7,mb,reviewed,"11 km NNE of Miyako, Japan"
2021-12-30 19:19:16.109000+00:00,33.1948,142.5877,10.0,4.5,mb,reviewed,"off the east coast of Honshu, Japan"
2022-01-04 05:35:08.213000+00:00,37.7085,141.5249,61.35,4.5,mb,reviewed,"52 km ENE of Namie, Japan"
2022-01-12 15:46:06.623000+00:00,30.5344,131.1016,35.0,4.8,mb,reviewed,"24 km SSE of Nishinoomote, Japan"
2022-01-15 14:41:57.957000+00:00,43.1041,146.2025,70.3,4.8,mb,reviewed,"56 km ESE of Nemuro, Japan"
2022-01-19 19:54:21.596000+00:00,31.4205,142.1309,10.0,4.5,mb,reviewed,"Izu Islands, Japan region"
2022-01-21 16:08:37.210000+00:00,32.7282,132.0386,39.0,6.3,mww,reviewed,"27 km SSE of Saiki, Japan"
2022-01-24 16:53:18.677000+00:00,30.9626,136.0827,501.6,4.5,mb,reviewed,"southeast of Shikoku, Japan"
2022-01-26 21:09:14.687000+00:00,35.9769,140.4839,59.74,4.5,mb,reviewed,"7 km NW of Itako, Japan"
2022-01-28 16:32:30.002000+00:00,38.618,144.8209,10.0,5.0,mb,reviewed,"265 km ESE of Yamada, Japan"
2022-02-01 09:18:31.815000+00:00,32.5773,141.7342,10.0,4.6,mb,reviewed,"Izu Islands, Japan region"
2022-02-05 02:46:40.020000+00:00,31.7182,142.455,10.0,4.6,mb,reviewed,"Izu Islands, Japan region"
2022-02-11 00:04:58.487000+00:00,37.1392,141.0558,38.73,4.5,mb,reviewed,"18 km ENE of Iwaki, Japan"
2022-02-13 06:50:33.361000+00:00,42.4366,144.1559,45.77,4.9,mb,reviewed,"62 km SSW of Kushiro, Japan"
2022-02-14 13:37:49.771000+00:00,35.8658,140.5794,44.97,4.5,mb,reviewed,"3 km WNW of Omigawa, Japan"
2022-02-18 02:55:07.832000+00:00,38.2149,141.689,56.19,5.1,mww,reviewed,"40 km ESE of Ishinomaki, Japan"
2022-02-21 01:12:51.371000+00:00,36.2176,140.984,36.09,4.6,mb,reviewed,"37 km ESE of ?arai, Japan"
2022-02-22 03:13:18.152000+00:00,32.5642,141.7934,10.0,4.6,mb,reviewed,"Izu Islands, Japan region"
2022-02-24 05:18:38.671000+00:00,37.4192,142.9545,10.0,4.8,mb,reviewed,"173 km E of Namie, Japan"
2022-02-26 05:49:52.386000+00:00,39.3263,142.4203,51.55,4.9,mb,reviewed,"43 km ESE of Yamada, Japan"
2022-02-27 11:11:08.641000+00:00,42.7583,146.5208,36.97,4.7,mb,reviewed,"99 km SE of Nemuro, Japan"
2022-03-02 03:25:17.787000+00:00,43.8393,148.6868,10.0,4.5,mb,reviewed,east of the Kuril Islands
2022-03-03 15:10:11.289000+00:00,30.7007,141.7149,10.0,4.6,mb,reviewed,"Izu Islands, Japan region"
2022-03-04 22:29:45.422000+00:00,39.606,143.6959,10.0,5.1,mww,reviewed,"150 km E of Miyako, Japan"
2022-03-07 10:09:26.024000+00:00,42.1364,144.3851,35.0,4.8,mb,reviewed,"93 km S of Kushiro, Japan"
2022-03-11 11:13:06.292000+00:00,35.5957,142.6897,10.0,4.8,mb,reviewed,"168 km E of Hasaki, Japan"
2022-03-16 14:36:30.997000+00:00,37.7132,141.5793,41.0,7.3,mww,reviewed,"57 km ENE of Namie, Japan"
2022-03-17 10:43:11.673000+00:00,37.7571,141.7807,48.62,4.7,mb,reviewed,"75 km ENE of Namie, Japan"
2022-03-18 14:25:18.916000+00:00,40.1122,141.977,29.59,5.1,mb,reviewed,"51 km N of Miyako, Japan"
2022-03-19 23:53:51.111000+00:00,39.4591,143.4224,19.85,4.6,mb,reviewed,"126 km E of Yamada, Japan"
2022-03-23 00:23:55.674000+00:00,37.4502,137.312,10.0,4.5,mb,reviewed,"53 km NE of Nanao, Japan"
2022-03-25 03:08:16.113000+00:00,37.5778,141.3624,40.43,5.2,mww,reviewed,"near the east coast of Honshu, Japan"
2022-03-25 15:20:08.603000+00:00,37.5801,141.3942,49.25,4.7,mb,reviewed,"36 km ENE of Namie, Japan"
2022-03-26 23:15:31.808000+00:00,42.3727,142.9779,55.41,5.0,mww,reviewed,"50 km E of Shizunai-furukawach?, Japan"
2022-03-28 16:36:29.339000+00:00,37.7216,141.9224,57.73,4.6,mb,reviewed,"85 km ENE of Namie, Japan"
2022-04-01 01:32:41.869000+00:00,30.6765,141.688,28.65,5.1,mb,reviewed,"Izu Islands, Japan region"
2022-04-02 11:16:45.311000+00:00,31.6944,131.7378,43.88,4.8,mb,reviewed,"36 km ENE of Nichinan, Japan"
2022-04-04 10:29:03.977000+00:00,37.3748,141.6836,33.83,5.4,mww,reviewed,"61 km ESE of Namie, Japan"
2022-04-05 15:03:54.004000+00:00,37.8085,141.6288,53.59,4.8,mww,reviewed,"66 km ENE of Namie, Japan"
2022-04-07 00:30:35.683000+00:00,34.927,137.4661,10.24,4.6,mb,reviewed,"4 km NW of Shinshiro, Japan"
2022-04-10 09:43:15.488000+00:00,36.1963,141.499,26.45,5.0,mww,reviewed,"79 km NE of Hasaki, Japan"
2022-04-12 16:07:54.334000+00:00,34.5523,140.4059,53.99,4.5,mb,reviewed,"66 km S of Katsuura, Japan"
2022-04-14 03:40:07.665000+00:00,33.3251,141.0138,35.0,4.5,mb,reviewed,"212 km SSE of Katsuura, Japan"
2022-04-15 22:33:57.966000+00:00,30.1271,137.3566,507.05,4.6,mb,reviewed,"Izu Islands, Japan region"
2022-04-17 16:08:03.029000+00:00,31.1726,142.4287,10.0,4.5,mb,reviewed,"Izu Islands, Japan region"
2022-04-18 23:16:00.135000+00:00,36.9242,140.3142,94.75,5.3,mww,reviewed,"17 km N of Daigo, Japan"
2022-04-24 08:16:13.098000+00:00,41.7585,143.7955,36.44,5.2,mww,reviewed,"134 km ESE of Shizunai-furukawach?, Japan"
2022-04-27 00:12:49.235000+00:00,35.1803,140.435,88.35,4.6,mb,reviewed,"8 km SSE of ?hara, Japan"
2022-04-28 10:03:21.963000+00:00,41.1849,142.3054,58.42,4.7,mb,reviewed,"91 km E of Mutsu, Japan"
2022-04-29 11:23:11.615000+00:00,31.1606,130.3699,158.52,4.5,mb,reviewed,"12 km SSE of Makurazaki, Japan"
2022-05-02 03:14:28.349000+00:00,31.3688,138.7451,10.0,5.3,mww,reviewed,"Izu Islands, Japan region"
2022-05-03 10:39:57.036000+00:00,35.6215,139.4607,134.53,4.8,mb,reviewed,"7 km SE of Hino, Japan"
2022-05-05 09:42:03.414000+00:00,36.1599,139.7938,65.13,5.0,mb,reviewed,"6 km N of Sakai, Japan"
2022-05-09 08:33:07.436000+00:00,34.534,136.895,328.96,5.3,mww,reviewed,"7 km NE of Toba, Japan"
2022-05-11 05:27:39.573000+00:00,38.6028,142.344,41.6,4.6,mb,reviewed,"78 km SE of Ofunato, Japan"
2022-05-13 15:47:26.527000+00:00,40.1578,142.7327,40.63,4.6,mb,reviewed,"88 km NE of Miyako, Japan"
2022-05-18 03:52:25.111000+00:00,33.3301,141.4573,13.0,5.6,mww,reviewed,"227 km SSE of Katsuura, Japan"
2022-05-19 11:15:06.761000+00:00,33.3224,141.4685,10.0,4.9,mb,reviewed,"228 km SSE of Katsuura, Japan"
2022-05-22 15:17:31.327000+00:00,33.2279,141.4121,12.0,6.0,mww,reviewed,"235 km SSE of Katsuura, Japan"
2022-05-27 08:59:34.208000+00:00,37.8102,141.7438,51.86,4.8,mb,reviewed,"75 km ENE of Namie, Japan"
2022-05-29 06:55:23.553000+00:00,36.2785,140.9733,43.32,5.1,mww,reviewed,"35 km E of ?arai, Japan"
2022-06-01 01:19:43.918000+00:00,42.5923,142.1411,94.5,4.5,mb,reviewed,"34 km NNW of Shizunai-furukawach?, Japan"
2022-06-04 18:48:42.245000+00:00,32.891,140.6534,65.71,4.6,mb,reviewed,"243 km SSE of Tateyama, Japan"
2022-06-08 17:26:54.619000+00:00,38.5617,141.9149,56.51,4.7,mb,reviewed,"56 km ENE of Ishinomaki, Japan"
2022-06-10 02:14:06.049000+00:00,41.8708,142.2015,65.23,4.9,mwr,reviewed,"53 km SSW of Shizunai-furukawach?, Japan"
2022-06-12 12:45:50.153000+00:00,37.5773,141.8137,44.362,4.9,mww,reviewed,"72 km E of Namie, Japan"
2022-06-14 02:17:49.692000+00:00,33.3019,142.2502,10.0,4.5,mb,reviewed,"271 km SE of Katsuura, Japan"
2022-06-16 15:51:26.150000+00:00,33.9496,134.5716,39.75,4.9,mww,reviewed,"5 km S of Komatsushimach?, Japan"
2022-06-19 06:08:06.557000+00:00,37.5046,137.3115,10.0,5.1,mww,reviewed,"58 km NNE of Nanao, Japan"
2022-06-24 00:26:46.759000+00:00,33.097,141.9594,10.0,4.6,mb,reviewed,"273 km SSE of Katsuura, Japan"
2022-06-26 12:44:48.956000+00:00,32.5304,130.6201,10.0,4.6,mb,reviewed,"3.5 km NE of Honmachi, Japan"
2022-06-27 20:03:04.100000+00:00,38.5364,142.1554,45.77,4.9,mb,reviewed,"70 km SSE of ?funato, Japan"
2022-06-30 05:14:56.328000+00:00,30.8563,131.3634,29.2,4.6,mb,reviewed,"37 km ENE of Nishinoomote, Japan"
2022-07-02 12:53:31.403000+00:00,33.1734,141.9893,10.0,4.9,mb,reviewed,"267 km SE of Katsuura, Japan"
2022-07-05 20:10:25.994000+00:00,38.4394,142.0322,73.636,5.3,mww,reviewed,"63 km E of Ishinomaki, Japan"
2022-07-06 04:02:10.895000+00:00,41.5698,141.8998,56.95,4.6,mb,reviewed,"65 km ENE of Mutsu, Japan"
2022-07-07 08:03:03.072000+00:00,37.7783,141.514,68.774,4.5,mb,reviewed,"50 km ENE of Minami-S?ma, Japan"
2022-07-09 01:12:05.801000+00:00,37.1495,141.2298,45.04,4.8,mb,reviewed,"32 km ENE of Iwaki, Japan"
2022-07-12 03:08:55.527000+00:00,33.2098,141.8283,10.0,4.7,mb,reviewed,"256 km SSE of Katsuura, Japan"
2022-07-14 02:56:32.250000+00:00,42.7894,141.2371,138.15,4.5,mb,reviewed,"Hokkaido, Japan region"
2022-07-16 01:58:53.673000+00:00,36.185,140.8905,80.29,4.5,mb,reviewed,"31 km ESE of ?arai, Japan"
2022-07-17 16:15:43.162000+00:00,33.1012,141.9984,10.0,4.6,mb,reviewed,"274 km SE of Katsuura, Japan"
2022-07-21 09:44:40.572000+00:00,37.512,141.6698,44.049,4.6,mwr,reviewed,"59 km E of Namie, Japan"
2022-07-22 03:01:57.418000+00:00,40.6088,141.3232,87.462,5.2,mww,reviewed,"10 km SSW of Misawa, Japan"
2022-07-25 05:46:29.004000+00:00,44.6496,148.4259,112.452,4.6,mb,reviewed,Kuril Islands
2022-07-28 19:52:27.254000+00:00,32.4751,142.4278,10.0,5.4,mww,reviewed,"Izu Islands, Japan region"
2022-07-29 21:17:24.600000+00:00,32.7657,142.0354,10.0,4.8,mww,reviewed,"Izu Islands, Japan region"
2022-07-31 18:50:12.271000+00:00,32.4716,142.458,10.0,5.3,mb,reviewed,"Izu Islands, Japan region"
2022-08-04 03:39:45.898000+00:00,32.6119,142.5292,11.525,5.7,mww,reviewed,"Izu Islands, Japan region"
2022-08-05 11:34:33.637000+00:00,32.7581,142.4272,10.0,4.9,mww,reviewed,"Izu Islands, Japan region"
2022-08-06 12:23:46.965000+00:00,36.2828,141.0919,22.83,5.0,mww,reviewed,"45 km E of ?arai, Japan"
2022-08-07 22:57:13.983000+00:00,32.8798,142.5597,10.0,4.8,mb,reviewed,"Izu Islands, Japan region"
2022-08-10 15:35:18.640000+00:00,44.878,142.011,10.0,4.8,mb,reviewed,"56 km SSE of Makubetsu, Japan"
2022-08-10 15:52:58.650000+00:00,44.9455,142.0932,10.0,5.1,mww,reviewed,"51 km SSE of Makubetsu, Japan"
2022-08-12 12:11:00.648000+00:00,35.4776,140.9598,38.705,4.6,mb,reviewed,"30 km SSE of Hasaki, Japan"
2022-08-13 21:57:46.106000+00:00,35.4802,140.9768,40.84,4.6,mb,reviewed,"30 km SSE of Hasaki, Japan"
2022-08-17 04:24:44.961000+00:00,33.1235,141.7775,10.0,5.6,mww,reviewed,"261 km SSE of Katsuura, Japan"
2022-08-18 05:46:08.524000+00:00,37.5959,141.7262,46.857,5.1,mww,reviewed,"65 km E of Namie, Japan"
2022-08-19 16:35:59.336000+00:00,37.8178,141.8272,57.487,4.5,mb,reviewed,"80 km SE of Ishinomaki, Japan"
2022-08-22 21:04:56.609000+00:00,33.317,141.8495,10.0,4.5,mb,reviewed,"247 km SE of Katsuura, Japan"
2022-08-25 23:48:30.551000+00:00,32.0426,130.0628,10.0,4.6,mb,reviewed,"13 km WNW of Akune, Japan"
2022-08-28 00:54:51.046000+00:00,32.5011,142.4384,10.0,5.2,mww,reviewed,"Izu Islands, Japan region"
2022-09-01 11:21:10.788000+00:00,31.3801,131.6854,31.405,4.9,mb,reviewed,"38 km SE of Nichinan, Japan"
2022-09-03 02:54:51.333000+00:00,35.7904,139.7805,92.167,4.6,mb,reviewed,"5 km SSW of S?ka, Japan"
2022-09-04 14:58:22.340000+00:00,32.3763,142.4687,10.0,5.2,mww,reviewed,"Izu Islands, Japan region"
2022-09-06 14:29:56.666000+00:00,32.3122,142.4196,10.0,4.9,mb,reviewed,"Izu Islands, Japan region"
2022-09-09 09:55:04.014000+00:00,36.7306,140.5588,34.493,4.5,mb,reviewed,"14 km W of Takahagi, Japan"
2022-09-11 21:21:53.762000+00:00,41.1898,140.1452,169.073,5.0,mb,reviewed,"45 km NNW of Shimokizukuri, Japan"
2022-09-13 00:51:59.580000+00:00,41.5709,142.0945,60.714,5.2,mww,reviewed,"79 km ENE of Mutsu, Japan"
2022-09-14 11:24:04.099000+00:00,32.2883,142.4999,10.0,4.5,mb,reviewed,"Izu Islands, Japan region"
2022-09-18 02:09:46.282000+00:00,35.8136,140.7691,47.248,4.8,mb,reviewed,"10 km NNW of Hasaki, Japan"
2022-09-20 00:06:34.115000+00:00,40.1526,141.8995,64.241,4.6,mb,reviewed,"51 km SE of Hachinohe, Japan"
2022-09-21 22:24:40.831000+00:00,35.1778,141.1945,12.116,5.0,mww,reviewed,"69 km SSE of Hasaki, Japan"
2022-09-23 00:53:50.787000+00:00,36.0182,140.3446,83.41,4.7,mb,reviewed,"7 km NNE of Inashiki, Japan"
2022-09-24 01:00:17.165000+00:00,37.7995,141.9317,49.52,4.5,mb,reviewed,"88 km SE of Ishinomaki, Japan"
2022-09-26 16:05:23.285000+00:00,40.5895,142.8356,35.0,5.0,mww,reviewed,"113 km E of Hachinohe, Japan"
2022-09-28 10:32:16.802000+00:00,32.3683,142.6289,10.0,4.5,mb,reviewed,"Izu Islands, Japan region"
2022-09-30 02:19:52.085000+00:00,32.2301,142.469,10.0,4.9,mb,reviewed,"Izu Islands, Japan region"
2022-10-01 15:02:32.377000+00:00,31.3495,131.4691,31.0,5.7,mww,reviewed,"26 km SE of Kushima, Japan"
2022-10-02 22:45:34.700000+00:00,38.4693,142.4942,35.0,4.5,mb,reviewed,"95 km SE of ?funato, Japan"
2022-10-05 19:04:11.936000+00:00,38.7587,141.9998,64.868,4.8,mb,reviewed,"42 km SE of ?funato, Japan"
2022-10-06 20:09:27.610000+00:00,33.6125,139.4285,15.194,4.8,mb,reviewed,"126 km SSE of Shimoda, Japan"
2022-10-10 00:02:59.585000+00:00,42.0966,144.1664,35.0,4.9,mb,reviewed,"Hokkaido, Japan region"
2022-10-11 20:28:55.099000+00:00,32.2789,142.4233,16.471,4.9,mb,reviewed,"Izu Islands, Japan region"
2022-10-13 22:30:53.913000+00:00,37.8087,142.0349,45.157,4.6,mb,reviewed,"87 km SE of Onagawa Ch?, Japan"
2022-10-15 15:25:02.383000+00:00,35.946,139.0914,130.395,4.5,mb,reviewed,"5 km SSE of Chichibu, Japan"
2022-10-19 05:55:00.653000+00:00,39.6478,143.3627,23.675,5.2,mww,reviewed,"122 km E of Miyako, Japan"
2022-10-21 06:19:48.911000+00:00,37.4163,141.2093,40.722,4.9,mb,reviewed,"19 km ESE of Namie, Japan"
2022-10-22 09:03:15.471000+00:00,39.2644,144.7819,10.0,4.5,mb,reviewed,"245 km E of Yamada, Japan"
2022-10-23 20:09:07.129000+00:00,31.3496,141.8025,12.84,4.9,mww,reviewed,"Izu Islands, Japan region"
2022-10-26 07:06:01.197000+00:00,41.9665,144.7814,22.883,5.3,mww,reviewed,"116 km SSE of Kushiro, Japan"
2022-10-27 04:20:06.780000+00:00,32.1925,142.5361,10.0,5.0,mb,reviewed,"Izu Islands, Japan region"
2022-10-29 19:46:56.307000+00:00,32.3746,142.5989,10.0,4.8,mb,reviewed,"Izu Islands, Japan region"
2022-11-01 23:45:54.466000+00:00,41.9614,144.9414,14.274,5.1,mb,reviewed,"121 km SSE of Kushiro, Japan"
2022-11-03 10:04:33.746000+00:00,35.5684,140.1422,73.534,4.9,mww,reviewed,"4 km SSE of Chiba, Japan"
2022-11-09 08:40:11.927000+00:00,36.1855,140.0343,56.302,4.8,mww,reviewed,"6 km WSW of Tsukuba, Japan"
2022-11-14 08:08:26.124000+00:00,33.8139,137.3055,346.0,6.1,mww,reviewed,"85 km SSE of Toba, Japan"
2022-11-14 13:27:58.983000+00:00,37.4099,137.2938,12.694,4.6,mb,reviewed,"49 km NE of Nanao, Japan"
2022-11-17 00:28:20.703000+00:00,40.7826,142.3468,66.476,4.9,mww,reviewed,"78 km ENE of Hachinohe, Japan"
2022-11-20 09:17:24.471000+00:00,42.9148,144.6975,54.638,4.6,mwr,reviewed,"27 km ESE of Kushiro, Japan"
2022-11-22 16:06:39.911000+00:00,31.4749,138.535,10.0,4.6,mb,reviewed,"Izu Islands, Japan region"
2022-11-23 16:52:26.536000+00:00,33.7349,141.3584,32.339,5.2,mww,reviewed,"off the east coast of Honshu, Japan"
2022-11-25 07:04:30.161000+00:00,34.3407,137.4653,319.813,4.5,mb,reviewed,"40 km SSE of Tahara, Japan"
2022-11-26 17:45:57.803000+00:00,32.3385,142.4293,16.212,4.9,mb,reviewed,"Izu Islands, Japan region"
2022-11-27 21:40:46.163000+00:00,41.1763,142.8593,48.932,4.6,mb,reviewed,"134 km SSE of Shizunai-furukawach?, Japan"
2022-11-30 03:45:58.852000+00:00,37.2802,141.7077,48.106,5.0,mww,reviewed,"66 km ESE of Namie, Japan"
2022-12-01 04:54:40.065000+00:00,40.4901,143.9081,10.0,4.9,mb,reviewed,"192 km ENE of Miyako, Japan"
2022-12-02 12:04:30.291000+00:00,35.3699,140.4242,51.032,4.5,mb,reviewed,"13 km ESE of Mobara, Japan"
2022-12-04 20:27:09.530000+00:00,31.3813,132.4033,10.0,4.8,mb,reviewed,"101 km ESE of Nichinan, Japan"
2022-12-06 20:39:55.799000+00:00,36.4215,140.9664,54.701,4.5,mb,reviewed,"34 km SE of Hitachi, Japan"
2022-12-08 02:42:52.683000+00:00,33.5746,140.1496,102.318,4.5,mb,reviewed,"158 km S of Tateyama, Japan"
2022-12-11 12:03:17.850000+00:00,41.7616,144.3778,10.0,4.9,mb,reviewed,"134 km S of Kushiro, Japan"
2022-12-12 19:18:06.402000+00:00,32.0293,141.7542,10.0,4.9,mb,reviewed,"Izu Islands, Japan region"
2022-12-14 18:47:46.602000+00:00,41.1186,143.2022,39.576,4.7,mb,reviewed,"151 km SSE of Shizunai-furukawach?, Japan"
2022-12-15 23:48:01.467000+00:00,40.3866,143.3786,19.047,4.8,mb,reviewed,"147 km ENE of Miyako, Japan"
2022-12-17 18:06:02.988000+00:00,31.7958,131.6429,30.0,5.6,mww,reviewed,"25 km ESE of Miyazaki, Japan"
2022-12-18 14:19:38.532000+00:00,30.3923,131.0718,29.046,4.8,mb,reviewed,"38 km S of Nishinoomote, Japan"
2022-12-22 16:39:58.702000+00:00,41.5245,140.4836,10.652,5.0,mb,reviewed,"34 km SW of Hakodate, Japan"
2022-12-24 01:39:51.619000+00:00,44.2681,148.0394,46.904,4.6,mb,reviewed,Kuril Islands
2022-12-26 12:05:58.372000+00:00,30.2172,142.239,10.0,5.0,mww,reviewed,"Izu Islands, Japan region"
2022-12-27 17:33:46.455000+00:00,43.9419,148.0449,69.428,4.7,mb,reviewed,east of the Kuril Islands
2023-01-01 21:55:08.183000+00:00,31.3366,140.9507,56.524,4.5,mb,reviewed,"Izu Islands, Japan region"
2023-01-02 23:01:13.831000+00:00,31.1665,141.7623,10.0,5.2,mww,reviewed,"Izu Islands, Japan region"
2023-01-06 04:44:03.427000+00:00,37.4215,137.1761,10.0,4.8,mb,reviewed,"45 km NNE of Nanao, Japan"
2023-01-07 14:42:38.037000+00:00,37.48,141.643,47.681,4.7,mb,reviewed,"near the east coast of Honshu, Japan"
2023-01-11 16:19:38.252000+00:00,35.3383,141.0673,25.83,4.9,mb,reviewed,"48 km SSE of Hasaki, Japan"
2023-01-15 16:25:27.414000+00:00,41.165,142.3275,56.74,4.8,mb,reviewed,"94 km E of Mutsu, Japan"
2023-01-17 12:59:29.485000+00:00,30.0294,131.0606,29.959,4.6,mb,reviewed,"55 km ESE of Koshima, Japan"
2023-01-19 03:25:23.797000+00:00,33.7343,137.2383,11.162,4.5,mb,reviewed,"90 km SSE of Toba, Japan"
2023-01-20 05:48:28.582000+00:00,38.9239,142.1003,47.894,5.0,mb,reviewed,"37 km ESE of ?funato, Japan"
2023-01-25 01:00:49.643000+00:00,37.5882,141.6818,52.61,4.9,mww,reviewed,"61 km E of Namie, Japan"
2023-01-29 12:19:47.177000+00:00,35.3532,139.2937,146.936,4.7,mb,reviewed,"4 km NNW of ?iso, Japan"
2023-01-30 19:15:43.487000+00:00,37.8497,142.1119,26.488,4.5,mb,reviewed,"95 km SE of Ishinomaki, Japan"
2023-02-05 00:03:19.669000+00:00,32.655,141.6605,11.0,5.8,mww,reviewed,"Izu Islands, Japan region"
2023-02-06 09:52:12.896000+00:00,45.1685,149.766,74.608,4.5,mb,reviewed,Kuril Islands
2023-02-09 18:30:22.381000+00:00,45.0572,141.6443,279.74,4.5,mb,reviewed,"37 km ESE of Rishiri Town, Japan"
2023-02-13 01:02:42.867000+00:00,37.695,141.6575,57.976,4.6,mwr,reviewed,"60 km E of Minami-S?ma, Japan"
2023-02-13 18:18:54.427000+00:00,42.4829,145.0971,29.312,4.8,mb,reviewed,"64 km SSE of Akkeshi, Japan"
2023-02-19 18:55:42.999000+00:00,42.7956,143.121,132.287,5.0,mb,reviewed,"15 km SSW of Obihiro, Japan"
2023-02-25 13:27:43.704000+00:00,42.8258,145.0212,55.0,6.0,mww,reviewed,"Hokkaido, Japan region"
2023-02-28 11:12:08.737000+00:00,32.932,141.7018,10.0,5.2,mww,reviewed,"276 km SSE of Katsuura, Japan"
2023-03-02 06:47:40.400000+00:00,33.2865,139.5226,18.235,5.0,mww,reviewed,"163 km SSE of Shimoda, Japan"
2023-03-06 22:24:47.998000+00:00,42.3233,144.5598,41.152,5.2,mb,reviewed,"73 km SSE of Kushiro, Japan"
2023-03-08 13:48:45.033000+00:00,36.3756,140.4492,56.674,4.5,mb,reviewed,"2 km N of Mito, Japan"
2023-03-09 14:14:03.769000+00:00,34.6381,141.38,10.0,4.6,mb,reviewed,"111 km ESE of Shinmachi, Japan"
2023-03-10 20:12:39.029000+00:00,42.182,142.9465,58.269,4.8,mb,reviewed,"6 km NNE of Honch?, Japan"
2023-03-13 14:40:04.795000+00:00,44.6462,149.3228,35.0,4.5,mb,reviewed,Kuril Islands
2023-03-18 17:05:14.215000+00:00,30.0141,142.0008,10.0,4.8,mb,reviewed,"Izu Islands, Japan region"
2023-03-20 01:59:22.842000+00:00,35.455,140.9403,31.285,4.6,mwr,reviewed,"28 km SSE of Hasaki, Japan"
2023-03-22 07:36:58.890000+00:00,40.2815,143.1497,22.0,5.6,mww,reviewed,"115 km E of Noda, Japan"
2023-03-24 04:25:29.944000+00:00,30.0034,141.8525,28.558,5.3,mww,reviewed,"Izu Islands, Japan region"
2023-03-26 15:04:20.244000+00:00,38.3345,141.6768,60.162,4.9,mww,reviewed,"23 km ESE of Onagawa Chō, Japan"
2023-03-28 09:18:28.506000+00:00,41.1434,142.8148,37.0,6.0,mww,reviewed,"Hokkaido, Japan region"
2023-03-31 15:29:40.368000+00:00,41.1562,142.7896,50.336,4.9,mb,reviewed,"108 km S of Honchō, Japan"
2023-04-04 15:15:42.968000+00:00,42.8125,144.9347,73.955,4.6,mb,reviewed,"Hokkaido, Japan region"
2023-04-11 15:38:10.261000+00:00,42.6258,143.6978,101.142,4.6,mb,reviewed,"20 km S of Honchō, Japan"
2023-04-19 07:11:54.739000+00:00,31.7002,140.762,86.596,4.6,mb,reviewed,"Izu Islands, Japan region"
2023-04-20 18:25:57.071000+00:00,30.6226,132.4145,16.679,4.7,mb,reviewed,"136 km E of Nishinoomote, Japan"
2023-04-22 01:00:43.545000+00:00,30.6317,132.3989,10.0,4.8,mb,reviewed,"134 km E of Nishinoomote, Japan"
2023-04-28 05:18:15.346000+00:00,32.043,140.8457,66.601,4.5,mb,reviewed,"Izu Islands, Japan region"
2023-04-30 23:58:20.475000+00:00,42.0642,142.471,68.408,4.5,mb,reviewed,"27 km WSW of Urakawa, Japan"
2023-05-03 02:13:16.676000+00:00,41.6883,144.335,32.986,4.5,mb,reviewed,"108 km SE of Hiroo, Japan"
2023-05-05 05:42:04.365000+00:00,37.5476,137.2994,10.0,6.2,mww,reviewed,"49 km NE of Anamizu, Japan"
2023-05-08 20:14:17.486000+00:00,37.5099,137.3075,5.996,4.9,mb,reviewed,"47 km NE of Anamizu, Japan"
2023-05-10 19:16:42.518000+00:00,35.1171,140.0913,39.454,5.2,mwr,reviewed,"2 km NNW of Kamogawa, Japan"
2023-05-11 09:52:44.010000+00:00,42.3313,143.0155,61.946,5.2,mww,reviewed,"23 km WNW of Hiroo, Japan"
2023-05-14 08:21:41.726000+00:00,33.3132,139.3665,12.769,5.8,mww,reviewed,"156 km SSE of Shimoda, Japan"
2023-05-15 09:44:31.380000+00:00,33.2725,139.2745,16.619,4.6,mb,reviewed,"158 km S of Shimoda, Japan"
2023-05-16 11:57:13.336000+00:00,33.2327,139.3961,10.0,4.7,mb,reviewed,"165 km SSE of Shimoda, Japan"
2023-05-18 21:56:27.163000+00:00,33.2888,132.2106,62.252,4.6,mb,reviewed,"27 km SW of Yawatahama, Japan"
2023-05-20 14:11:22.172000+00:00,34.939,140.1882,81.514,4.6,mb,reviewed,"19 km SE of Wada, Japan"
2023-05-22 07:42:40.250000+00:00,34.4462,139.3058,10.0,5.1,mww,reviewed,"41 km SE of Shimoda, Japan"
2023-05-25 00:15:31.584000+00:00,42.1166,142.517,66.774,4.6,mb,reviewed,"22 km W of Urakawa, Japan"
2023-05-26 10:03:24.100000+00:00,35.5294,140.5281,42.0,6.1,mww,reviewed,"12 km SE of Narutō, Japan"
2023-05-30 08:49:17.264000+00:00,37.5033,137.4734,10.0,4.6,mb,reviewed,"58 km ENE of Anamizu, Japan"
2023-06-03 10:35:40.433000+00:00,41.978,142.5738,61.61,5.0,mww,reviewed,"26 km SW of Urakawa, Japan"
2023-06-04 13:59:13.808000+00:00,37.2183,142.2694,35.0,4.5,mb,reviewed,"off the east coast of Honshu, Japan"
2023-06-06 16:10:37.730000+00:00,36.2453,142.0593,27.696,4.5,mb,reviewed,"124 km ENE of Hasaki, Japan"
2023-06-08 21:20:55.904000+00:00,31.2018,130.2253,189.852,4.9,mb,reviewed,"11 km SW of Makurazaki, Japan"
2023-06-11 09:54:44.886000+00:00,42.5268,141.9005,121.0,6.2,mww,reviewed,"20 km WSW of Biratori, Japan"
2023-06-17 00:26:15.154000+00:00,41.1421,142.7329,34.0,5.6,mww,reviewed,"110 km S of Honchō, Japan"
2023-06-19 04:50:45.744000+00:00,42.5016,142.8235,72.622,5.0,mww,reviewed,"Hokkaido, Japan region"
2023-06-20 23:33:47.635000+00:00,33.7277,136.0713,410.377,5.0,mww,reviewed,"8 km E of Shingū, Japan"
2023-06-22 04:23:13.436000+00:00,32.5711,142.4948,10.0,4.6,mb,reviewed,"Izu Islands, Japan region"
2023-06-23 17:39:13.135000+00:00,45.8109,143.1203,314.0,5.6,mww,reviewed,"94 km NE of Hamatonbetsu, Japan"
2023-06-26 07:26:55.182000+00:00,31.269,141.8725,10.0,4.5,mb,reviewed,"Izu Islands, Japan region"
2023-06-28 03:08:11.986000+00:00,35.728,141.4123,35.0,4.6,mb,reviewed,"near the east coast of Honshu, Japan"
2023-07-01 14:38:55.223000+00:00,35.5011,141.1034,39.302,4.9,mb,reviewed,"35 km SE of Hasaki, Japan"
2023-07-05 16:49:49.708000+00:00,42.3857,142.4809,35.0,4.6,mb,reviewed,"11 km ENE of Shizunai-furukawachō, Japan"
2023-07-09 19:52:21.986000+00:00,35.6067,140.4101,55.558,4.6,mb,reviewed,"0 km NW of Narutō, Japan"
2023-07-13 04:43:54.456000+00:00,40.067,142.7592,35.0,5.0,mww,reviewed,"80 km E of Noda, Japan"
2023-07-16 12:00:03.896000+00:00,32.2768,142.4582,10.0,4.8,mb,reviewed,"Izu Islands, Japan region"
2023-07-22 12:14:26.026000+00:00,32.6728,132.0014,28.785,4.9,mb,reviewed,"32 km SSE of Saiki, Japan"
2023-07-24 04:02:05.894000+00:00,35.9355,140.0946,72.258,4.5,mb,reviewed,"2 km NW of Fujishiro, Japan"
2023-07-26 23:38:09.740000+00:00,31.6713,138.1849,355.524,4.8,mb,reviewed,"Izu Islands, Japan region"
2023-07-28 07:44:34.553000+00:00,41.3901,144.3692,10.0,4.7,mb,reviewed,"133 km SE of Hiroo, Japan"
2023-07-29 10:34:12.015000+00:00,36.3664,139.9253,84.261,4.6,mb,reviewed,"7 km SE of Shimotsuke, Japan"
2023-07-31 21:12:47.850000+00:00,39.6413,143.3894,17.347,4.8,mb,reviewed,"124 km E of Miyako, Japan"
2023-08-01 13:07:20.186000+00:00,40.2773,140.5781,125.232,4.9,mb,reviewed,"1 km ENE of Ōdate, Japan"
2023-08-06 18:12:41.603000+00:00,30.7578,131.4022,12.851,5.5,mww,reviewed,"38 km E of Nishinoomote, Japan"
2023-08-08 02:37:24.956000+00:00,30.9836,141.8681,10.0,4.9,mb,reviewed,"Izu Islands, Japan region"
2023-08-11 00:14:33.164000+00:00,41.1218,142.8297,34.0,5.9,mww,reviewed,"Hokkaido, Japan region"
2023-08-16 13:29:33.936000+00:00,39.8033,141.7437,67.012,4.6,mb,reviewed,"7 km SW of Iwaizumi, Japan"
2023-08-18 18:33:04.874000+00:00,42.3156,143.0491,61.192,4.9,mww,reviewed,"20 km W of Hiroo, Japan"
2023-08-21 10:04:42.940000+00:00,42.674,142.7842,123.429,4.6,mb,reviewed,"33 km W of Sarabetsu, Japan"
2023-08-22 15:03:50.092000+00:00,40.2714,141.8407,36.394,4.6,mb,reviewed,"11 km NNE of Kuji, Japan"
2023-08-24 22:48:23.843000+00:00,39.5518,143.3026,18.0,5.8,mww,reviewed,"116 km E of Yamada, Japan"
2023-08-27 00:56:48.052000+00:00,35.4363,141.0887,38.813,4.8,mb,reviewed,"40 km SE of Hasaki, Japan"
2023-08-27 17:03:49.506000+00:00,36.4491,142.6936,10.0,5.0,mb,reviewed,"174 km ESE of Iwaki, Japan"
2023-08-30 03:32:55.133000+00:00,30.7563,140.1401,104.94,4.6,mb,reviewed,"Izu Islands, Japan region"
2023-09-02 15:03:05.610000+00:00,43.0476,144.2535,100.014,4.6,mb,reviewed,"12 km NW of Kushiro, Japan"
2023-09-05 04:27:16.652000+00:00,35.7004,140.1358,66.527,4.9,mb,reviewed,"6 km NNW of Yotsukaidō, Japan"
2023-09-06 15:52:16.189000+00:00,41.4904,130.0784,644.879,4.9,mb,reviewed,"34 km E of Hoemul-li, North Korea"
2023-09-08 09:28:48.829000+00:00,38.9143,142.1007,40.452,5.2,mwr,reviewed,"37 km ESE of Ōfunato, Japan"
2023-09-10 17:58:28.903000+00:00,31.1037,131.503,43.648,4.6,mb,reviewed,"49 km SSE of Kushima, Japan"
2023-09-12 13:58:01.058000+00:00,30.1815,142.1535,10.0,4.8,mb,reviewed,"Izu Islands, Japan region"
2023-09-15 19:35:57.740000+00:00,37.1972,141.5158,42.147,4.5,mb,reviewed,"46 km ESE of Tomioka, Japan"
2023-09-19 06:22:36.608000+00:00,30.9964,141.9897,8.0,5.8,mww,reviewed,"Izu Islands, Japan region"
2023-09-19 22:17:47.305000+00:00,30.9761,142.008,10.0,5.2,mww,reviewed,"Izu Islands, Japan region"
2023-09-21 21:22:12.562000+00:00,30.966,141.8013,12.765,5.7,mww,reviewed,"Izu Islands, Japan region"
2023-09-23 10:08:17.110000+00:00,30.7204,141.5702,10.0,4.5,mb,reviewed,"Izu Islands, Japan region"
2023-09-25 23:39:21.693000+00:00,38.3269,141.2176,75.788,4.5,mwr,reviewed,"9 km SSE of Higashimatsushima, Japan"
2023-09-27 02:54:44.172000+00:00,31.4154,141.7419,11.753,5.0,mb,reviewed,"Izu Islands, Japan region"
2023-09-29 15:44:57.240000+00:00,40.0644,144.1888,10.0,4.6,mb,reviewed,"197 km ENE of Miyako, Japan"
2023-09-30 17:41:58.501000+00:00,30.8098,141.808,10.0,4.5,mb,reviewed,"Izu Islands, Japan region"
2023-10-02 08:46:30.732000+00:00,31.025,142.0459,10.0,4.7,mb,reviewed,"Izu Islands, Japan region"
2023-10-04 04:55:47.021000+00:00,31.0417,141.862,10.0,5.6,mww,reviewed,"Izu Islands, Japan region"
2023-10-05 06:22:12.247000+00:00,30.0884,140.0279,10.0,5.7,mww,reviewed,"Izu Islands, Japan region"
2023-10-06 01:31:17.149000+00:00,30.1409,139.9683,10.0,6.1,mww,reviewed,"Izu Islands, Japan region"
2023-10-07 14:26:28.186000+00:00,40.2023,142.3093,53.464,5.1,mb,reviewed,"43 km ENE of Noda, Japan"
2023-10-09 08:45:39.600000+00:00,30.6622,141.8981,10.0,4.6,mb,reviewed,"Izu Islands, Japan region"
2023-10-11 14:10:50.027000+00:00,40.6585,142.3965,59.957,4.5,mb,reviewed,"74 km NE of Kuji, Japan"
2023-10-13 09:59:51.842000+00:00,41.074,140.1515,168.306,5.1,mb,reviewed,"30 km WSW of Imabetsu, Japan"
2023-10-15 09:13:25.711000+00:00,33.7721,141.7225,16.306,5.2,mww,reviewed,"199 km SE of Katsuura, Japan"
2023-10-18 22:15:06.845000+00:00,30.8272,141.3689,25.335,5.1,mww,reviewed,"Izu Islands, Japan region"
2023-10-20 19:01:44.453000+00:00,30.9402,141.3646,28.807,5.0,mww,reviewed,"Izu Islands, Japan region"
2023-10-29 02:13:49.536000+00:00,38.9388,142.5014,41.505,4.7,mb,reviewed,"66 km SE of Kamaishi, Japan"
2023-10-30 22:44:57.660000+00:00,32.6712,141.6876,10.0,5.0,mb,reviewed,"Izu Islands, Japan region"
2023-11-01 08:15:58.160000+00:00,31.3098,141.6472,28.881,4.6,mb,reviewed,"Izu Islands, Japan region"
2023-11-05 05:16:42.745000+00:00,39.8885,143.1551,36.519,4.6,mb,reviewed,"107 km ENE of Miyako, Japan"
2023-11-05 17:10:08.462000+00:00,37.828,141.7219,51.87,4.7,mwr,reviewed,"near the east coast of Honshu, Japan"
2023-11-09 09:45:03.883000+00:00,39.1733,144.7163,10.0,4.6,mb,reviewed,"240 km E of Yamada, Japan"
2023-11-10 20:50:30.208000+00:00,31.2909,130.7679,109.152,5.3,mww,reviewed,"12 km SW of Kanoya, Japan"
2023-11-16 02:49:28.145000+00:00,30.5568,137.8886,479.511,4.5,mb,reviewed,"Izu Islands, Japan region"
2023-11-19 21:01:30.533000+00:00,41.2349,142.214,42.0,5.8,mww,reviewed,"82 km ENE of Yokohama, Japan"
2023-11-26 01:47:09.705000+00:00,37.9114,142.5405,32.856,4.8,mb,reviewed,"112 km ESE of Onagawa Chō, Japan"
2023-11-27 20:35:22.575000+00:00,34.3837,137.5687,297.938,4.6,mb,reviewed,"33 km S of Arai, Japan"
2023-11-29 15:48:51.974000+00:00,35.0124,140.4536,55.226,4.7,mb,reviewed,"19 km SE of Katsuura, Japan"
2023-12-01 03:52:13.496000+00:00,37.9594,141.8354,52.051,4.7,mb,reviewed,"63 km SSE of Onagawa Chō, Japan"
2023-12-03 22:08:22.269000+00:00,31.5297,139.6706,10.0,4.9,mb,reviewed,"Izu Islands, Japan region"
2023-12-09 07:03:46.126000+00:00,34.4731,140.2525,65.592,4.5,mwr,reviewed,"66 km SSE of Wada, Japan"
2023-12-16 02:04:01.450000+00:00,37.4842,142.4099,39.064,4.5,mb,reviewed,"124 km E of Tomioka, Japan"
2023-12-17 05:11:39.056000+00:00,36.2197,139.6826,77.918,4.7,mb,reviewed,"4 km SE of Fujioka, Japan"
2023-12-21 11:29:51.481000+00:00,35.1413,141.1851,28.061,4.7,mwr,reviewed,"73 km SSE of Hasaki, Japan"
2023-12-21 14:04:11.571000+00:00,35.2431,141.0136,10.0,5.2,mww,reviewed,"56 km E of Ōhara, Japan"
2023-12-23 10:15:20.807000+00:00,31.3971,139.6523,10.0,4.7,mb,reviewed,"Izu Islands, Japan region"
2023-12-25 04:49:01.655000+00:00,33.149,137.7852,336.23,5.0,mb,reviewed,"158 km SSE of Shima, Japan"
2023-12-26 06:30:57.595000+00:00,30.4391,138.5611,430.798,4.9,mb,reviewed,"Izu Islands, Japan region"
2023-12-29 04:38:54.026000+00:00,32.3046,141.7204,10.0,4.9,mww,reviewed,"Izu Islands, Japan region"
2023-12-30 06:07:30.619000+00:00,42.8445,142.4671,45.185,4.5,mb,reviewed,"17 km SSE of Shimukappu, Japan"
2024-01-01 07:10:09.476000+00:00,37.4874,137.271,10.0,7.5,mww,reviewed,"2024 Noto Peninsula, Japan Earthquake"
2024-01-03 01:54:34.243000+00:00,37.3466,136.9204,10.0,5.3,mww,reviewed,"12 km N of Anamizu, Japan"
2024-01-04 08:16:22.946000+00:00,37.6914,137.456,10.0,4.9,mww,reviewed,"70 km NE of Anamizu, Japan"
2024-01-04 13:59:08.875000+00:00,31.4856,139.6402,10.0,4.6,mb,reviewed,"Izu Islands, Japan region"
2024-01-05 20:26:51.093000+00:00,37.2225,136.8266,10.0,5.1,mww,reviewed,"6 km W of Anamizu, Japan"
2024-01-07 06:26:56.123000+00:00,37.2146,136.7566,10.0,4.8,mb,reviewed,"12 km W of Anamizu, Japan"
2024-01-09 08:59:10.141000+00:00,37.8629,137.7814,10.0,5.9,mww,reviewed,"53 km WSW of Sado, Japan"
2024-01-11 09:40:48.388000+00:00,31.6351,142.0567,10.0,4.5,mb,reviewed,"Izu Islands, Japan region"
2024-01-12 15:58:02.250000+00:00,32.2783,141.824,23.974,4.6,mb,reviewed,"Izu Islands, Japan region"
2024-01-16 09:42:16.421000+00:00,37.1307,136.7977,10.0,4.7,mwr,reviewed,"14 km SW of Anamizu, Japan"
2024-01-23 21:33:49.499000+00:00,42.4583,145.0728,33.702,5.1,mww,reviewed,"66 km SSE of Akkeshi, Japan"
2024-01-25 04:29:48.696000+00:00,43.2538,145.7559,58.98,4.8,mb,reviewed,"16 km ESE of Nemuro, Japan"
2024-01-26 05:40:04.386000+00:00,37.1491,136.8406,10.0,4.5,mb,reviewed,"10 km SSW of Anamizu, Japan"
2024-01-27 23:59:29.184000+00:00,35.5331,139.9558,70.051,5.1,mb,reviewed,"11 km W of Ichihara, Japan"
2024-01-29 20:03:05.077000+00:00,35.3911,141.2952,28.066,4.8,mb,reviewed,"56 km SE of Hasaki, Japan"
2024-02-05 08:30:50.309000+00:00,30.7824,131.4467,38.302,5.0,mb,reviewed,"43 km E of Nishinoomote, Japan"
2024-02-06 21:08:13.917000+00:00,37.7188,137.545,10.0,4.9,mww,reviewed,"78 km NE of Anamizu, Japan"
2024-02-08 04:26:32.323000+00:00,37.6822,141.8718,44.39,4.5,mb,reviewed,"79 km E of Minami-Sōma, Japan"
2024-02-09 08:42:33.870000+00:00,34.9465,139.1653,167.587,4.5,mb,reviewed,"7 km ESE of Itō, Japan"
2024-02-12 08:54:04.467000+00:00,35.1786,142.3271,10.0,4.7,mb,reviewed,"148 km ESE of Hasaki, Japan"
2024-02-14 06:53:58.474000+00:00,31.8124,138.0778,372.322,5.2,mww,reviewed,"283 km SE of Kushimoto, Japan"
2024-02-15 03:48:18.648000+00:00,37.8365,137.7212,10.0,4.8,mww,reviewed,"59 km WSW of Sado, Japan"
2024-02-16 11:00:58.056000+00:00,31.4556,140.5717,13.429,4.8,mb,reviewed,"Izu Islands, Japan region"
2024-02-17 11:47:30.170000+00:00,40.2279,142.3112,50.024,4.6,mb,reviewed,"44 km ENE of Noda, Japan"
2024-02-22 11:31:02.490000+00:00,32.3391,140.2112,92.552,4.5,mb,reviewed,"284 km SSE of Shimoda, Japan"
2024-02-23 23:10:43.909000+00:00,32.1658,137.4984,404.065,5.3,mww,reviewed,"216 km SE of Kushimoto, Japan"
2024-02-26 06:24:12.701000+00:00,33.6245,132.4056,41.542,4.9,mww,reviewed,"18 km N of Yawatahama, Japan"
2024-02-28 13:43:34.623000+00:00,41.9939,142.467,58.839,4.8,mb,reviewed,"31 km SW of Urakawa, Japan"
2024-02-29 20:43:16.110000+00:00,35.371,140.632,23.083,5.1,mww,reviewed,"22 km E of Ichinomiya, Japan"
2024-03-01 16:49:02.796000+00:00,35.2435,140.4032,19.883,4.9,mww,reviewed,"1 km ESE of Ōhara, Japan"
2024-03-03 08:31:58.877000+00:00,41.1102,142.0938,56.691,4.9,mww,reviewed,"70 km E of Yokohama, Japan"
2024-03-09 05:18:25.096000+00:00,41.9328,142.3692,60.965,4.9,mb,reviewed,"42 km SW of Urakawa, Japan"
2024-03-10 17:20:01.924000+00:00,31.8613,141.7641,10.0,4.8,mb,reviewed,"Izu Islands, Japan region"
2024-03-13 11:24:42.107000+00:00,37.059,141.3001,48.32,4.6,mwr,reviewed,"37 km E of Iwaki, Japan"
2024-03-14 15:14:35.701000+00:00,37.083,141.1231,44.0,5.6,mww,reviewed,"21 km E of Iwaki, Japan"
2024-03-16 21:17:04.821000+00:00,37.1332,141.4549,48.55,5.3,mww,reviewed,"44 km ESE of Tomioka, Japan"
2024-03-18 16:12:34.179000+00:00,31.3103,130.517,129.261,4.5,mb,reviewed,"15 km NW of Ibusuki, Japan"
2024-03-21 00:08:02.844000+00:00,35.9739,139.748,45.002,5.2,mww,reviewed,"1 km S of Kasukabe, Japan"
2024-03-22 23:31:49.930000+00:00,35.4598,136.7704,35.982,4.6,mb,reviewed,"1 km S of Yamagata, Japan"
2024-04-01 19:24:36.670000+00:00,40.1435,141.6984,73.0,5.9,mww,reviewed,"7 km SW of Kuji, Japan"
2024-04-04 03:16:30.313000+00:00,37.7104,141.856,29.0,6.1,mww,reviewed,"77 km E of Minami-Sōma, Japan"
2024-04-04 20:31:49.325000+00:00,41.9769,142.4449,63.264,5.0,mww,reviewed,"34 km SW of Urakawa, Japan"
2024-04-06 00:12:17.749000+00:00,40.8775,143.2258,26.386,5.4,mww,reviewed,"141 km S of Honchō, Japan"
2024-04-08 01:25:29.592000+00:00,31.6565,131.3933,50.529,5.1,mww,reviewed,"6 km NNE of Nichinan, Japan"
2024-04-12 17:07:48.703000+00:00,34.0057,141.7855,24.432,4.7,mb,reviewed,"184 km SE of Katsuura, Japan"
2024-04-17 14:14:46.694000+00:00,33.2503,132.3647,32.0,6.3,mww,reviewed,"18 km W of Uwajima, Japan"
2024-04-19 00:33:22.263000+00:00,36.0485,139.8891,60.512,4.5,mb,reviewed,"0 km W of Iwai, Japan"
2024-04-24 11:40:07.440000+00:00,36.4232,140.5874,54.976,5.1,mww,reviewed,"5 km SSE of Funaishikawa, Japan"
2024-04-27 20:43:31.189000+00:00,35.1815,137.3209,291.032,4.7,mb,reviewed,"19 km NE of Toyota, Japan"
2024-05-06 06:26:25.581000+00:00,30.0676,131.0629,36.02,4.8,mb,reviewed,"53 km SE of Koseda, Japan"
2024-05-08 19:34:44.142000+00:00,33.0408,131.4384,104.653,4.5,mb,reviewed,"8 km NNE of Takedamachi, Japan"
2024-05-11 00:47:16.033000+00:00,41.6969,144.3234,11.196,5.0,mb,reviewed,"107 km SE of Hiroo, Japan"
2024-05-17 03:42:00.166000+00:00,32.5495,140.5424,70.249,4.5,mb,reviewed,"277 km SSE of Tateyama, Japan"
2024-05-23 10:59:58.326000+00:00,43.1538,145.4923,50.244,4.6,mb,reviewed,"20 km SSW of Nemuro, Japan"
2024-05-25 15:55:35.442000+00:00,36.1015,140.0475,66.298,4.8,mww,reviewed,"7 km ESE of Ishige, Japan"
2024-05-29 17:14:58.129000+00:00,32.3127,137.564,392.698,5.5,mww,reviewed,"210 km SE of Kushimoto, Japan"
2024-05-31 19:02:03.195000+00:00,33.2332,132.3066,44.201,4.7,mb,reviewed,"23 km W of Uwajima, Japan"
2024-06-02 21:31:39.387000+00:00,37.4476,137.2681,9.0,5.7,mww,reviewed,"40 km NE of Anamizu, Japan"
2024-06-06 00:03:25.979000+00:00,35.549,140.6854,43.001,4.7,mwr,reviewed,"18 km S of Asahi, Japan"
2024-06-07 12:35:24.201000+00:00,38.5848,142.2029,61.583,4.5,mb,reviewed,"67 km ENE of Onagawa Chō, Japan"
2024-06-12 05:35:31.098000+00:00,42.0421,142.5186,68.507,4.7,mb,reviewed,"25 km WSW of Urakawa, Japan"
2024-06-17 06:57:22.777000+00:00,31.593,131.6399,35.0,4.9,mb,reviewed,"25 km E of Nichinan, Japan"
2024-06-20 05:37:57.894000+00:00,40.2399,142.4108,49.404,4.7,mb,reviewed,"52 km ENE of Noda, Japan"
2024-06-22 00:33:34.828000+00:00,36.2412,141.5692,28.951,4.6,mb,reviewed,"87 km NE of Hasaki, Japan"
2024-06-23 03:12:06.264000+00:00,37.0639,141.2412,46.707,4.7,mwr,reviewed,"31 km E of Iwaki, Japan"
2024-06-25 08:30:59.769000+00:00,33.4839,141.3336,34.723,5.4,mww,reviewed,"206 km SSE of Katsuura, Japan"
2024-06-27 16:19:08.767000+00:00,34.0045,141.5847,10.0,4.6,mb,reviewed,"172 km SE of Katsuura, Japan"
2024-07-02 15:32:43.011000+00:00,35.5084,142.687,6.603,4.7,mww,reviewed,"169 km E of Hasaki, Japan"
2024-07-04 03:12:30.294000+00:00,35.0839,140.3095,47.606,5.1,mww,reviewed,"6 km S of Katsuura, Japan"
2024-07-05 18:14:03.423000+00:00,44.37,142.3255,232.352,5.1,mww,reviewed,"10 km WNW of Nayoro, Japan"
2024-07-11 03:01:18.294000+00:00,36.992,137.4186,10.0,4.9,mb,reviewed,"9 km NW of Nyūzen, Japan"
2024-07-14 09:49:49.171000+00:00,30.7779,139.5882,6.404,4.7,mww,reviewed,"Izu Islands, Japan region"
2024-07-18 11:07:34.561000+00:00,33.578,140.3234,91.0,5.6,mww,reviewed,"161 km SSE of Tateyama, Japan"
2024-07-21 04:27:27.767000+00:00,42.7004,145.5767,19.458,5.3,mww,reviewed,"69 km S of Nemuro, Japan"
2024-07-22 01:07:33.377000+00:00,36.8092,140.853,87.983,4.7,mww,reviewed,"9 km ENE of Kitaibaraki, Japan"
2024-07-25 07:26:09.538000+00:00,38.4369,141.7417,60.536,4.5,mb,reviewed,"25 km E of Onagawa Chō, Japan"
2024-07-28 10:13:22.968000+00:00,39.5239,143.6639,10.0,5.3,mww,reviewed,"147 km E of Yamada, Japan"
2024-07-29 16:25:31.492000+00:00,32.0876,131.4191,66.144,5.2,mww,reviewed,"1 km ENE of Saito, Japan"
2024-07-30 16:47:16.455000+00:00,35.6203,139.4463,125.485,4.6,mb,reviewed,"3 km SW of Tama, Japan"
2024-08-01 14:51:24.107000+00:00,37.2037,142.1897,32.535,4.5,mb,reviewed,"105 km E of Tomioka, Japan"
2024-08-02 22:16:12.113000+00:00,39.5327,143.3218,27.43,4.7,mb,reviewed,"118 km E of Yamada, Japan"
2024-08-04 13:19:49.511000+00:00,43.0821,145.0843,80.47,4.9,mb,reviewed,"19 km ENE of Akkeshi, Japan"
2024-08-08 07:42:55.206000+00:00,31.7599,131.5021,24.0,7.1,mww,reviewed,"2024 Hyuganada Sea, Japan Earthquake"
2024-08-09 10:57:39.340000+00:00,35.4116,139.3122,30.275,5.0,mww,reviewed,"1 km N of Isehara, Japan"
2024-08-10 22:42:43.466000+00:00,31.8606,131.5454,47.204,4.9,mb,reviewed,"13 km ESE of Miyazaki, Japan"
2024-08-13 17:37:18.437000+00:00,31.9866,142.3795,10.0,4.7,mb,reviewed,"Izu Islands, Japan region"
2024-08-15 04:50:58.286000+00:00,30.99,131.5505,38.098,4.5,mb,reviewed,"59 km ENE of Nishinoomote, Japan"
2024-08-17 06:32:09.569000+00:00,32.4687,142.3781,10.0,5.2,mww,reviewed,"Izu Islands, Japan region"
2024-08-18 15:50:49.923000+00:00,36.7354,140.5629,35.0,4.8,mww,reviewed,"13 km W of Takahagi, Japan"
2024-08-19 23:02:12.752000+00:00,42.9276,144.0449,119.604,4.7,mb,reviewed,"5 km SW of Shiranuka, Japan"
2024-08-22 01:51:08.005000+00:00,31.1423,131.4084,51.559,4.5,mb,reviewed,"41 km SSE of Kushima, Japan"
2024-08-23 09:17:41.423000+00:00,30.7945,139.5222,10.0,4.8,mb,reviewed,"Izu Islands, Japan region"
2024-08-24 21:05:28.694000+00:00,32.0101,142.5322,10.0,4.5,mb,reviewed,"Izu Islands, Japan region"
2024-08-28 03:38:45.690000+00:00,30.7035,142.1122,10.0,4.7,mww,reviewed,"Izu Islands, Japan region"
2024-08-31 13:04:14.319000+00:00,31.9125,131.7998,44.209,4.9,mb,reviewed,"36 km E of Miyazaki, Japan"
2024-09-06 11:23:13.902000+00:00,37.0749,141.7751,41.529,4.7,mb,reviewed,"73 km ESE of Tomioka, Japan"
2024-09-07 13:42:52.564000+00:00,32.2043,137.7326,384.984,5.2,mww,reviewed,"230 km SE of Kushimoto, Japan"
2024-09-09 07:17:37.335000+00:00,40.369,141.0621,110.982,4.5,mb,reviewed,"25 km NW of Ichinohe, Japan"
2024-09-12 23:48:17.804000+00:00,30.9789,141.3145,45.941,5.2,mww,reviewed,"Izu Islands, Japan region"
2024-09-14 04:46:06.936000+00:00,42.6745,142.5855,109.259,4.5,mb,reviewed,"38 km ENE of Biratori, Japan"
2024-09-15 11:42:49.979000+00:00,31.5569,131.7598,40.957,4.5,mb,reviewed,"37 km E of Nichinan, Japan"
2024-09-16 14:13:46.241000+00:00,31.6079,131.8109,10.257,5.5,mww,reviewed,"42 km E of Nichinan, Japan"
2024-09-18 20:45:50.885000+00:00,43.2745,146.1205,82.563,4.7,mb,reviewed,"44 km E of Nemuro, Japan"
2024-09-23 23:14:20.196000+00:00,31.5066,140.0417,19.112,5.6,mww,reviewed,"Izu Islands, Japan region"
2024-09-24 17:07:41.507000+00:00,41.5785,143.2834,48.073,4.5,mb,reviewed,"68 km SSE of Honchō, Japan"
2024-09-26 07:01:09.508000+00:00,42.8235,145.0928,50.0,5.5,mww,reviewed,"30 km SE of Akkeshi, Japan"
2024-09-28 17:53:11.656000+00:00,33.1413,137.1754,10.0,4.5,mb,reviewed,"128 km ESE of Shingū, Japan"
2024-10-01 05:20:02.055000+00:00,31.3972,132.3059,21.9,4.7,mb,reviewed,"92 km ESE of Nichinan, Japan"
2024-10-02 14:40:52.638000+00:00,35.53,141.0564,39.0,4.7,mb,reviewed,"30 km SE of Hasaki, Japan"
2024-10-05 19:25:31.212000+00:00,30.349,141.9749,10.0,4.5,mb,reviewed,"Izu Islands, Japan region"
2024-10-09 11:19:41.598000+00:00,37.5509,137.4286,10.0,4.6,mb,reviewed,"58 km NE of Anamizu, Japan"
2024-10-11 01:59:40.176000+00:00,31.9121,142.7308,10.0,4.5,mb,reviewed,"Izu Islands, Japan region"
2024-10-12 12:26:30.722000+00:00,33.433,142.4384,10.0,4.9,mb,reviewed,"272 km SE of Katsuura, Japan"
2024-10-14 11:52:53.788000+00:00,30.0511,131.0517,41.471,4.9,mb,reviewed,"53 km ESE of Koshima, Japan"
2024-10-16 08:53:21.440000+00:00,35.9888,139.9463,81.08,4.6,mb,reviewed,"4 km SW of Mitsukaidō, Japan"
2024-10-18 04:38:07.288000+00:00,40.2403,142.2895,60.402,5.2,mww,reviewed,"42 km ENE of Noda, Japan"
2024-10-19 23:37:35.054000+00:00,42.9029,146.4318,35.0,4.8,mb,reviewed,"83 km SE of Nemuro, Japan"
2024-10-21 14:11:32.872000+00:00,42.7601,143.6798,118.661,4.6,mb,reviewed,"6 km SSE of Honchō, Japan"
2024-10-23 03:12:09.900000+00:00,31.0047,140.9088,70.625,4.6,mb,reviewed,"Izu Islands, Japan region"
2024-10-25 11:17:06.791000+00:00,37.033,142.0607,35.0,4.7,mb,reviewed,"98 km ESE of Tomioka, Japan"
2024-10-28 04:28:58.607000+00:00,39.9986,143.3426,35.0,4.5,mb,reviewed,"126 km ENE of Miyako, Japan"
2024-10-30 06:14:26.974000+00:00,36.1033,139.7223,76.787,4.5,mb,reviewed,"3 km N of Satte, Japan"
2024-10-31 13:12:48.085000+00:00,43.1959,145.9677,50.062,4.6,mb,reviewed,"34 km ESE of Nemuro, Japan"
2024-11-01 14:16:51.290000+00:00,35.8764,140.8206,44.514,4.6,mwr,reviewed,"15 km N of Hasaki, Japan"
2024-11-09 05:00:39.995000+00:00,32.3106,142.4167,10.0,5.0,mb,reviewed,"Izu Islands, Japan region"
2024-11-11 11:50:57.184000+00:00,30.7925,139.8704,186.57,4.8,mb,reviewed,"Izu Islands, Japan region"
2024-11-12 13:48:50.508000+00:00,36.2683,141.3038,42.747,4.5,mb,reviewed,"64 km E of Ōarai, Japan"
2024-11-13 16:34:06.010000+00:00,31.7007,140.5693,60.722,4.5,mb,reviewed,"Izu Islands, Japan region"
2024-11-16 12:22:17.410000+00:00,41.0392,141.0132,9.94,5.0,mb,reviewed,"14 km NNE of Hiranai, Japan"
2024-11-19 18:36:11.645000+00:00,34.0768,138.3387,249.022,5.0,mww,reviewed,"59 km S of Ōyama, Japan"
2024-11-20 06:40:15.398000+00:00,41.0576,141.0694,10.0,4.9,mww,reviewed,"15 km W of Yokohama, Japan"
2024-11-21 17:28:21.963000+00:00,31.7767,131.5927,35.0,4.8,mb,reviewed,"22 km SE of Miyazaki, Japan"
2024-11-23 23:22:32.228000+00:00,40.2025,142.3269,62.367,4.7,mww,reviewed,"44 km ENE of Noda, Japan"
2024-11-24 23:32:53.814000+00:00,31.0288,141.3959,35.0,4.5,mb,reviewed,"Izu Islands, Japan region"
2024-11-26 13:47:03.411000+00:00,36.9549,136.3653,8.0,6.1,mww,reviewed,"38 km WNW of Hakui, Japan"
2024-11-28 19:28:43.622000+00:00,34.2474,141.8469,10.0,4.8,mb,reviewed,"171 km SE of Shinmachi, Japan"
2024-11-30 00:52:29.523000+00:00,37.023,136.4771,10.0,4.8,mww,reviewed,"31 km WNW of Hakui, Japan"
2024-12-02 01:18:43.690000+00:00,32.2923,142.3525,10.0,4.8,mww,reviewed,"Izu Islands, Japan region"
2024-12-03 21:05:26.021000+00:00,33.2848,141.0556,35.0,4.6,mb,reviewed,"216 km SSE of Wada, Japan"
2024-12-05 14:36:01.277000+00:00,32.2879,137.9325,364.311,4.9,mb,reviewed,"240 km ESE of Kushimoto, Japan"
2024-12-06 21:41:53.761000+00:00,42.12,142.1797,13.561,4.6,mb,reviewed,"27 km SSW of Niikappu, Japan"
2024-12-07 22:39:44.842000+00:00,35.5123,140.108,74.306,4.5,mb,reviewed,"2 km ESE of Ichihara, Japan"
2024-12-09 20:33:22.347000+00:00,35.0977,140.5459,49.068,4.8,mwr,reviewed,"19 km ESE of Shinmachi, Japan"
2024-12-11 06:28:03.293000+00:00,31.6261,141.6276,10.0,4.6,mb,reviewed,"Izu Islands, Japan region"
2024-12-12 19:55:19.950000+00:00,30.5343,141.8867,10.0,5.1,mb,reviewed,"Izu Islands, Japan region"
2024-12-16 02:34:00.820000+00:00,30.0363,130.4411,66.417,4.6,mb,reviewed,"22 km S of Yudomari, Japan"
2024-12-17 04:09:33.867000+00:00,31.0848,130.3315,162.337,5.4,mb,reviewed,"20 km S of Makurazaki, Japan"
2024-12-20 18:58:26.893000+00:00,33.2394,140.8067,52.505,4.5,mwr,reviewed,"211 km SSE of Tateyama, Japan"
2024-12-22 07:55:51.387000+00:00,31.845,130.6312,170.684,4.6,mb,reviewed,"12 km NNW of Kajiki, Japan"
2024-12-24 05:01:26.077000+00:00,30.9846,143.1068,10.0,4.6,mb,reviewed,"Izu Islands, Japan region"
2024-12-26 21:02:25.395000+00:00,30.5023,141.8517,7.0,5.8,mww,reviewed,"Izu Islands, Japan region"
2024-12-28 02:10:34.211000+00:00,30.414,142.0074,10.0,4.6,mb,reviewed,"Izu Islands, Japan region"
2025-01-03 04:33:02.991000+00:00,33.4828,142.1515,10.0,4.8,mb,reviewed,"250 km SE of Katsuura, Japan"
2025-01-05 13:35:00.645000+00:00,33.4555,142.0606,17.82,4.9,mb,reviewed,"246 km SE of Katsuura, Japan"
2025-01-06 16:44:39.772000+00:00,35.8134,142.081,10.0,5.1,mww,reviewed,"113 km E of Hasaki, Japan"
2025-01-07 08:31:30.553000+00:00,31.6194,138.4289,358.0,5.6,mww,reviewed,"Izu Islands, Japan region"
2025-01-08 14:40:29.385000+00:00,30.0812,131.1826,20.716,4.7,mb,reviewed,"61 km ESE of Koseda, Japan"
2025-01-13 12:19:32.252000+00:00,31.8326,131.5525,39.0,6.8,mww,reviewed,"15 km SE of Miyazaki, Japan"
2025-01-14 17:12:39.509000+00:00,31.7088,131.8103,37.94,5.3,mww,reviewed,"43 km ENE of Nichinan, Japan"
2025-01-15 22:38:22.246000+00:00,41.5847,142.0528,55.333,4.8,mwr,reviewed,"77 km ENE of Mutsu, Japan"
2025-01-17 12:35:42.946000+00:00,33.1851,141.8607,10.0,4.6,mb,reviewed,"260 km SSE of Katsuura, Japan"
2025-01-20 18:14:37.084000+00:00,38.8131,141.5197,76.386,4.6,mb,reviewed,"33 km SSW of Ōfunato, Japan"
2025-01-22 17:49:29.759000+00:00,37.0225,139.311,10.0,4.8,mww,reviewed,"20 km NNE of Katashina, Japan"
2025-01-24 03:30:06.508000+00:00,30.8267,142.1121,10.0,4.5,mb,reviewed,"Izu Islands, Japan region"
2025-01-27 05:06:46.920000+00:00,31.7886,131.7197,52.085,4.5,mb,reviewed,"32 km ESE of Miyazaki, Japan"
2025-02-07 03:36:01.102000+00:00,43.2799,142.6954,160.03,4.9,mb,reviewed,"25 km NNW of Shintoku, Japan"
2025-02-09 08:32:17.806000+00:00,30.4506,142.1369,10.0,4.8,mb,reviewed,"Izu Islands, Japan region"
2025-02-10 14:16:55.496000+00:00,41.6821,141.3324,89.55,5.0,mww,reviewed,"39 km ENE of Ōma, Japan"
2025-02-12 21:04:28.710000+00:00,38.3638,142.1429,38.366,5.1,mb,reviewed,"61 km E of Onagawa Chō, Japan"
2025-02-15 11:34:12.137000+00:00,41.1122,142.853,43.662,4.9,mb,reviewed,"112 km S of Honchō, Japan"
2025-02-20 00:56:51.729000+00:00,37.1163,136.0548,311.039,4.8,mb,reviewed,"69 km WNW of Hakui, Japan"
2025-02-21 13:01:48.588000+00:00,37.5777,141.3953,69.05,4.8,mww,reviewed,"36 km ENE of Namie, Japan"
2025-02-22 13:07:36.557000+00:00,40.9833,143.1045,51.787,4.6,mb,reviewed,"128 km S of Honchō, Japan"
2025-02-23 19:08:59.109000+00:00,36.979,136.4143,4.508,4.9,mww,reviewed,"34 km WNW of Hakui, Japan"
2025-02-26 05:53:24.392000+00:00,33.6039,136.3654,388.0,5.8,mww,reviewed,"38 km ESE of Shingū, Japan"
2025-02-26 13:49:02.765000+00:00,30.6656,142.1625,10.0,4.5,mb,reviewed,"Izu Islands, Japan region"
2025-03-01 13:17:03.852000+00:00,38.1696,141.7537,66.974,4.5,mb,reviewed,"40 km SE of Onagawa Chō, Japan"
2025-03-03 03:50:59.761000+00:00,36.3861,139.15,148.482,4.5,mb,reviewed,"6 km ESE of Maebashi, Japan"
2025-03-08 07:12:17.150000+00:00,40.2125,142.2891,57.12,5.2,mww,reviewed,"41 km ENE of Noda, Japan"
2025-03-10 00:51:37.846000+00:00,43.5016,139.731,203.556,4.8,mb,reviewed,"77 km WNW of Furubira, Japan"
2025-03-11 02:41:24.083000+00:00,42.5216,143.9728,75.882,4.8,mb,reviewed,"41 km SE of Honchō, Japan"
2025-03-12 14:20:16.662000+00:00,36.9475,140.2939,98.684,4.5,mb,reviewed,"10 km W of Hanawa, Japan"
2025-03-15 13:50:06.450000+00:00,42.8594,141.9391,143.075,4.5,mb,reviewed,"9 km ENE of Abira, Japan"
2025-03-17 20:00:35.954000+00:00,32.4841,130.5885,19.966,4.8,mb,reviewed,"2 km SSW of Honmachi, Japan"
2025-03-19 04:25:15.777000+00:00,37.0686,136.6514,12.226,4.6,mww,reviewed,"23 km NNW of Hakui, Japan"
2025-03-20 09:15:40.169000+00:00,37.2466,138.7822,176.212,4.5,mb,reviewed,"6 km SSW of Ojiya, Japan"
2025-03-28 19:45:14.663000+00:00,31.1041,131.5547,34.124,4.7,mb,reviewed,"51 km SE of Kushima, Japan"
2025-03-30 12:30:55.267000+00:00,38.5054,142.6996,35.0,4.8,mb,reviewed,"106 km SE of Ōfunato, Japan"
2025-04-02 14:03:57.825000+00:00,30.9792,131.522,29.0,6.1,mww,reviewed,"56 km ENE of Nishinoomote, Japan"
2025-04-04 21:12:23.261000+00:00,40.9606,141.9106,59.795,4.6,mb,reviewed,"53 km NE of Misawa, Japan"
2025-04-07 00:52:12.615000+00:00,35.8056,140.9035,21.953,4.7,mww,reviewed,"10 km NE of Hasaki, Japan"
2025-04-09 23:33:22.076000+00:00,39.2719,141.7675,65.437,4.5,mb,reviewed,"8 km W of Kamaishi, Japan"
2025-04-13 20:38:06.314000+00:00,31.0533,131.5339,27.249,4.5,mb,reviewed,"55 km SSE of Kushima, Japan"
2025-04-14 22:17:25.107000+00:00,43.1449,146.078,71.066,4.6,mb,reviewed,"45 km ESE of Nemuro, Japan"
2025-04-16 22:16:31.245000+00:00,42.3267,143.0352,65.147,4.5,mb,reviewed,"22 km WNW of Hiroo, Japan"
2025-04-18 11:19:28.740000+00:00,36.5089,137.8844,10.0,4.8,mwr,reviewed,"1 km ENE of Ōmachi, Japan"
2025-04-20 06:11:07.513000+00:00,35.4329,140.038,85.576,4.5,mb,reviewed,"10 km SSW of Ichihara, Japan"
2025-04-21 16:48:05.368000+00:00,37.4573,141.6593,40.06,4.6,mb,reviewed,"58 km E of Namie, Japan"
2025-04-22 22:21:52.823000+00:00,41.1066,142.9984,51.297,4.6,mb,reviewed,"113 km S of Honchō, Japan"
2025-04-24 00:07:53.351000+00:00,40.4933,141.8368,65.988,4.5,mb,reviewed,"28 km E of Hachinohe, Japan"
2025-04-28 06:37:26.132000+00:00,41.9007,142.5311,62.248,4.6,mb,reviewed,"35 km SW of Urakawa, Japan"
2025-05-04 03:35:42.731000+00:00,35.6059,139.6685,77.823,4.5,mb,reviewed,"7 km SSW of Motoyoyogichō, Japan"
2025-05-07 02:15:26.359000+00:00,30.0282,131.1112,35.0,4.6,mb,reviewed,"59 km SE of Koseda, Japan"
2025-05-09 03:24:04.593000+00:00,41.7225,143.4689,40.341,4.5,mb,reviewed,"63 km SSE of Hiroo, Japan"
2025-05-12 14:54:29.916000+00:00,41.5868,142.0431,60.667,5.3,mww,reviewed,"76 km ENE of Mutsu, Japan"
2025-05-13 23:51:56.835000+00:00,33.8177,141.5992,10.0,4.5,mb,reviewed,"188 km SE of Katsuura, Japan"
2025-05-15 13:05:49.705000+00:00,42.7965,143.3431,101.081,4.8,mww,reviewed,"16 km SSW of Ikeda, Japan"
2025-05-18 00:32:20.630000+00:00,43.0293,146.4534,35.0,4.6,mb,reviewed,"78 km ESE of Nemuro, Japan"
2025-05-19 03:14:40.863000+00:00,37.1642,141.3804,10.0,4.7,mb,reviewed,"37 km ESE of Tomioka, Japan"
2025-05-21 11:32:42.327000+00:00,31.3589,140.9594,53.822,4.6,mb,reviewed,"Izu Islands, Japan region"
2025-05-22 21:28:00.611000+00:00,41.9147,142.532,48.0,5.4,mww,reviewed,"33 km SW of Urakawa, Japan"
2025-05-26 08:47:44.855000+00:00,42.2681,143.1149,65.431,5.3,mww,reviewed,"15 km W of Hiroo, Japan"
2025-05-31 08:37:17.097000+00:00,42.2705,144.4895,21.0,6.0,mww,reviewed,"78 km S of Kushiro, Japan"
2025-06-01 18:51:52.960000+00:00,41.7431,143.6866,27.0,5.8,mww,reviewed,"68 km SSE of Hiroo, Japan"
2025-06-03 13:18:28.018000+00:00,41.7865,143.4834,42.826,5.1,mww,reviewed,"57 km SSE of Hiroo, Japan"
2025-06-04 19:55:19.879000+00:00,42.3005,144.6126,41.853,4.5,mb,reviewed,"77 km SSE of Kushiro, Japan"
2025-06-07 05:40:19.043000+00:00,41.2787,142.398,54.639,4.5,mb,reviewed,"98 km ENE of Yokohama, Japan"
2025-06-12 03:49:20.169000+00:00,33.5438,138.2464,10.0,4.9,mww,reviewed,"117 km S of Ōyama, Japan"
2025-06-14 04:21:50.864000+00:00,30.5605,141.6086,10.0,4.6,mb,reviewed,"Izu Islands, Japan region"
2025-06-14 10:47:01.673000+00:00,38.5813,142.0012,58.365,5.0,mww,reviewed,"50 km ENE of Onagawa Chō, Japan"
2025-06-18 23:08:06.586000+00:00,42.9403,146.4787,19.0,5.9,mww,reviewed,"84 km ESE of Nemuro, Japan"
2025-06-21 21:23:18.562000+00:00,42.8951,146.4037,18.0,6.0,mww,reviewed,"82 km SE of Nemuro, Japan"
2025-06-23 17:55:12.519000+00:00,42.2035,144.6299,34.552,4.8,mb,reviewed,"88 km SSE of Kushiro, Japan"
2025-06-25 09:08:47.775000+00:00,36.576,143.8286,10.0,4.7,mww,reviewed,"264 km ESE of Tomioka, Japan"
2025-06-26 23:56:01.762000+00:00,36.5389,140.4701,63.208,4.6,mb,reviewed,"4 km ESE of Ōmiya, Japan"
2025-07-01 20:18:05.835000+00:00,30.5618,130.9918,45.075,4.7,mb,reviewed,"19 km S of Nishinoomote, Japan"
2025-07-04 18:14:34.608000+00:00,36.6939,142.0931,21.461,4.8,mww,reviewed,"114 km ESE of Iwaki, Japan"
2025-07-09 12:31:59.987000+00:00,30.6514,140.162,10.0,5.3,mww,reviewed,"Izu Islands, Japan region"
2025-07-13 10:46:42.631000+00:00,36.0774,142.5814,10.0,4.6,mb,reviewed,"162 km ENE of Hasaki, Japan"
2025-07-15 14:47:10.380000+00:00,36.4413,140.6382,50.873,4.9,mww,reviewed,"7 km ESE of Funaishikawa, Japan"
2025-07-16 02:12:09.190000+00:00,42.0602,139.5657,190.876,4.6,mb,reviewed,"48 km WNW of Otobe, Japan"
2025-07-17 18:44:10.401000+00:00,41.2125,142.9725,45.06,4.8,mb,reviewed,"101 km S of Honchō, Japan"
2025-07-28 03:10:28.080000+00:00,42.3044,143.0558,57.999,5.2,mww,reviewed,"20 km W of Hiroo, Japan"
2025-07-30 07:15:14.409000+00:00,42.8047,146.6813,29.954,4.6,mb,reviewed,"106 km ESE of Nemuro, Japan"
2025-08-01 22:27:37.276000+00:00,42.3163,145.5206,25.169,5.4,mww,reviewed,"96 km SE of Akkeshi, Japan"
2025-08-06 23:47:47.570000+00:00,33.1397,131.1214,9.817,4.9,mb,reviewed,"15 km SSW of Tsukawaki, Japan"
2025-08-08 10:29:19.984000+00:00,36.4192,141.5995,35.0,4.7,mb,reviewed,"85 km ESE of Takahagi, Japan"
2025-08-12 09:11:13.041000+00:00,42.2972,144.7893,35.0,5.4,mww,reviewed,"82 km S of Akkeshi, Japan"
2025-08-13 19:13:38.598000+00:00,36.4922,141.167,50.136,4.9,mww,reviewed,"47 km ESE of Takahagi, Japan"
2025-08-15 10:39:54.447000+00:00,33.3671,141.0696,35.0,4.5,mb,reviewed,"209 km SSE of Wada, Japan"
2025-08-16 21:13:14.873000+00:00,32.0131,131.811,30.0,5.5,mww,reviewed,"32 km ESE of Takanabe, Japan"
2025-08-18 22:19:22.794000+00:00,42.033,140.5262,128.361,5.1,mww,reviewed,"20 km NW of Honchō, Japan"
2025-08-21 22:34:44.484000+00:00,38.757,142.309,40.0,5.6,mww,reviewed,"62 km SE of Ōfunato, Japan"
2025-08-28 19:54:32.289000+00:00,36.6497,141.0197,91.72,4.6,mb,reviewed,"28 km ESE of Takahagi, Japan"
2025-08-29 16:29:22.449000+00:00,38.4534,142.0646,51.698,5.5,mww,reviewed,"53 km E of Onagawa Chō, Japan"
2025-09-02 03:32:31.323000+00:00,30.6722,140.1285,10.0,5.3,mww,reviewed,"Izu Islands, Japan region"
2025-09-04 10:23:57.484000+00:00,39.1271,142.8068,35.0,4.5,mb,reviewed,"82 km ESE of Ōtsuchi, Japan"
2025-09-05 12:21:49.442000+00:00,33.3622,139.1847,10.0,4.5,mb,reviewed,"147 km S of Shimoda, Japan"
2025-09-06 17:33:06.845000+00:00,32.25,142.1296,10.0,4.6,mb,reviewed,"Izu Islands, Japan region"
2025-09-08 03:45:47.580000+00:00,32.4076,141.7538,10.0,4.6,mb,reviewed,"Izu Islands, Japan region"
2025-09-10 05:10:58.189000+00:00,39.2316,144.806,10.0,4.6,mb,reviewed,"247 km E of Yamada, Japan"
2025-09-13 00:17:55.018000+00:00,32.8985,141.7533,10.0,4.9,mb,reviewed,"282 km SSE of Katsuura, Japan"
2025-09-19 18:02:15.404000+00:00,36.1945,140.8465,38.872,4.6,mb,reviewed,"27 km ESE of Ōarai, Japan"
2025-09-22 21:51:34.178000+00:00,36.4089,142.5801,10.0,4.5,mb,reviewed,"167 km ESE of Iwaki, Japan"
2025-09-25 00:14:28.920000+00:00,37.7701,144.1904,10.0,4.6,mb,reviewed,"251 km ESE of Onagawa Chō, Japan"
2025-09-26 10:34:30.231000+00:00,37.8687,144.0451,10.0,4.6,mb,reviewed,"236 km ESE of Onagawa Chō, Japan"
2025-09-27 13:37:17.571000+00:00,37.6699,144.22,10.0,4.8,mb,reviewed,"258 km ESE of Onagawa Chō, Japan"
2025-09-29 17:28:04.469000+00:00,37.9653,144.0844,10.0,4.6,mb,reviewed,"237 km ESE of Onagawa Chō, Japan"
2025-10-01 17:40:53.379000+00:00,38.0037,143.8548,10.0,4.5,mb,reviewed,"216 km ESE of Onagawa Chō, Japan"
2025-10-03 06:20:20.881000+00:00,37.3914,141.0693,73.977,4.6,mb,reviewed,"7 km NE of Tomioka, Japan"
2025-10-04 15:21:10.042000+00:00,37.4213,141.5524,54.164,5.9,mww,reviewed,"48 km ENE of Tomioka, Japan"
2025-10-07 00:30:24.878000+00:00,37.5736,141.2916,57.767,5.1,mww,reviewed,"27 km ENE of Namie, Japan"
2025-10-11 03:22:01.003000+00:00,30.3738,138.5037,433.883,4.8,mb,reviewed,"Izu Islands, Japan region"
2025-10-13 03:25:45.255000+00:00,38.6088,142.4483,46.216,4.7,mb,reviewed,"81 km SE of Ōfunato, Japan"
2025-10-14 03:34:24.069000+00:00,39.6117,139.4794,11.854,4.6,mb,reviewed,"52 km SW of Tennō, Japan"
2025-10-20 19:04:06.258000+00:00,35.458,135.4764,360.075,5.1,mww,reviewed,"7 km WSW of Takahama, Japan"
2025-10-22 09:17:34.017000+00:00,42.9793,145.3836,58.831,4.9,mww,reviewed,"41 km SSW of Nemuro, Japan"
2025-10-24 16:40:09.289000+00:00,42.9716,145.7509,34.0,5.7,mww,reviewed,"41 km SSE of Nemuro, Japan"
2025-10-26 03:04:55.283000+00:00,36.6074,139.3644,12.413,4.6,mb,reviewed,"19 km NNE of Midori, Japan"
2025-10-30 08:00:55.041000+00:00,37.2862,141.1785,25.551,4.6,mb,reviewed,"15 km ESE of Tomioka, Japan"
2025-11-02 09:57:54.853000+00:00,40.0203,143.5318,10.0,4.9,mb,reviewed,"142 km ENE of Miyako, Japan"
2025-11-03 19:16:04.637000+00:00,39.353,143.6134,10.0,5.2,mww,reviewed,"143 km E of Yamada, Japan"
2025-11-04 22:17:29.328000+00:00,34.7242,140.9772,35.0,4.7,mww,reviewed,"76 km SE of Shinmachi, Japan"
2025-11-06 16:23:24.758000+00:00,32.0697,131.9259,47.528,4.9,mb,reviewed,"39 km ESE of Tsunō, Japan"
2025-11-08 22:15:08.771000+00:00,39.5022,143.416,16.186,5.6,mww,reviewed,"126 km E of Yamada, Japan"
2025-11-09 08:03:39.367000+00:00,39.485,143.3782,18.0,6.8,mww,reviewed,"122 km E of Yamada, Japan"
2025-11-10 07:23:17.302000+00:00,39.5665,143.4526,11.0,6.0,mww,reviewed,"129 km E of Yamada, Japan"
2025-11-12 00:29:22.782000+00:00,39.8001,143.2245,35.0,5.3,mww,reviewed,"111 km E of Miyako, Japan"
2025-11-13 00:54:36.179000+00:00,36.0823,141.7035,27.952,4.7,mww,reviewed,"87 km ENE of Hasaki, Japan"
2025-11-13 19:58:01.308000+00:00,39.3076,143.5312,10.0,5.2,mww,reviewed,"137 km E of Yamada, Japan"
2025-11-15 18:06:23.157000+00:00,39.7127,143.2251,29.58,4.7,mb,reviewed,"110 km E of Miyako, Japan"
2025-11-17 19:06:33.260000+00:00,39.7639,143.2167,17.622,5.2,mww,reviewed,"110 km E of Miyako, Japan"
2025-11-19 02:23:19.086000+00:00,39.216,143.4481,10.0,5.0,mb,reviewed,"132 km ESE of Yamada, Japan"
2025-11-21 12:22:04.100000+00:00,39.6845,143.5003,11.0,5.5,mww,reviewed,"133 km E of Miyako, Japan"
2025-11-25 09:01:17.570000+00:00,33.0317,131.0814,10.0,5.3,mww,reviewed,"10 km N of Aso, Japan"
2025-11-26 16:43:57.594000+00:00,42.4544,144.2913,81.265,5.0,mb,reviewed,"58 km S of Kushiro, Japan"
2025-11-27 20:33:59.988000+00:00,39.5266,143.5987,10.0,4.5,mb,reviewed,"141 km E of Yamada, Japan"
2025-11-30 17:25:49.939000+00:00,38.1966,141.8948,54.948,4.6,mwr,reviewed,"47 km SE of Onagawa Chō, Japan"
2025-12-02 10:03:05.574000+00:00,42.94,145.4636,52.509,5.0,mwr,reviewed,"43 km SSW of Nemuro, Japan"
2025-12-07 00:16:46.480000+00:00,39.5461,143.3292,31.708,4.9,mb,reviewed,"118 km E of Yamada, Japan"
2025-12-08 14:15:09.896000+00:00,40.9984,142.1836,40.72,7.6,mww,reviewed,"2025 Aomori Prefecture, Japan Earthquake"
2025-12-10 14:52:24.118000+00:00,40.9018,142.6725,33.0,5.7,mww,reviewed,"108 km ENE of Hachinohe, Japan"
2025-12-11 22:09:19.485000+00:00,41.1264,142.8124,28.976,5.0,mww,reviewed,"111 km S of Honchō, Japan"
2025-12-12 02:44:12.662000+00:00,40.8342,142.7767,19.0,6.7,mww,reviewed,"111 km NE of Kuji, Japan"
2025-12-13 05:59:44.006000+00:00,41.0241,142.1743,66.79,4.6,mb,reviewed,"76 km ENE of Misawa, Japan"
2025-12-14 07:58:11.223000+00:00,39.8072,143.6256,10.0,5.0,mb,reviewed,"145 km E of Miyako, Japan"
2025-12-16 05:38:51.392000+00:00,40.9185,143.0238,35.0,5.0,mww,reviewed,"133 km NE of Kuji, Japan"
2025-12-17 09:50:18.556000+00:00,41.2916,142.346,51.965,5.0,mb,reviewed,"94 km E of Mutsu, Japan"
2025-12-20 12:30:32.222000+00:00,42.7172,145.9797,41.616,5.3,mww,reviewed,"75 km SSE of Nemuro, Japan"
2025-12-21 01:29:03.535000+00:00,40.8014,142.0514,57.224,5.4,mww,reviewed,"57 km ENE of Misawa, Japan"
2025-12-23 09:44:22.202000+00:00,33.1242,137.7749,334.154,5.2,mww,reviewed,"160 km SSE of Shima, Japan"
2025-12-25 16:17:41.849000+00:00,41.1736,142.4158,55.17,5.6,mww,reviewed,"98 km E of Yokohama, Japan"
2025-12-30 06:04:12.828000+00:00,31.4462,140.1365,10.0,4.6,mb,reviewed,"Izu Islands, Japan region"
2025-12-31 14:26:57.992000+00:00,40.1161,142.9454,27.0,6.0,mww,reviewed,"96 km E of Noda, Japan"
2026-01-06 01:18:48.462000+00:00,35.3043,133.0954,10.0,5.7,mww,reviewed,"18 km SW of Yasugichō, Japan"
2026-01-06 18:04:44.197000+00:00,41.4212,142.1024,54.374,4.9,mww,reviewed,"75 km E of Mutsu, Japan"
2026-01-09 09:56:53.768000+00:00,40.2634,140.8942,10.0,4.6,mb,reviewed,"12 km NE of Hanawa, Japan"
2026-01-11 04:15:37.808000+00:00,39.5945,141.6518,83.369,4.9,mww,reviewed,"25 km WSW of Miyako, Japan"
2026-01-12 16:58:53.101000+00:00,45.1266,142.3078,10.0,4.7,mww,reviewed,"5 km W of Hamatonbetsu, Japan"
2026-01-14 22:13:16.026000+00:00,42.7287,145.5068,30.0,5.5,mww,reviewed,"63 km ESE of Akkeshi, Japan"
2026-01-15 14:44:04.357000+00:00,37.4687,142.7801,27.514,4.5,mb,reviewed,"156 km E of Tomioka, Japan"
2026-01-16 19:34:14.532000+00:00,41.2871,142.595,37.4,5.3,mww,reviewed,"97 km SSW of Honchō, Japan"
2026-01-18 09:46:53.892000+00:00,42.5331,145.0566,35.0,4.8,mb,reviewed,"58 km SSE of Akkeshi, Japan"
2026-01-20 17:51:41.403000+00:00,41.4231,141.9872,62.109,5.3,mww,reviewed,"66 km ENE of Mutsu, Japan"
2026-01-22 14:31:31.001000+00:00,41.1383,142.3698,55.847,5.3,mww,reviewed,"94 km E of Yokohama, Japan"
2026-01-23 21:20:04.282000+00:00,36.7319,140.3402,55.596,4.5,mb,reviewed,"3 km SSW of Daigo, Japan"
2026-01-26 00:20:27.563000+00:00,39.928,141.7796,78.163,4.5,mb,reviewed,"8 km NNW of Iwaizumi, Japan"
2026-01-27 02:47:30.039000+00:00,42.9662,146.3815,35.0,5.2,mb,reviewed,"76 km ESE of Nemuro, Japan"
2026-01-28 10:45:51.758000+00:00,40.2618,143.061,26.615,5.1,mww,reviewed,"107 km E of Noda, Japan"
2026-01-30 11:03:21.535000+00:00,39.9293,143.1134,35.0,4.6,mb,reviewed,"105 km ENE of Miyako, Japan"
2026-02-02 21:58:48.664000+00:00,37.6259,142.3813,35.0,4.6,mb,reviewed,"122 km SE of Onagawa Chō, Japan"
2026-02-05 00:19:46.878000+00:00,35.561,140.4428,57.38,4.6,mb,reviewed,"4 km SSE of Narutō, Japan"
2026-02-06 15:58:26.479000+00:00,36.0219,139.6646,95.023,4.7,mb,reviewed,"0 km NE of Shiraoka, Japan"
2026-02-08 01:59:35.462000+00:00,36.3608,141.813,35.0,4.9,mb,reviewed,"105 km ESE of Takahagi, Japan"
2026-02-10 18:52:00.971000+00:00,35.5228,143.7452,10.0,4.9,mww,reviewed,"264 km E of Hasaki, Japan"
2026-02-13 04:58:56.619000+00:00,37.7974,138.9365,171.42,4.8,mb,reviewed,"7 km NE of Maki, Japan"
2026-02-16 04:59:57.384000+00:00,40.3204,142.3565,51.667,4.6,mb,reviewed,"51 km ENE of Noda, Japan"
2026-02-18 22:40:27.749000+00:00,37.3776,141.9316,35.308,4.6,mb,reviewed,"81 km E of Tomioka, Japan"
2026-02-20 14:16:31.286000+00:00,41.5548,142.0269,63.223,5.3,mww,reviewed,"73 km ENE of Mutsu, Japan"
2026-02-23 23:03:40.996000+00:00,36.9958,137.0555,260.134,4.8,mww,reviewed,"9 km SE of Nanao, Japan"
2026-02-25 09:07:44.881000+00:00,32.0722,132.7034,11.918,5.2,mww,reviewed,"95 km S of Sukumo, Japan"
